reservation_id,guest_id,stay_number,checkin_date,checkin_day,length_of_stay,lead_time_days,purpose,room_category,rate_type,nightly_rate,room_revenue,satisfaction_score,nps,rebooked_direct
R00001,G0001,1,2023-03-09,Thursday,6,64,Leisure,Deluxe,BAR,213.65,1281.9,7.2,Passive,False
R00002,G0002,1,2024-12-09,Wednesday,5,21,Leisure,Deluxe,OTA Rate,198.51,992.55,6.2,Detractor,False
R00003,G0002,2,2023-01-04,Friday,5,28,Bleisure,Suite,OTA Rate,379.46,1897.3,7.1,Passive,False
R00004,G0003,1,2023-11-19,Wednesday,6,5,Leisure,Suite,OTA Rate,401.63,2409.78,7.9,Passive,False
R00005,G0003,2,2024-03-14,Wednesday,4,6,Leisure,Junior Suite,OTA Rate,287.62,1150.48,6.8,Detractor,False
R00006,G0003,3,2024-08-31,Friday,6,28,Leisure,Deluxe,OTA Rate,185.91,1115.46,6.8,Detractor,False
R00007,G0004,1,2023-01-18,Sunday,7,78,Leisure,Deluxe,BAR,191.85,1342.95,8.5,Passive,True
R00008,G0004,2,2023-12-10,Saturday,6,76,Leisure,Deluxe,BAR,213.76,1282.56,8.1,Passive,False
R00009,G0004,3,2023-11-05,Sunday,7,75,Leisure,Deluxe,Package,210.79,1475.53,7.1,Passive,False
R00010,G0005,1,2023-01-22,Friday,4,12,Bleisure,Junior Suite,OTA Rate,265.54,1062.16,6.7,Detractor,False
R00011,G0005,2,2024-12-13,Friday,7,7,Leisure,Suite,OTA Rate,386.68,2706.76,6.2,Detractor,False
R00012,G0006,1,2023-04-21,Sunday,7,83,Leisure,Presidential Suite,Loyalty Rate,661.14,4627.98,8.0,Passive,False
R00013,G0006,2,2024-06-23,Friday,2,56,Business,Junior Suite,Loyalty Rate,264.88,529.76,8.9,Passive,True
R00014,G0006,3,2023-02-12,Saturday,6,29,Leisure,Junior Suite,Loyalty Rate,264.16,1584.96,7.2,Passive,False
R00015,G0006,4,2023-12-22,Sunday,5,32,Bleisure,Suite,Loyalty Rate,377.72,1888.6,7.3,Passive,False
R00016,G0006,5,2024-09-30,Wednesday,5,50,Leisure,Deluxe,Loyalty Rate,178.18,890.9,8.3,Passive,False
R00017,G0006,6,2023-08-11,Saturday,2,76,Bleisure,Junior Suite,Loyalty Rate,255.57,511.14,7.9,Passive,False
R00018,G0006,7,2023-01-01,Monday,2,78,Business,Suite,BAR,345.34,690.68,9.0,Promoter,True
R00019,G0006,8,2023-10-05,Thursday,2,88,Business,Presidential Suite,Loyalty Rate,596.4,1192.8,8.0,Passive,False
R00020,G0006,9,2023-12-30,Thursday,2,68,Business,Junior Suite,Package,262.07,524.14,7.6,Passive,False
R00021,G0007,1,2023-11-06,Wednesday,5,26,Leisure,Junior Suite,OTA Rate,281.46,1407.3,7.9,Passive,False
R00022,G0007,2,2023-07-24,Friday,5,10,Leisure,Standard,OTA Rate,148.06,740.3,6.8,Detractor,False
R00023,G0007,3,2024-10-05,Wednesday,5,5,Leisure,Junior Suite,OTA Rate,281.86,1409.3,7.1,Passive,False
R00024,G0007,4,2024-05-30,Saturday,5,14,Leisure,Junior Suite,OTA Rate,291.55,1457.75,5.9,Detractor,False
R00025,G0008,1,2024-04-17,Wednesday,3,31,Business,Junior Suite,BAR,275.2,825.6,6.4,Detractor,False
R00026,G0009,1,2024-06-08,Saturday,4,2,Bleisure,Deluxe,OTA Rate,193.24,772.96,6.4,Detractor,False
R00027,G0009,2,2024-02-17,Friday,6,15,Leisure,Junior Suite,OTA Rate,259.75,1558.5,5.7,Detractor,False
R00028,G0010,1,2023-10-04,Saturday,4,90,Leisure,Standard,BAR,152.31,609.24,7.5,Passive,False
R00029,G0010,2,2023-12-06,Tuesday,6,79,Leisure,Junior Suite,BAR,273.63,1641.78,7.0,Passive,False
R00030,G0010,3,2023-05-28,Sunday,3,42,Leisure,Suite,Package,388.31,1164.93,7.3,Passive,False
R00031,G0011,1,2024-10-05,Sunday,2,83,Bleisure,Deluxe,BAR,191.05,382.1,6.7,Detractor,False
R00032,G0011,2,2023-06-06,Tuesday,2,52,Leisure,Standard,BAR,160.16,320.32,9.0,Promoter,True
R00033,G0011,3,2023-02-26,Thursday,5,44,Leisure,Junior Suite,Package,287.93,1439.65,7.5,Passive,False
R00034,G0012,1,2024-09-19,Sunday,6,14,Leisure,Standard,OTA Rate,137.5,825.0,6.5,Detractor,False
R00035,G0012,2,2023-05-26,Saturday,7,24,Leisure,Junior Suite,OTA Rate,263.95,1847.65,8.3,Passive,False
R00036,G0012,3,2024-05-06,Saturday,6,12,Leisure,Junior Suite,OTA Rate,270.87,1625.22,6.6,Detractor,False
R00037,G0012,4,2024-12-15,Friday,5,1,Leisure,Deluxe,OTA Rate,186.19,930.95,7.8,Passive,False
R00038,G0012,5,2024-02-03,Tuesday,7,15,Business,Standard,OTA Rate,154.65,1082.55,6.0,Detractor,False
R00039,G0013,1,2023-05-23,Saturday,4,22,Leisure,Presidential Suite,Loyalty Rate,653.97,2615.88,6.7,Detractor,False
R00040,G0013,2,2024-05-30,Friday,3,70,Business,Junior Suite,Loyalty Rate,241.37,724.11,8.3,Passive,False
R00041,G0013,3,2024-11-02,Friday,7,38,Leisure,Deluxe,BAR,175.18,1226.26,8.7,Passive,True
R00042,G0013,4,2024-10-22,Sunday,6,105,Leisure,Deluxe,BAR,179.24,1075.44,8.2,Passive,False
R00043,G0013,5,2024-11-05,Tuesday,4,96,Leisure,Presidential Suite,Loyalty Rate,637.31,2549.24,8.0,Passive,False
R00044,G0014,1,2024-02-18,Monday,3,6,Business,Standard,OTA Rate,149.97,449.91,6.5,Detractor,False
R00045,G0014,2,2024-05-26,Friday,3,25,Leisure,Junior Suite,OTA Rate,283.25,849.75,5.8,Detractor,False
R00046,G0014,3,2023-08-31,Friday,3,29,Business,Standard,OTA Rate,155.93,467.79,6.4,Detractor,False
R00047,G0015,1,2023-03-07,Tuesday,1,23,Business,Deluxe,BAR,207.89,207.89,6.4,Detractor,False
R00048,G0016,1,2023-01-31,Friday,7,15,Leisure,Standard,OTA Rate,156.23,1093.61,7.1,Passive,False
R00049,G0016,2,2024-08-10,Wednesday,5,15,Leisure,Deluxe,OTA Rate,188.91,944.55,6.9,Detractor,False
R00050,G0017,1,2023-06-15,Wednesday,1,5,Business,Suite,Corporate Rate,344.3,344.3,7.0,Passive,False
R00051,G0017,2,2024-11-15,Monday,1,3,Business,Junior Suite,Corporate Rate,234.58,234.58,9.0,Promoter,True
R00052,G0017,3,2023-03-15,Thursday,3,19,Business,Suite,Corporate Rate,352.41,1057.23,8.4,Passive,False
R00053,G0017,4,2024-08-07,Friday,4,20,Bleisure,Presidential Suite,Corporate Rate,615.23,2460.92,8.2,Passive,False
R00054,G0017,5,2024-03-25,Tuesday,1,21,Business,Deluxe,Corporate Rate,174.77,174.77,9.2,Promoter,True
R00055,G0017,6,2023-05-01,Monday,3,13,Business,Standard,Corporate Rate,131.44,394.32,9.5,Promoter,True
R00056,G0017,7,2023-09-15,Tuesday,1,12,Business,Deluxe,Corporate Rate,170.65,170.65,9.4,Promoter,False
R00057,G0017,8,2024-09-17,Tuesday,1,20,Business,Suite,Corporate Rate,323.62,323.62,8.0,Passive,False
R00058,G0017,9,2024-04-27,Sunday,7,3,Leisure,Standard,Corporate Rate,125.48,878.36,8.5,Passive,True
R00059,G0017,10,2023-03-02,Wednesday,3,13,Business,Presidential Suite,Corporate Rate,605.57,1816.71,9.0,Promoter,False
R00060,G0017,11,2023-08-30,Thursday,3,4,Business,Junior Suite,Corporate Rate,225.17,675.51,9.5,Promoter,True
R00061,G0017,12,2024-09-19,Sunday,5,7,Leisure,Junior Suite,Corporate Rate,224.36,1121.8,8.3,Passive,False
R00062,G0017,13,2023-02-06,Tuesday,2,16,Business,Suite,Corporate Rate,350.38,700.76,8.6,Passive,False
R00063,G0017,14,2023-08-22,Monday,1,20,Business,Suite,Corporate Rate,334.34,334.34,7.8,Passive,False
R00064,G0017,15,2024-12-01,Saturday,2,15,Bleisure,Suite,Corporate Rate,346.95,693.9,7.7,Passive,False
R00065,G0017,16,2024-03-16,Saturday,2,17,Bleisure,Deluxe,Corporate Rate,171.45,342.9,9.4,Promoter,False
R00066,G0017,17,2023-12-27,Tuesday,1,10,Business,Junior Suite,Corporate Rate,239.62,239.62,9.8,Promoter,True
R00067,G0017,18,2024-07-03,Sunday,1,10,Business,Suite,Corporate Rate,322.26,322.26,8.6,Passive,True
R00068,G0017,19,2023-07-04,Tuesday,3,10,Business,Presidential Suite,Corporate Rate,568.27,1704.81,9.5,Promoter,True
R00069,G0017,20,2024-11-04,Monday,2,20,Business,Junior Suite,Corporate Rate,242.88,485.76,9.0,Promoter,False
R00070,G0017,21,2023-08-14,Tuesday,2,20,Business,Junior Suite,Corporate Rate,241.44,482.88,8.2,Passive,False
R00071,G0017,22,2024-06-23,Thursday,2,4,Bleisure,Junior Suite,Corporate Rate,234.66,469.32,9.0,Promoter,False
R00072,G0018,1,2024-05-12,Wednesday,3,80,Bleisure,Standard,Package,146.26,438.78,8.0,Passive,False
R00073,G0019,1,2024-01-17,Saturday,2,44,Leisure,Junior Suite,Package,284.04,568.08,7.2,Passive,False
R00074,G0019,2,2023-04-27,Thursday,2,49,Business,Deluxe,BAR,217.86,435.72,8.8,Passive,True
R00075,G0019,3,2024-09-16,Monday,5,63,Bleisure,Deluxe,BAR,200.37,1001.85,5.4,Detractor,False
R00076,G0019,4,2024-11-06,Monday,4,18,Bleisure,Deluxe,BAR,189.83,759.32,8.2,Passive,False
R00077,G0020,1,2024-09-15,Friday,4,89,Leisure,Standard,BAR,157.77,631.08,7.3,Passive,False
R00078,G0020,2,2024-09-28,Friday,2,27,Bleisure,Deluxe,Promotional,216.88,433.76,7.3,Passive,False
R00079,G0020,3,2023-10-22,Sunday,5,68,Leisure,Deluxe,BAR,204.54,1022.7,7.6,Passive,False
R00080,G0020,4,2023-06-16,Friday,3,30,Leisure,Suite,BAR,419.9,1259.7,5.9,Detractor,False
R00081,G0021,1,2023-10-08,Tuesday,3,51,Business,Deluxe,Loyalty Rate,181.4,544.2,7.6,Passive,False
R00082,G0021,2,2024-01-06,Thursday,2,29,Bleisure,Deluxe,BAR,185.79,371.58,8.4,Passive,False
R00083,G0021,3,2023-07-03,Monday,2,73,Bleisure,Standard,Loyalty Rate,136.15,272.3,9.3,Promoter,False
R00084,G0021,4,2024-02-23,Friday,2,84,Business,Deluxe,Loyalty Rate,172.73,345.46,7.7,Passive,False
R00085,G0021,5,2023-10-10,Friday,3,36,Bleisure,Standard,BAR,127.39,382.17,7.5,Passive,False
R00086,G0021,6,2023-04-28,Wednesday,6,70,Leisure,Junior Suite,Loyalty Rate,257.16,1542.96,7.7,Passive,False
R00087,G0021,7,2023-03-04,Sunday,4,16,Leisure,Junior Suite,Package,247.01,988.04,8.8,Passive,False
R00088,G0021,8,2024-09-06,Monday,3,70,Business,Standard,Loyalty Rate,129.69,389.07,8.4,Passive,False
R00089,G0021,9,2024-08-07,Sunday,5,23,Bleisure,Junior Suite,Package,241.14,1205.7,7.7,Passive,False
R00090,G0021,10,2023-12-01,Friday,5,61,Leisure,Junior Suite,Package,254.5,1272.5,8.5,Passive,True
R00091,G0022,1,2023-02-15,Wednesday,2,27,Bleisure,Junior Suite,Package,251.4,502.8,7.9,Passive,False
R00092,G0022,2,2024-06-04,Saturday,3,62,Leisure,Suite,Loyalty Rate,368.13,1104.39,8.9,Passive,True
R00093,G0022,3,2024-10-26,Monday,1,86,Business,Junior Suite,BAR,252.45,252.45,7.5,Passive,False
R00094,G0022,4,2024-03-04,Tuesday,6,20,Leisure,Junior Suite,BAR,251.67,1510.02,7.8,Passive,False
R00095,G0022,5,2023-11-21,Sunday,4,45,Bleisure,Deluxe,BAR,188.6,754.4,7.8,Passive,False
R00096,G0022,6,2023-08-25,Saturday,2,44,Leisure,Deluxe,Package,177.31,354.62,6.9,Detractor,False
R00097,G0023,1,2023-03-23,Wednesday,2,18,Business,Deluxe,Corporate Rate,168.13,336.26,7.4,Passive,False
R00098,G0023,2,2024-03-04,Thursday,1,20,Business,Standard,Corporate Rate,132.75,132.75,7.7,Passive,False
R00099,G0023,3,2024-11-21,Monday,2,12,Business,Deluxe,Corporate Rate,161.55,323.1,7.5,Passive,False
R00100,G0023,4,2024-02-23,Sunday,3,18,Business,Deluxe,Corporate Rate,174.58,523.74,7.3,Passive,False
R00101,G0023,5,2023-07-04,Monday,2,16,Bleisure,Standard,Corporate Rate,127.46,254.92,6.4,Detractor,False
R00102,G0024,1,2024-04-26,Tuesday,2,69,Leisure,Standard,Loyalty Rate,127.74,255.48,7.5,Passive,False
R00103,G0024,2,2024-06-11,Sunday,5,59,Leisure,Standard,BAR,130.25,651.25,7.8,Passive,False
R00104,G0024,3,2023-10-28,Friday,2,89,Business,Junior Suite,Loyalty Rate,257.3,514.6,7.5,Passive,False
R00105,G0024,4,2023-03-17,Friday,5,66,Leisure,Junior Suite,BAR,249.31,1246.55,8.0,Passive,False
R00106,G0024,5,2024-05-03,Saturday,7,89,Leisure,Suite,Package,342.49,2397.43,8.4,Passive,False
R00107,G0024,6,2023-01-08,Friday,7,72,Leisure,Deluxe,Loyalty Rate,179.27,1254.89,9.6,Promoter,False
R00108,G0024,7,2023-04-10,Wednesday,1,86,Business,Junior Suite,BAR,251.33,251.33,8.2,Passive,False
R00109,G0024,8,2024-03-12,Friday,3,32,Bleisure,Standard,Package,139.8,419.4,8.3,Passive,False
R00110,G0024,9,2023-08-04,Thursday,4,26,Bleisure,Deluxe,Loyalty Rate,174.88,699.52,8.0,Passive,False
R00111,G0025,1,2024-05-13,Sunday,4,30,Bleisure,Standard,OTA Rate,148.82,595.28,4.8,Detractor,False
R00112,G0026,1,2023-04-19,Saturday,3,4,Leisure,Standard,OTA Rate,153.33,459.99,6.7,Detractor,False
R00113,G0026,2,2023-06-22,Friday,3,18,Business,Deluxe,OTA Rate,183.25,549.75,7.0,Passive,False
R00114,G0027,1,2023-01-27,Thursday,5,24,Bleisure,Standard,OTA Rate,139.52,697.6,8.3,Passive,False
R00115,G0028,1,2024-04-09,Monday,3,6,Business,Deluxe,Corporate Rate,167.8,503.4,7.6,Passive,False
R00116,G0028,2,2023-09-27,Monday,2,6,Business,Presidential Suite,Corporate Rate,615.37,1230.74,8.3,Passive,False
R00117,G0028,3,2023-08-16,Friday,4,11,Bleisure,Junior Suite,Corporate Rate,243.72,974.88,8.1,Passive,False
R00118,G0028,4,2024-11-19,Saturday,4,4,Bleisure,Deluxe,Corporate Rate,177.75,711.0,7.2,Passive,False
R00119,G0028,5,2024-06-17,Friday,3,4,Business,Suite,Corporate Rate,344.23,1032.69,9.0,Promoter,True
R00120,G0028,6,2024-08-23,Saturday,3,9,Business,Deluxe,Corporate Rate,162.21,486.63,8.7,Passive,False
R00121,G0028,7,2024-05-23,Monday,1,19,Business,Suite,Corporate Rate,349.1,349.1,8.7,Passive,True
R00122,G0028,8,2023-03-10,Wednesday,3,8,Business,Standard,Corporate Rate,129.45,388.35,7.4,Passive,False
R00123,G0029,1,2024-09-20,Saturday,4,16,Bleisure,Deluxe,OTA Rate,207.77,831.08,7.8,Passive,False
R00124,G0029,2,2023-11-04,Sunday,7,16,Leisure,Deluxe,OTA Rate,199.38,1395.66,5.9,Detractor,False
R00125,G0029,3,2024-09-04,Friday,2,8,Bleisure,Standard,OTA Rate,154.14,308.28,7.5,Passive,False
R00126,G0029,4,2023-10-22,Friday,3,22,Bleisure,Standard,OTA Rate,140.49,421.47,8.8,Passive,False
R00127,G0030,1,2024-11-07,Thursday,3,30,Business,Junior Suite,BAR,298.73,896.19,6.4,Detractor,False
R00128,G0030,2,2024-05-15,Saturday,2,51,Leisure,Standard,BAR,160.57,321.14,7.0,Passive,False
R00129,G0030,3,2024-02-23,Thursday,2,54,Business,Deluxe,Package,201.74,403.48,7.6,Passive,False
R00130,G0030,4,2023-09-24,Thursday,7,42,Leisure,Deluxe,Package,198.26,1387.82,7.1,Passive,False
R00131,G0030,5,2024-02-24,Friday,3,40,Business,Junior Suite,BAR,305.57,916.71,6.3,Detractor,False
R00132,G0031,1,2024-09-17,Saturday,2,24,Bleisure,Standard,OTA Rate,144.42,288.84,6.4,Detractor,False
R00133,G0031,2,2024-12-22,Friday,2,21,Bleisure,Standard,OTA Rate,141.16,282.32,5.8,Detractor,False
R00134,G0032,1,2024-07-02,Monday,3,64,Business,Suite,BAR,427.01,1281.03,7.6,Passive,False
R00135,G0032,2,2024-01-18,Wednesday,3,15,Bleisure,Standard,BAR,162.57,487.71,6.8,Detractor,False
R00136,G0032,3,2023-04-15,Saturday,2,34,Leisure,Standard,BAR,155.67,311.34,8.7,Passive,False
R00137,G0032,4,2023-02-04,Tuesday,5,65,Bleisure,Standard,Package,147.58,737.9,6.9,Detractor,False
R00138,G0032,5,2023-03-28,Wednesday,3,67,Business,Standard,Package,153.66,460.98,7.2,Passive,False
R00139,G0033,1,2023-06-05,Wednesday,2,38,Business,Junior Suite,Promotional,297.89,595.78,7.5,Passive,False
R00140,G0034,1,2024-03-11,Monday,6,46,Leisure,Standard,Promotional,154.43,926.58,5.8,Detractor,False
R00141,G0035,1,2024-01-21,Tuesday,5,18,Bleisure,Standard,OTA Rate,142.59,712.95,6.9,Detractor,False
R00142,G0035,2,2024-12-20,Thursday,2,16,Leisure,Deluxe,OTA Rate,207.69,415.38,8.0,Passive,False
R00143,G0035,3,2024-07-13,Friday,6,1,Leisure,Standard,OTA Rate,141.58,849.48,5.7,Detractor,False
R00144,G0035,4,2024-01-14,Tuesday,4,11,Leisure,Standard,OTA Rate,149.28,597.12,7.1,Passive,False
R00145,G0036,1,2023-03-27,Monday,2,89,Business,Deluxe,Loyalty Rate,181.42,362.84,8.0,Passive,False
R00146,G0036,2,2024-04-29,Sunday,3,21,Leisure,Suite,Loyalty Rate,351.58,1054.74,8.7,Passive,True
R00147,G0036,3,2023-06-04,Thursday,3,66,Business,Suite,Loyalty Rate,347.5,1042.5,7.1,Passive,False
R00148,G0036,4,2024-07-29,Saturday,4,44,Leisure,Deluxe,BAR,179.39,717.56,7.0,Passive,False
R00149,G0036,5,2023-03-25,Friday,2,62,Leisure,Standard,Loyalty Rate,134.4,268.8,8.5,Passive,True
R00150,G0036,6,2023-07-22,Sunday,2,68,Bleisure,Junior Suite,BAR,251.79,503.58,8.3,Passive,False
R00151,G0036,7,2023-05-24,Saturday,5,15,Leisure,Deluxe,Loyalty Rate,175.01,875.05,8.3,Passive,False
R00152,G0036,8,2024-11-23,Friday,4,86,Bleisure,Junior Suite,Loyalty Rate,251.75,1007.0,8.4,Passive,False
R00153,G0036,9,2023-07-29,Sunday,4,80,Leisure,Junior Suite,Loyalty Rate,243.03,972.12,7.6,Passive,False
R00154,G0036,10,2023-12-05,Saturday,3,35,Leisure,Junior Suite,Package,237.42,712.26,8.3,Passive,False
R00155,G0037,1,2024-03-02,Wednesday,1,53,Business,Junior Suite,Loyalty Rate,239.77,239.77,8.0,Passive,False
R00156,G0037,2,2024-04-14,Monday,5,90,Bleisure,Deluxe,Loyalty Rate,180.28,901.4,7.5,Passive,False
R00157,G0037,3,2023-08-20,Monday,3,49,Bleisure,Deluxe,Package,177.63,532.89,9.6,Promoter,False
R00158,G0037,4,2024-01-12,Friday,4,85,Leisure,Junior Suite,BAR,239.31,957.24,8.5,Passive,True
R00159,G0037,5,2023-08-10,Thursday,2,30,Bleisure,Suite,BAR,369.72,739.44,7.1,Passive,False
R00160,G0037,6,2023-12-05,Sunday,6,49,Leisure,Presidential Suite,BAR,637.2,3823.2,8.6,Passive,False
R00161,G0037,7,2023-08-03,Thursday,1,25,Business,Suite,BAR,344.87,344.87,7.3,Passive,False
R00162,G0037,8,2024-05-01,Friday,2,31,Leisure,Junior Suite,Loyalty Rate,255.7,511.4,8.7,Passive,True
R00163,G0038,1,2024-05-27,Thursday,5,62,Leisure,Junior Suite,Package,279.91,1399.55,8.1,Passive,False
R00164,G0038,2,2024-06-18,Monday,3,35,Bleisure,Suite,Package,421.62,1264.86,6.8,Detractor,False
R00165,G0038,3,2024-03-23,Friday,4,29,Leisure,Deluxe,BAR,199.44,797.76,8.3,Passive,False
R00166,G0038,4,2023-01-26,Sunday,7,58,Leisure,Junior Suite,BAR,288.48,2019.36,7.8,Passive,False
R00167,G0039,1,2023-07-15,Wednesday,7,39,Leisure,Deluxe,BAR,189.22,1324.54,7.5,Passive,False
R00168,G0040,1,2023-11-14,Sunday,7,15,Leisure,Junior Suite,BAR,276.56,1935.92,8.3,Passive,False
R00169,G0040,2,2024-05-05,Sunday,7,49,Leisure,Junior Suite,Promotional,299.51,2096.57,6.9,Detractor,False
R00170,G0041,1,2024-04-27,Saturday,5,16,Leisure,Junior Suite,OTA Rate,280.17,1400.85,5.7,Detractor,False
R00171,G0042,1,2024-07-12,Monday,2,7,Bleisure,Suite,Corporate Rate,326.26,652.52,7.7,Passive,False
R00172,G0042,2,2023-05-15,Thursday,1,4,Business,Junior Suite,Corporate Rate,243.03,243.03,8.0,Passive,False
R00173,G0042,3,2023-11-18,Wednesday,1,3,Business,Junior Suite,Corporate Rate,241.95,241.95,8.6,Passive,False
R00174,G0042,4,2024-12-27,Sunday,3,14,Business,Suite,Corporate Rate,356.73,1070.19,9.0,Promoter,True
R00175,G0042,5,2024-11-14,Monday,3,11,Bleisure,Deluxe,Corporate Rate,168.02,504.06,8.9,Passive,True
R00176,G0042,6,2023-07-23,Friday,2,12,Bleisure,Junior Suite,Corporate Rate,232.98,465.96,9.4,Promoter,True
R00177,G0042,7,2024-08-04,Tuesday,5,5,Bleisure,Deluxe,Corporate Rate,161.0,805.0,8.7,Passive,False
R00178,G0042,8,2023-07-10,Wednesday,1,8,Business,Suite,Corporate Rate,327.88,327.88,9.9,Promoter,True
R00179,G0042,9,2023-03-25,Sunday,4,9,Bleisure,Suite,Corporate Rate,348.65,1394.6,8.5,Passive,True
R00180,G0042,10,2024-01-24,Wednesday,3,21,Bleisure,Junior Suite,Corporate Rate,229.5,688.5,10.0,Promoter,True
R00181,G0042,11,2023-07-24,Tuesday,3,17,Business,Junior Suite,Corporate Rate,236.87,710.61,9.2,Promoter,False
R00182,G0043,1,2023-12-24,Friday,7,22,Leisure,Junior Suite,OTA Rate,258.01,1806.07,5.6,Detractor,False
R00183,G0044,1,2024-08-22,Friday,6,58,Leisure,Junior Suite,Package,277.13,1662.78,5.9,Detractor,False
R00184,G0044,2,2023-12-17,Friday,7,25,Leisure,Junior Suite,BAR,274.18,1919.26,7.5,Passive,False
R00185,G0045,1,2023-09-25,Monday,3,21,Business,Standard,OTA Rate,139.79,419.37,6.1,Detractor,False
R00186,G0046,1,2024-08-23,Saturday,2,11,Bleisure,Deluxe,OTA Rate,199.36,398.72,6.9,Detractor,False
R00187,G0046,2,2023-01-09,Wednesday,2,21,Business,Junior Suite,OTA Rate,263.47,526.94,7.0,Passive,False
R00188,G0047,1,2024-01-02,Friday,3,25,Bleisure,Standard,OTA Rate,152.75,458.25,6.2,Detractor,False
R00189,G0048,1,2024-04-12,Saturday,7,13,Leisure,Deluxe,OTA Rate,189.38,1325.66,6.0,Detractor,False
R00190,G0048,2,2024-01-18,Friday,5,10,Leisure,Standard,OTA Rate,155.07,775.35,5.8,Detractor,False
R00191,G0048,3,2023-08-28,Sunday,6,4,Leisure,Standard,OTA Rate,152.07,912.42,6.6,Detractor,False
R00192,G0048,4,2024-08-14,Monday,3,30,Bleisure,Standard,OTA Rate,148.64,445.92,7.7,Passive,False
R00193,G0048,5,2024-12-15,Wednesday,6,25,Leisure,Standard,OTA Rate,149.93,899.58,7.2,Passive,False
R00194,G0049,1,2023-02-25,Thursday,3,58,Leisure,Deluxe,BAR,189.08,567.24,6.2,Detractor,False
R00195,G0049,2,2023-06-01,Monday,2,24,Business,Standard,Promotional,151.31,302.62,7.6,Passive,False
R00196,G0050,1,2023-09-08,Saturday,4,75,Leisure,Deluxe,BAR,205.46,821.84,7.1,Passive,False
R00197,G0051,1,2024-02-08,Sunday,7,13,Leisure,Junior Suite,OTA Rate,282.29,1976.03,5.6,Detractor,False
R00198,G0051,2,2023-04-09,Thursday,3,13,Bleisure,Deluxe,OTA Rate,206.31,618.93,6.7,Detractor,False
R00199,G0052,1,2024-11-21,Friday,5,20,Bleisure,Standard,Corporate Rate,126.48,632.4,7.8,Passive,False
R00200,G0052,2,2024-08-23,Friday,1,10,Business,Deluxe,Corporate Rate,165.96,165.96,7.2,Passive,False
R00201,G0052,3,2023-01-02,Thursday,1,10,Business,Standard,Corporate Rate,122.0,122.0,8.4,Passive,False
R00202,G0052,4,2023-08-05,Monday,2,8,Business,Deluxe,Corporate Rate,164.87,329.74,8.5,Passive,True
R00203,G0053,1,2024-05-07,Saturday,2,8,Business,Standard,Corporate Rate,129.37,258.74,8.1,Passive,False
R00204,G0053,2,2023-04-19,Monday,3,6,Business,Junior Suite,Corporate Rate,234.48,703.44,8.3,Passive,False
R00205,G0054,1,2023-01-13,Monday,3,13,Business,Deluxe,OTA Rate,183.38,550.14,5.2,Detractor,False
R00206,G0055,1,2024-10-31,Friday,5,68,Leisure,Deluxe,BAR,181.16,905.8,7.0,Passive,False
R00207,G0055,2,2024-04-06,Saturday,7,82,Leisure,Presidential Suite,Loyalty Rate,606.65,4246.55,8.5,Passive,True
R00208,G0055,3,2024-01-28,Tuesday,5,89,Leisure,Deluxe,BAR,181.38,906.9,8.5,Passive,False
R00209,G0055,4,2024-03-21,Tuesday,6,72,Business,Deluxe,Package,182.81,1096.86,8.5,Passive,True
R00210,G0055,5,2023-12-12,Saturday,7,48,Leisure,Deluxe,Loyalty Rate,169.5,1186.5,10.0,Promoter,True
R00211,G0055,6,2024-10-13,Monday,3,82,Business,Junior Suite,Loyalty Rate,239.49,718.47,8.6,Passive,True
R00212,G0055,7,2023-05-29,Friday,5,72,Leisure,Junior Suite,Loyalty Rate,260.18,1300.9,9.0,Promoter,False
R00213,G0056,1,2024-06-20,Monday,5,18,Leisure,Deluxe,Package,181.84,909.2,9.2,Promoter,False
R00214,G0056,2,2024-01-27,Saturday,5,68,Leisure,Junior Suite,Loyalty Rate,257.98,1289.9,9.2,Promoter,False
R00215,G0056,3,2023-03-23,Friday,4,87,Leisure,Junior Suite,Loyalty Rate,251.49,1005.96,8.4,Passive,False
R00216,G0056,4,2023-09-07,Monday,6,41,Leisure,Suite,Loyalty Rate,368.95,2213.7,9.3,Promoter,False
R00217,G0056,5,2023-10-11,Monday,5,50,Leisure,Junior Suite,Loyalty Rate,237.67,1188.35,8.1,Passive,False
R00218,G0056,6,2024-02-29,Thursday,7,54,Leisure,Deluxe,Loyalty Rate,183.26,1282.82,8.5,Passive,True
R00219,G0056,7,2024-09-18,Saturday,7,67,Leisure,Suite,Loyalty Rate,354.67,2482.69,8.3,Passive,False
R00220,G0056,8,2024-07-25,Tuesday,6,33,Business,Suite,BAR,347.55,2085.3,8.8,Passive,False
R00221,G0056,9,2024-11-20,Friday,7,24,Leisure,Suite,BAR,352.93,2470.51,10.0,Promoter,True
R00222,G0056,10,2024-06-26,Thursday,6,73,Leisure,Standard,BAR,129.13,774.78,7.2,Passive,False
R00223,G0056,11,2023-12-27,Friday,5,85,Leisure,Suite,Package,354.12,1770.6,9.2,Promoter,True
R00224,G0056,12,2024-01-23,Sunday,6,41,Leisure,Junior Suite,Loyalty Rate,245.22,1471.32,7.4,Passive,False
R00225,G0056,13,2023-06-12,Sunday,7,66,Leisure,Junior Suite,Loyalty Rate,262.27,1835.89,8.3,Passive,False
R00226,G0056,14,2023-10-13,Friday,5,78,Leisure,Suite,Loyalty Rate,373.43,1867.15,9.6,Promoter,True
R00227,G0056,15,2024-04-20,Sunday,4,65,Leisure,Junior Suite,BAR,246.47,985.88,8.8,Passive,True
R00228,G0056,16,2023-06-26,Tuesday,6,67,Leisure,Junior Suite,BAR,254.42,1526.52,7.8,Passive,False
R00229,G0056,17,2023-05-22,Friday,7,87,Leisure,Suite,Package,352.12,2464.84,8.1,Passive,False
R00230,G0057,1,2023-09-13,Wednesday,3,25,Business,Presidential Suite,Loyalty Rate,636.18,1908.54,8.9,Passive,False
R00231,G0057,2,2024-02-03,Sunday,3,72,Leisure,Junior Suite,Package,242.04,726.12,8.1,Passive,False
R00232,G0057,3,2024-12-30,Friday,4,22,Leisure,Presidential Suite,Loyalty Rate,626.39,2505.56,8.9,Passive,True
R00233,G0057,4,2024-09-09,Thursday,3,73,Bleisure,Suite,Loyalty Rate,363.25,1089.75,8.7,Passive,True
R00234,G0057,5,2023-06-13,Thursday,1,14,Business,Suite,BAR,355.36,355.36,8.2,Passive,False
R00235,G0057,6,2024-06-16,Sunday,2,67,Leisure,Presidential Suite,Package,631.71,1263.42,10.0,Promoter,False
R00236,G0057,7,2024-09-13,Friday,2,70,Leisure,Suite,BAR,350.84,701.68,9.2,Promoter,True
R00237,G0057,8,2023-02-10,Saturday,5,68,Bleisure,Suite,Loyalty Rate,372.95,1864.75,7.1,Passive,False
R00238,G0057,9,2024-08-16,Tuesday,3,60,Leisure,Junior Suite,Loyalty Rate,262.62,787.86,8.8,Passive,False
R00239,G0057,10,2023-08-04,Friday,2,72,Bleisure,Presidential Suite,Loyalty Rate,611.26,1222.52,8.2,Passive,False
R00240,G0057,11,2023-09-24,Saturday,4,71,Bleisure,Suite,BAR,362.87,1451.48,9.4,Promoter,False
R00241,G0057,12,2023-06-01,Monday,4,86,Leisure,Junior Suite,Loyalty Rate,263.51,1054.04,8.1,Passive,False
R00242,G0057,13,2023-06-12,Thursday,7,70,Leisure,Suite,Loyalty Rate,371.28,2598.96,8.6,Passive,True
R00243,G0057,14,2024-09-14,Friday,3,17,Bleisure,Presidential Suite,BAR,604.52,1813.56,9.1,Promoter,True
R00244,G0057,15,2024-01-08,Saturday,6,65,Leisure,Suite,Package,377.95,2267.7,9.4,Promoter,False
R00245,G0057,16,2024-08-24,Thursday,4,62,Leisure,Presidential Suite,Loyalty Rate,605.97,2423.88,7.7,Passive,False
R00246,G0057,17,2024-06-21,Friday,5,15,Leisure,Suite,Loyalty Rate,348.12,1740.6,8.4,Passive,False
R00247,G0058,1,2023-07-31,Tuesday,3,9,Business,Deluxe,Corporate Rate,168.34,505.02,6.4,Detractor,False
R00248,G0058,2,2024-10-15,Sunday,6,9,Leisure,Deluxe,Corporate Rate,159.85,959.1,6.6,Detractor,False
R00249,G0059,1,2024-10-03,Tuesday,1,9,Business,Deluxe,OTA Rate,196.91,196.91,7.7,Passive,False
R00250,G0060,1,2024-07-04,Sunday,6,86,Leisure,Junior Suite,BAR,298.42,1790.52,7.5,Passive,False
R00251,G0060,2,2023-07-07,Saturday,4,72,Leisure,Deluxe,Promotional,196.98,787.92,6.5,Detractor,False
R00252,G0060,3,2023-10-12,Wednesday,4,80,Bleisure,Deluxe,BAR,196.33,785.32,8.2,Passive,False
R00253,G0060,4,2024-08-18,Tuesday,5,23,Leisure,Deluxe,BAR,191.54,957.7,9.2,Promoter,True
R00254,G0060,5,2024-07-09,Saturday,7,15,Leisure,Junior Suite,Promotional,269.72,1888.04,8.3,Passive,False
R00255,G0061,1,2024-03-29,Wednesday,7,25,Leisure,Junior Suite,OTA Rate,256.7,1796.9,5.1,Detractor,False
R00256,G0062,1,2024-02-21,Friday,5,78,Leisure,Junior Suite,BAR,292.05,1460.25,6.8,Detractor,False
R00257,G0062,2,2023-09-28,Thursday,7,78,Leisure,Deluxe,BAR,218.22,1527.54,8.5,Passive,False
R00258,G0062,3,2024-05-14,Friday,6,77,Business,Deluxe,BAR,201.95,1211.7,6.9,Detractor,False
R00259,G0062,4,2023-11-08,Sunday,7,37,Bleisure,Deluxe,BAR,195.97,1371.79,7.9,Passive,False
R00260,G0063,1,2023-11-11,Friday,6,74,Leisure,Standard,BAR,155.17,931.02,7.4,Passive,False
R00261,G0063,2,2024-08-07,Friday,3,64,Leisure,Junior Suite,Promotional,290.58,871.74,6.4,Detractor,False
R00262,G0064,1,2023-06-10,Friday,7,67,Leisure,Suite,Loyalty Rate,376.37,2634.59,8.4,Passive,False
R00263,G0064,2,2024-04-28,Sunday,4,53,Leisure,Junior Suite,Loyalty Rate,257.94,1031.76,6.1,Detractor,False
R00264,G0064,3,2024-04-05,Saturday,5,65,Leisure,Deluxe,Loyalty Rate,182.0,910.0,7.9,Passive,False
R00265,G0064,4,2023-05-24,Saturday,4,40,Leisure,Suite,Loyalty Rate,372.37,1489.48,8.5,Passive,True
R00266,G0064,5,2024-03-13,Friday,6,41,Leisure,Suite,Loyalty Rate,350.08,2100.48,7.7,Passive,False
R00267,G0064,6,2023-03-18,Friday,7,74,Leisure,Presidential Suite,Package,648.76,4541.32,10.0,Promoter,True
R00268,G0064,7,2024-12-24,Thursday,7,62,Leisure,Deluxe,Loyalty Rate,175.97,1231.79,7.6,Passive,False
R00269,G0064,8,2024-07-04,Sunday,6,31,Leisure,Presidential Suite,Loyalty Rate,662.45,3974.7,8.3,Passive,False
R00270,G0065,1,2024-02-28,Sunday,6,52,Leisure,Deluxe,BAR,202.13,1212.78,6.9,Detractor,False
R00271,G0066,1,2023-12-02,Saturday,4,92,Leisure,Deluxe,BAR,189.7,758.8,8.0,Passive,False
R00272,G0066,2,2023-03-11,Saturday,7,61,Leisure,Suite,BAR,425.3,2977.1,6.0,Detractor,False
R00273,G0067,1,2023-08-08,Wednesday,2,12,Business,Standard,OTA Rate,150.21,300.42,7.2,Passive,False
R00274,G0067,2,2024-12-21,Saturday,2,5,Bleisure,Standard,OTA Rate,145.04,290.08,6.6,Detractor,False
R00275,G0068,1,2024-02-10,Saturday,6,79,Leisure,Deluxe,BAR,218.77,1312.62,6.4,Detractor,False
R00276,G0068,2,2024-05-31,Friday,6,50,Leisure,Junior Suite,Package,295.79,1774.74,7.9,Passive,False
R00277,G0068,3,2024-08-01,Saturday,7,34,Bleisure,Junior Suite,Package,268.72,1881.04,7.7,Passive,False
R00278,G0068,4,2024-04-24,Sunday,6,49,Leisure,Junior Suite,Promotional,306.66,1839.96,7.0,Passive,False
R00279,G0069,1,2023-06-05,Monday,7,87,Leisure,Deluxe,BAR,182.93,1280.51,7.9,Passive,False
R00280,G0069,2,2024-03-18,Friday,4,14,Leisure,Junior Suite,Loyalty Rate,237.39,949.56,7.8,Passive,False
R00281,G0069,3,2023-11-27,Thursday,3,88,Bleisure,Junior Suite,Loyalty Rate,249.92,749.76,8.2,Passive,False
R00282,G0069,4,2024-11-12,Thursday,2,87,Business,Deluxe,BAR,173.25,346.5,8.6,Passive,True
R00283,G0069,5,2023-01-27,Sunday,2,30,Leisure,Junior Suite,Package,246.29,492.58,9.4,Promoter,True
R00284,G0069,6,2023-08-24,Wednesday,3,68,Leisure,Presidential Suite,Loyalty Rate,658.45,1975.35,7.1,Passive,False
R00285,G0070,1,2023-12-30,Friday,3,15,Business,Standard,Corporate Rate,132.13,396.39,10.0,Promoter,False
R00286,G0070,2,2023-08-02,Wednesday,4,9,Business,Suite,Corporate Rate,342.75,1371.0,7.1,Passive,False
R00287,G0070,3,2023-05-08,Monday,7,6,Business,Deluxe,Corporate Rate,163.37,1143.59,8.6,Passive,False
R00288,G0070,4,2024-09-11,Sunday,4,9,Business,Presidential Suite,Corporate Rate,615.11,2460.44,9.2,Promoter,True
R00289,G0070,5,2023-09-19,Saturday,3,15,Business,Suite,Corporate Rate,335.17,1005.51,8.9,Passive,False
R00290,G0070,6,2023-12-30,Tuesday,6,12,Business,Junior Suite,Corporate Rate,242.76,1456.56,8.2,Passive,False
R00291,G0070,7,2024-10-28,Tuesday,3,11,Business,Suite,Corporate Rate,355.0,1065.0,8.5,Passive,True
R00292,G0070,8,2023-09-12,Monday,4,7,Business,Suite,Corporate Rate,349.62,1398.48,8.3,Passive,False
R00293,G0070,9,2023-03-04,Monday,5,14,Business,Suite,Corporate Rate,352.05,1760.25,8.2,Passive,False
R00294,G0070,10,2024-03-05,Friday,4,14,Business,Presidential Suite,Corporate Rate,566.85,2267.4,9.4,Promoter,True
R00295,G0070,11,2024-05-24,Tuesday,5,13,Business,Standard,Corporate Rate,119.58,597.9,9.0,Promoter,True
R00296,G0070,12,2024-04-26,Friday,3,20,Business,Junior Suite,Corporate Rate,239.9,719.7,8.1,Passive,False
R00297,G0070,13,2024-06-21,Monday,4,5,Business,Junior Suite,Corporate Rate,225.05,900.2,9.4,Promoter,False
R00298,G0071,1,2024-04-20,Sunday,6,5,Leisure,Suite,OTA Rate,409.06,2454.36,6.5,Detractor,False
R00299,G0071,2,2023-01-01,Friday,4,11,Leisure,Junior Suite,OTA Rate,269.94,1079.76,7.3,Passive,False
R00300,G0072,1,2024-09-20,Tuesday,7,7,Leisure,Deluxe,OTA Rate,196.4,1374.8,7.2,Passive,False
R00301,G0072,2,2023-05-27,Tuesday,6,10,Leisure,Suite,OTA Rate,372.54,2235.24,6.3,Detractor,False
R00302,G0072,3,2023-08-20,Saturday,5,23,Leisure,Suite,OTA Rate,401.75,2008.75,6.6,Detractor,False
R00303,G0072,4,2024-06-16,Sunday,4,11,Leisure,Deluxe,OTA Rate,200.19,800.76,7.6,Passive,False
R00304,G0073,1,2024-08-16,Sunday,7,20,Leisure,Suite,Package,339.72,2378.04,8.9,Passive,False
R00305,G0073,2,2023-09-01,Friday,6,75,Leisure,Presidential Suite,Loyalty Rate,654.93,3929.58,8.7,Passive,False
R00306,G0073,3,2024-02-20,Wednesday,6,83,Leisure,Junior Suite,BAR,255.44,1532.64,8.8,Passive,True
R00307,G0073,4,2023-12-12,Sunday,5,76,Leisure,Suite,Loyalty Rate,343.0,1715.0,9.7,Promoter,False
R00308,G0073,5,2024-06-15,Saturday,5,83,Leisure,Deluxe,Loyalty Rate,178.25,891.25,8.2,Passive,False
R00309,G0073,6,2023-04-24,Saturday,5,53,Bleisure,Suite,BAR,376.64,1883.2,9.1,Promoter,False
R00310,G0073,7,2024-05-31,Sunday,6,32,Leisure,Suite,Loyalty Rate,339.82,2038.92,8.5,Passive,False
R00311,G0073,8,2023-12-29,Saturday,7,81,Leisure,Standard,BAR,134.69,942.83,8.5,Passive,False
R00312,G0073,9,2024-06-27,Wednesday,7,42,Leisure,Suite,BAR,345.22,2416.54,9.6,Promoter,False
R00313,G0073,10,2024-09-16,Wednesday,6,51,Leisure,Junior Suite,BAR,248.9,1493.4,9.4,Promoter,True
R00314,G0073,11,2023-11-26,Sunday,3,46,Bleisure,Suite,BAR,347.48,1042.44,9.4,Promoter,False
R00315,G0073,12,2024-08-31,Monday,5,32,Leisure,Suite,Loyalty Rate,377.94,1889.7,9.7,Promoter,False
R00316,G0073,13,2023-09-06,Wednesday,6,89,Leisure,Deluxe,Package,170.55,1023.3,8.7,Passive,False
R00317,G0073,14,2023-10-10,Friday,4,70,Bleisure,Deluxe,Loyalty Rate,175.67,702.68,9.2,Promoter,False
R00318,G0073,15,2024-06-17,Tuesday,7,74,Leisure,Junior Suite,Loyalty Rate,260.09,1820.63,8.5,Passive,True
R00319,G0073,16,2024-09-16,Monday,7,48,Leisure,Presidential Suite,Loyalty Rate,652.72,4569.04,9.0,Promoter,True
R00320,G0073,17,2024-10-03,Saturday,7,51,Leisure,Junior Suite,Loyalty Rate,264.98,1854.86,8.6,Passive,False
R00321,G0073,18,2024-09-05,Thursday,7,69,Leisure,Junior Suite,BAR,261.29,1829.03,8.8,Passive,True
R00322,G0074,1,2023-10-10,Saturday,4,16,Leisure,Junior Suite,Corporate Rate,230.21,920.84,7.3,Passive,False
R00323,G0075,1,2024-01-01,Monday,2,52,Business,Deluxe,BAR,202.0,404.0,6.1,Detractor,False
R00324,G0076,1,2023-09-30,Saturday,7,20,Bleisure,Suite,OTA Rate,386.57,2705.99,8.4,Passive,False
R00325,G0076,2,2024-06-15,Saturday,7,4,Leisure,Junior Suite,OTA Rate,285.46,1998.22,6.2,Detractor,False
R00326,G0076,3,2023-04-11,Tuesday,5,19,Leisure,Junior Suite,OTA Rate,289.46,1447.3,6.0,Detractor,False
R00327,G0077,1,2024-03-07,Saturday,5,17,Bleisure,Suite,Corporate Rate,342.08,1710.4,8.7,Passive,True
R00328,G0077,2,2024-02-13,Saturday,5,9,Bleisure,Junior Suite,Corporate Rate,223.87,1119.35,8.7,Passive,False
R00329,G0077,3,2023-04-12,Tuesday,6,11,Business,Deluxe,Corporate Rate,172.79,1036.74,8.6,Passive,True
R00330,G0077,4,2023-09-12,Thursday,6,11,Business,Suite,Corporate Rate,325.61,1953.66,8.6,Passive,False
R00331,G0077,5,2024-07-14,Thursday,4,18,Business,Suite,Corporate Rate,332.52,1330.08,8.1,Passive,False
R00332,G0078,1,2024-09-23,Saturday,3,54,Leisure,Junior Suite,BAR,295.26,885.78,6.5,Detractor,False
R00333,G0078,2,2024-10-16,Saturday,3,62,Bleisure,Standard,Promotional,152.4,457.2,7.6,Passive,False
R00334,G0079,1,2023-12-12,Sunday,3,6,Leisure,Standard,OTA Rate,139.24,417.72,5.8,Detractor,False
R00335,G0080,1,2024-08-18,Wednesday,3,20,Business,Standard,Corporate Rate,127.54,382.62,8.0,Passive,False
R00336,G0080,2,2023-07-02,Thursday,1,5,Business,Standard,Corporate Rate,128.11,128.11,7.4,Passive,False
R00337,G0081,1,2024-11-10,Thursday,7,18,Leisure,Deluxe,OTA Rate,186.52,1305.64,6.6,Detractor,False
R00338,G0081,2,2024-01-30,Sunday,7,19,Bleisure,Presidential Suite,OTA Rate,672.51,4707.57,7.3,Passive,False
R00339,G0081,3,2023-08-19,Monday,6,22,Leisure,Presidential Suite,OTA Rate,645.48,3872.88,7.9,Passive,False
R00340,G0081,4,2023-08-18,Sunday,4,15,Leisure,Junior Suite,OTA Rate,264.51,1058.04,7.1,Passive,False
R00341,G0081,5,2023-01-13,Sunday,6,27,Leisure,Deluxe,OTA Rate,197.47,1184.82,6.9,Detractor,False
R00342,G0082,1,2024-08-04,Wednesday,7,13,Leisure,Junior Suite,OTA Rate,288.91,2022.37,6.5,Detractor,False
R00343,G0083,1,2024-02-01,Saturday,4,47,Leisure,Deluxe,BAR,216.68,866.72,7.4,Passive,False
R00344,G0083,2,2023-08-29,Friday,3,55,Bleisure,Suite,Promotional,393.83,1181.49,7.1,Passive,False
R00345,G0083,3,2024-07-05,Tuesday,6,74,Leisure,Deluxe,BAR,213.71,1282.26,7.1,Passive,False
R00346,G0084,1,2023-08-22,Saturday,7,91,Leisure,Suite,Loyalty Rate,349.89,2449.23,8.0,Passive,False
R00347,G0084,2,2023-02-24,Friday,6,76,Leisure,Standard,Package,126.98,761.88,6.9,Detractor,False
R00348,G0084,3,2024-04-04,Monday,4,82,Leisure,Suite,Loyalty Rate,366.36,1465.44,7.0,Passive,False
R00349,G0084,4,2023-03-08,Thursday,4,114,Leisure,Standard,BAR,133.07,532.28,7.5,Passive,False
R00350,G0084,5,2023-05-17,Wednesday,5,60,Leisure,Junior Suite,BAR,246.37,1231.85,7.9,Passive,False
R00351,G0084,6,2024-08-06,Friday,5,39,Leisure,Suite,Package,362.57,1812.85,8.3,Passive,False
R00352,G0084,7,2023-01-07,Monday,4,96,Leisure,Standard,Package,135.8,543.2,9.3,Promoter,True
R00353,G0084,8,2023-06-15,Thursday,6,120,Leisure,Suite,Loyalty Rate,346.38,2078.28,8.8,Passive,False
R00354,G0084,9,2024-05-21,Friday,2,72,Leisure,Junior Suite,Package,247.96,495.92,8.0,Passive,False
R00355,G0085,1,2024-02-22,Friday,4,4,Leisure,Deluxe,OTA Rate,187.67,750.68,6.3,Detractor,False
R00356,G0086,1,2024-03-16,Friday,5,13,Leisure,Deluxe,OTA Rate,192.17,960.85,5.5,Detractor,False
R00357,G0087,1,2024-10-24,Friday,2,17,Leisure,Deluxe,OTA Rate,205.83,411.66,7.3,Passive,False
R00358,G0087,2,2023-03-04,Monday,4,4,Leisure,Deluxe,OTA Rate,208.01,832.04,7.4,Passive,False
R00359,G0087,3,2024-06-25,Tuesday,2,1,Business,Suite,OTA Rate,396.55,793.1,7.9,Passive,False
R00360,G0087,4,2024-01-19,Sunday,3,21,Leisure,Junior Suite,OTA Rate,263.27,789.81,6.9,Detractor,False
R00361,G0087,5,2023-08-12,Tuesday,7,30,Leisure,Deluxe,OTA Rate,192.76,1349.32,8.0,Passive,False
R00362,G0088,1,2023-07-01,Saturday,7,7,Bleisure,Suite,Corporate Rate,336.96,2358.72,9.0,Promoter,False
R00363,G0088,2,2024-07-04,Saturday,5,12,Bleisure,Standard,Corporate Rate,129.38,646.9,8.0,Passive,False
R00364,G0088,3,2024-08-27,Friday,4,7,Business,Presidential Suite,Corporate Rate,623.51,2494.04,8.4,Passive,False
R00365,G0088,4,2024-04-10,Saturday,6,6,Leisure,Junior Suite,Corporate Rate,225.03,1350.18,8.7,Passive,True
R00366,G0088,5,2023-05-25,Thursday,6,4,Business,Deluxe,Corporate Rate,177.44,1064.64,7.8,Passive,False
R00367,G0088,6,2024-05-06,Sunday,7,5,Bleisure,Junior Suite,Corporate Rate,232.14,1624.98,8.3,Passive,False
R00368,G0088,7,2024-06-23,Thursday,6,20,Business,Junior Suite,Corporate Rate,231.08,1386.48,8.1,Passive,False
R00369,G0088,8,2023-05-19,Monday,6,15,Business,Deluxe,Corporate Rate,160.84,965.04,8.2,Passive,False
R00370,G0088,9,2023-01-25,Tuesday,7,15,Business,Deluxe,Corporate Rate,178.95,1252.65,7.5,Passive,False
R00371,G0089,1,2023-10-22,Saturday,2,9,Bleisure,Suite,Corporate Rate,331.45,662.9,6.8,Detractor,False
R00372,G0089,2,2024-08-24,Saturday,3,13,Bleisure,Junior Suite,Corporate Rate,238.11,714.33,7.5,Passive,False
R00373,G0090,1,2023-02-18,Friday,4,18,Leisure,Standard,OTA Rate,153.07,612.28,7.9,Passive,False
R00374,G0090,2,2024-03-20,Friday,3,17,Leisure,Standard,OTA Rate,150.62,451.86,7.8,Passive,False
R00375,G0090,3,2023-08-08,Saturday,1,23,Business,Standard,OTA Rate,150.91,150.91,8.7,Passive,True
R00376,G0090,4,2024-08-07,Monday,5,7,Leisure,Junior Suite,OTA Rate,260.9,1304.5,6.4,Detractor,False
R00377,G0090,5,2023-10-25,Tuesday,2,6,Business,Suite,OTA Rate,409.95,819.9,7.7,Passive,False
R00378,G0091,1,2024-01-16,Friday,3,32,Leisure,Junior Suite,BAR,244.35,733.05,7.9,Passive,False
R00379,G0091,2,2024-03-08,Saturday,7,53,Leisure,Deluxe,Package,183.81,1286.67,9.9,Promoter,True
R00380,G0091,3,2024-12-07,Thursday,2,49,Business,Suite,Loyalty Rate,370.24,740.48,7.5,Passive,False
R00381,G0091,4,2023-09-17,Saturday,5,19,Leisure,Junior Suite,Loyalty Rate,255.65,1278.25,7.4,Passive,False
R00382,G0091,5,2023-08-17,Monday,1,76,Business,Standard,BAR,129.14,129.14,7.6,Passive,False
R00383,G0091,6,2023-09-20,Saturday,7,64,Leisure,Deluxe,Loyalty Rate,186.17,1303.19,6.4,Detractor,False
R00384,G0091,7,2023-09-25,Monday,1,25,Business,Junior Suite,Loyalty Rate,240.7,240.7,7.7,Passive,False
R00385,G0091,8,2023-02-06,Tuesday,3,18,Leisure,Suite,Loyalty Rate,369.58,1108.74,7.5,Passive,False
R00386,G0091,9,2023-03-11,Wednesday,2,32,Business,Deluxe,BAR,182.34,364.68,8.2,Passive,False
R00387,G0091,10,2024-05-30,Wednesday,3,54,Leisure,Standard,Loyalty Rate,128.93,386.79,8.4,Passive,False
R00388,G0092,1,2023-09-14,Friday,3,15,Leisure,Deluxe,Corporate Rate,178.04,534.12,8.7,Passive,True
R00389,G0092,2,2023-08-19,Monday,6,3,Business,Suite,Corporate Rate,321.97,1931.82,8.3,Passive,False
R00390,G0093,1,2023-09-09,Thursday,4,18,Leisure,Suite,OTA Rate,370.02,1480.08,5.8,Detractor,False
R00391,G0093,2,2024-12-02,Friday,7,24,Bleisure,Deluxe,OTA Rate,207.21,1450.47,5.9,Detractor,False
R00392,G0094,1,2024-01-15,Friday,3,43,Business,Standard,Loyalty Rate,127.52,382.56,8.2,Passive,False
R00393,G0094,2,2024-02-01,Tuesday,3,18,Leisure,Junior Suite,Loyalty Rate,255.25,765.75,7.0,Passive,False
R00394,G0094,3,2024-05-02,Saturday,4,63,Leisure,Deluxe,BAR,182.74,730.96,9.6,Promoter,False
R00395,G0094,4,2023-12-20,Saturday,5,33,Leisure,Junior Suite,Package,243.4,1217.0,9.0,Promoter,True
R00396,G0094,5,2023-06-28,Friday,4,34,Leisure,Deluxe,Loyalty Rate,185.18,740.72,7.7,Passive,False
R00397,G0094,6,2023-05-28,Tuesday,3,43,Business,Presidential Suite,Loyalty Rate,637.94,1913.82,6.7,Detractor,False
R00398,G0094,7,2023-08-02,Friday,5,72,Leisure,Junior Suite,Loyalty Rate,247.99,1239.95,9.2,Promoter,True
R00399,G0094,8,2023-11-30,Tuesday,6,40,Leisure,Deluxe,BAR,180.46,1082.76,8.0,Passive,False
R00400,G0095,1,2024-11-06,Friday,5,84,Leisure,Suite,Package,401.48,2007.4,7.8,Passive,False
R00401,G0095,2,2023-11-11,Monday,1,83,Business,Junior Suite,BAR,299.91,299.91,5.8,Detractor,False
R00402,G0096,1,2024-09-30,Wednesday,4,84,Bleisure,Suite,Package,435.14,1740.56,6.3,Detractor,False
R00403,G0096,2,2024-03-18,Wednesday,3,40,Business,Deluxe,Package,197.21,591.63,7.1,Passive,False
R00404,G0097,1,2024-11-27,Monday,2,21,Business,Junior Suite,Corporate Rate,228.72,457.44,7.2,Passive,False
R00405,G0097,2,2024-02-26,Tuesday,3,7,Business,Junior Suite,Corporate Rate,236.78,710.34,7.1,Passive,False
R00406,G0098,1,2024-09-17,Saturday,7,18,Leisure,Suite,BAR,342.57,2397.99,8.9,Passive,True
R00407,G0098,2,2023-02-24,Tuesday,4,39,Bleisure,Suite,Package,351.42,1405.68,7.8,Passive,False
R00408,G0098,3,2023-03-09,Sunday,5,74,Bleisure,Junior Suite,Loyalty Rate,245.61,1228.05,8.6,Passive,False
R00409,G0098,4,2023-06-13,Wednesday,5,29,Leisure,Suite,BAR,345.47,1727.35,8.8,Passive,False
R00410,G0098,5,2024-04-25,Thursday,3,28,Leisure,Suite,Loyalty Rate,356.9,1070.7,9.1,Promoter,False
R00411,G0098,6,2023-05-19,Friday,5,35,Leisure,Suite,BAR,378.56,1892.8,9.3,Promoter,True
R00412,G0098,7,2024-03-27,Wednesday,2,76,Leisure,Presidential Suite,BAR,656.05,1312.1,7.8,Passive,False
R00413,G0098,8,2023-03-29,Monday,3,52,Leisure,Suite,Package,343.58,1030.74,7.5,Passive,False
R00414,G0098,9,2024-11-15,Wednesday,2,24,Business,Junior Suite,Package,250.95,501.9,9.7,Promoter,False
R00415,G0098,10,2024-08-27,Wednesday,4,38,Bleisure,Suite,Package,375.23,1500.92,9.0,Promoter,True
R00416,G0098,11,2023-11-23,Monday,3,53,Leisure,Junior Suite,Package,246.57,739.71,8.1,Passive,False
R00417,G0098,12,2023-10-07,Saturday,5,24,Leisure,Junior Suite,Loyalty Rate,261.48,1307.4,9.9,Promoter,False
R00418,G0098,13,2023-01-11,Monday,5,39,Leisure,Presidential Suite,Loyalty Rate,596.67,2983.35,8.8,Passive,False
R00419,G0098,14,2024-12-14,Friday,5,66,Bleisure,Suite,Loyalty Rate,352.96,1764.8,9.6,Promoter,True
R00420,G0098,15,2023-07-17,Thursday,5,24,Leisure,Suite,Package,373.52,1867.6,8.8,Passive,False
R00421,G0098,16,2023-01-24,Saturday,2,45,Leisure,Deluxe,Loyalty Rate,172.21,344.42,10.0,Promoter,False
R00422,G0098,17,2023-03-31,Monday,2,57,Leisure,Presidential Suite,BAR,605.07,1210.14,10.0,Promoter,False
R00423,G0098,18,2024-04-16,Friday,7,27,Leisure,Suite,Loyalty Rate,344.68,2412.76,8.5,Passive,False
R00424,G0098,19,2023-03-25,Thursday,1,14,Business,Junior Suite,BAR,243.02,243.02,9.5,Promoter,False
R00425,G0098,20,2024-02-01,Friday,5,39,Bleisure,Suite,Loyalty Rate,367.33,1836.65,9.2,Promoter,True
R00426,G0098,21,2024-11-23,Sunday,5,37,Leisure,Suite,Loyalty Rate,378.02,1890.1,9.8,Promoter,True
R00427,G0098,22,2024-07-09,Wednesday,2,23,Leisure,Deluxe,Package,184.2,368.4,7.9,Passive,False
R00428,G0098,23,2023-08-22,Wednesday,3,51,Business,Suite,BAR,350.54,1051.62,9.2,Promoter,True
R00429,G0098,24,2023-12-20,Friday,7,46,Leisure,Junior Suite,Loyalty Rate,238.87,1672.09,9.5,Promoter,True
R00430,G0099,1,2023-03-03,Saturday,2,71,Leisure,Standard,Package,143.52,287.04,5.8,Detractor,False
R00431,G0099,2,2024-08-25,Sunday,7,22,Leisure,Deluxe,Package,198.57,1389.99,6.6,Detractor,False
R00432,G0099,3,2024-01-02,Friday,5,52,Leisure,Junior Suite,BAR,306.86,1534.3,5.9,Detractor,False
R00433,G0099,4,2023-07-14,Monday,3,59,Business,Deluxe,Promotional,198.73,596.19,7.3,Passive,False
R00434,G0100,1,2024-02-17,Sunday,5,39,Leisure,Junior Suite,BAR,304.79,1523.95,7.4,Passive,False
R00435,G0100,2,2023-05-23,Friday,7,72,Leisure,Deluxe,BAR,213.45,1494.15,8.3,Passive,False
R00436,G0101,1,2023-06-26,Saturday,1,26,Business,Standard,Loyalty Rate,130.69,130.69,8.5,Passive,True
R00437,G0101,2,2024-05-24,Thursday,4,43,Bleisure,Deluxe,BAR,179.08,716.32,10.0,Promoter,True
R00438,G0101,3,2023-06-13,Saturday,4,27,Leisure,Deluxe,Loyalty Rate,178.64,714.56,7.6,Passive,False
R00439,G0101,4,2023-10-24,Wednesday,2,41,Business,Junior Suite,Loyalty Rate,245.74,491.48,7.3,Passive,False
R00440,G0101,5,2023-06-12,Thursday,5,29,Bleisure,Suite,BAR,352.76,1763.8,8.7,Passive,True
R00441,G0101,6,2024-12-06,Friday,5,22,Leisure,Standard,Loyalty Rate,130.32,651.6,9.0,Promoter,False
R00442,G0101,7,2024-12-05,Friday,2,74,Business,Suite,BAR,362.18,724.36,8.7,Passive,True
R00443,G0101,8,2023-07-19,Sunday,7,87,Leisure,Presidential Suite,Loyalty Rate,635.59,4449.13,7.0,Passive,False
R00444,G0101,9,2023-08-31,Thursday,6,74,Leisure,Presidential Suite,Loyalty Rate,655.71,3934.26,8.6,Passive,True
R00445,G0101,10,2023-06-01,Tuesday,5,73,Leisure,Suite,Package,377.39,1886.95,7.7,Passive,False
R00446,G0102,1,2023-09-30,Tuesday,1,26,Business,Deluxe,OTA Rate,201.5,201.5,6.8,Detractor,False
R00447,G0103,1,2024-01-08,Monday,3,8,Leisure,Deluxe,OTA Rate,191.55,574.65,6.6,Detractor,False
R00448,G0104,1,2024-09-27,Tuesday,4,11,Leisure,Deluxe,OTA Rate,191.21,764.84,5.9,Detractor,False
R00449,G0104,2,2024-07-03,Thursday,1,30,Business,Deluxe,OTA Rate,186.19,186.19,6.6,Detractor,False
R00450,G0104,3,2023-03-04,Wednesday,6,10,Leisure,Standard,OTA Rate,144.36,866.16,6.2,Detractor,False
R00451,G0104,4,2024-12-18,Monday,4,7,Leisure,Standard,OTA Rate,137.57,550.28,6.9,Detractor,False
R00452,G0105,1,2024-10-29,Friday,6,32,Leisure,Deluxe,BAR,193.74,1162.44,8.0,Passive,False
R00453,G0105,2,2024-03-30,Tuesday,6,49,Leisure,Deluxe,Package,197.55,1185.3,6.7,Detractor,False
R00454,G0105,3,2024-08-23,Sunday,3,55,Bleisure,Junior Suite,BAR,278.24,834.72,7.9,Passive,False
R00455,G0105,4,2024-01-20,Saturday,7,64,Leisure,Deluxe,Package,211.75,1482.25,7.1,Passive,False
R00456,G0106,1,2024-10-21,Saturday,6,79,Leisure,Standard,BAR,128.61,771.66,7.2,Passive,False
R00457,G0106,2,2023-03-07,Tuesday,7,34,Leisure,Suite,Loyalty Rate,369.26,2584.82,8.0,Passive,False
R00458,G0106,3,2024-01-01,Friday,6,65,Leisure,Junior Suite,BAR,255.06,1530.36,7.3,Passive,False
R00459,G0106,4,2024-02-10,Saturday,4,71,Leisure,Deluxe,BAR,186.44,745.76,7.7,Passive,False
R00460,G0106,5,2023-08-21,Saturday,6,20,Leisure,Junior Suite,BAR,250.51,1503.06,7.1,Passive,False
R00461,G0107,1,2023-02-13,Tuesday,1,7,Business,Deluxe,Corporate Rate,165.63,165.63,8.8,Passive,False
R00462,G0107,2,2024-11-17,Wednesday,2,18,Business,Standard,Corporate Rate,129.85,259.7,7.5,Passive,False
R00463,G0107,3,2024-02-29,Monday,3,4,Business,Standard,Corporate Rate,127.88,383.64,6.9,Detractor,False
R00464,G0107,4,2023-01-08,Monday,2,19,Business,Suite,Corporate Rate,325.75,651.5,7.7,Passive,False
R00465,G0107,5,2023-08-06,Monday,3,12,Business,Standard,Corporate Rate,124.78,374.34,7.4,Passive,False
R00466,G0108,1,2024-02-02,Monday,3,9,Business,Standard,OTA Rate,143.42,430.26,6.1,Detractor,False
R00467,G0108,2,2023-09-24,Saturday,5,1,Bleisure,Standard,OTA Rate,155.83,779.15,7.1,Passive,False
R00468,G0109,1,2024-11-18,Tuesday,1,6,Business,Standard,Corporate Rate,131.19,131.19,9.0,Promoter,False
R00469,G0109,2,2023-07-30,Wednesday,3,12,Business,Suite,Corporate Rate,346.1,1038.3,8.3,Passive,False
R00470,G0109,3,2024-08-30,Friday,2,10,Bleisure,Suite,Corporate Rate,354.49,708.98,8.2,Passive,False
R00471,G0109,4,2023-09-16,Monday,1,9,Business,Suite,Corporate Rate,353.53,353.53,8.5,Passive,True
R00472,G0109,5,2024-02-02,Friday,5,8,Bleisure,Presidential Suite,Corporate Rate,592.76,2963.8,6.9,Detractor,False
R00473,G0109,6,2024-09-03,Sunday,1,5,Business,Suite,Corporate Rate,354.49,354.49,7.5,Passive,False
R00474,G0109,7,2023-02-01,Friday,2,3,Business,Junior Suite,Corporate Rate,233.84,467.68,9.8,Promoter,False
R00475,G0109,8,2023-06-13,Tuesday,3,9,Business,Presidential Suite,Corporate Rate,611.06,1833.18,10.0,Promoter,True
R00476,G0109,9,2023-10-14,Monday,1,6,Business,Junior Suite,Corporate Rate,230.53,230.53,8.5,Passive,False
R00477,G0109,10,2023-07-29,Wednesday,3,3,Business,Presidential Suite,Corporate Rate,624.35,1873.05,9.2,Promoter,True
R00478,G0109,11,2023-04-26,Tuesday,3,20,Business,Junior Suite,Corporate Rate,223.83,671.49,8.9,Passive,False
R00479,G0109,12,2023-03-06,Wednesday,2,15,Bleisure,Suite,Corporate Rate,320.39,640.78,10.0,Promoter,True
R00480,G0109,13,2024-04-21,Sunday,3,4,Business,Suite,Corporate Rate,357.48,1072.44,9.6,Promoter,False
R00481,G0109,14,2024-12-27,Wednesday,2,3,Business,Suite,Corporate Rate,357.63,715.26,8.6,Passive,True
R00482,G0110,1,2024-12-07,Monday,2,28,Bleisure,Suite,OTA Rate,411.53,823.06,7.1,Passive,False
R00483,G0110,2,2024-07-26,Friday,3,23,Leisure,Suite,OTA Rate,369.53,1108.59,6.9,Detractor,False
R00484,G0110,3,2024-01-08,Tuesday,2,18,Business,Deluxe,OTA Rate,200.12,400.24,8.4,Passive,False
R00485,G0110,4,2024-01-16,Saturday,4,24,Leisure,Suite,OTA Rate,388.19,1552.76,7.6,Passive,False
R00486,G0110,5,2024-08-17,Friday,4,25,Bleisure,Junior Suite,OTA Rate,286.21,1144.84,7.1,Passive,False
R00487,G0110,6,2024-05-21,Friday,5,3,Leisure,Suite,OTA Rate,412.97,2064.85,7.7,Passive,False
R00488,G0110,7,2023-12-07,Saturday,5,25,Leisure,Suite,OTA Rate,402.37,2011.85,7.3,Passive,False
R00489,G0110,8,2023-02-13,Sunday,3,20,Bleisure,Junior Suite,OTA Rate,279.63,838.89,9.5,Promoter,False
R00490,G0110,9,2024-08-10,Thursday,1,27,Business,Suite,OTA Rate,371.32,371.32,8.9,Passive,True
R00491,G0110,10,2023-04-25,Saturday,6,4,Leisure,Suite,OTA Rate,380.29,2281.74,8.2,Passive,False
R00492,G0110,11,2024-07-17,Wednesday,3,22,Leisure,Suite,OTA Rate,384.45,1153.35,9.4,Promoter,True
R00493,G0110,12,2024-01-18,Friday,7,27,Leisure,Junior Suite,OTA Rate,277.61,1943.27,8.3,Passive,False
R00494,G0110,13,2024-02-22,Sunday,3,21,Leisure,Suite,OTA Rate,375.16,1125.48,7.5,Passive,False
R00495,G0110,14,2024-12-11,Wednesday,2,29,Leisure,Suite,OTA Rate,393.25,786.5,9.4,Promoter,True
R00496,G0110,15,2023-05-28,Saturday,4,8,Leisure,Suite,OTA Rate,382.79,1531.16,8.6,Passive,True
R00497,G0110,16,2024-10-15,Thursday,1,1,Business,Standard,OTA Rate,139.43,139.43,7.4,Passive,False
R00498,G0110,17,2023-07-10,Saturday,2,9,Leisure,Suite,OTA Rate,373.25,746.5,8.0,Passive,False
R00499,G0111,1,2024-01-02,Monday,6,11,Leisure,Deluxe,OTA Rate,188.47,1130.82,5.6,Detractor,False
R00500,G0111,2,2024-03-14,Sunday,7,19,Leisure,Standard,OTA Rate,146.6,1026.2,5.5,Detractor,False
R00501,G0112,1,2023-02-02,Friday,6,28,Leisure,Junior Suite,OTA Rate,283.99,1703.94,7.0,Passive,False
R00502,G0113,1,2023-04-11,Wednesday,6,3,Business,Junior Suite,Corporate Rate,250.06,1500.36,9.9,Promoter,False
R00503,G0113,2,2023-03-30,Wednesday,4,6,Business,Suite,Corporate Rate,349.09,1396.36,7.6,Passive,False
R00504,G0113,3,2023-09-05,Wednesday,5,20,Business,Suite,Corporate Rate,353.3,1766.5,9.2,Promoter,True
R00505,G0113,4,2024-02-25,Thursday,3,19,Business,Junior Suite,Corporate Rate,237.21,711.63,8.2,Passive,False
R00506,G0113,5,2024-04-19,Wednesday,3,11,Business,Suite,Corporate Rate,347.06,1041.18,8.3,Passive,False
R00507,G0113,6,2024-05-17,Wednesday,3,12,Business,Suite,Corporate Rate,336.23,1008.69,8.2,Passive,False
R00508,G0113,7,2024-12-04,Thursday,6,18,Business,Junior Suite,Corporate Rate,234.01,1404.06,8.0,Passive,False
R00509,G0113,8,2024-10-31,Saturday,5,8,Leisure,Junior Suite,Corporate Rate,247.35,1236.75,8.7,Passive,False
R00510,G0113,9,2024-05-20,Wednesday,3,6,Business,Deluxe,Corporate Rate,161.83,485.49,8.0,Passive,False
R00511,G0113,10,2024-09-11,Tuesday,6,3,Business,Suite,Corporate Rate,355.02,2130.12,8.9,Passive,True
R00512,G0113,11,2024-07-10,Wednesday,6,20,Business,Suite,Corporate Rate,321.87,1931.22,8.7,Passive,True
R00513,G0113,12,2024-11-11,Tuesday,4,6,Business,Standard,Corporate Rate,120.49,481.96,8.5,Passive,True
R00514,G0113,13,2023-07-21,Sunday,7,11,Business,Suite,Corporate Rate,357.94,2505.58,8.0,Passive,False
R00515,G0113,14,2024-11-03,Tuesday,3,10,Business,Junior Suite,Corporate Rate,231.58,694.74,8.2,Passive,False
R00516,G0113,15,2024-12-19,Tuesday,3,6,Business,Suite,Corporate Rate,329.81,989.43,9.3,Promoter,True
R00517,G0113,16,2023-11-07,Tuesday,6,9,Bleisure,Deluxe,Corporate Rate,168.65,1011.9,9.1,Promoter,True
R00518,G0113,17,2023-04-12,Wednesday,7,5,Business,Deluxe,Corporate Rate,161.73,1132.11,7.9,Passive,False
R00519,G0114,1,2024-06-06,Thursday,2,19,Business,Presidential Suite,Corporate Rate,564.27,1128.54,6.9,Detractor,False
R00520,G0114,2,2023-06-18,Thursday,3,14,Business,Suite,Corporate Rate,352.24,1056.72,7.7,Passive,False
R00521,G0115,1,2024-02-21,Tuesday,2,25,Business,Standard,OTA Rate,140.81,281.62,5.0,Detractor,False
R00522,G0116,1,2024-01-18,Saturday,4,16,Leisure,Junior Suite,OTA Rate,285.35,1141.4,6.7,Detractor,False
R00523,G0117,1,2024-02-21,Saturday,4,20,Leisure,Junior Suite,OTA Rate,274.71,1098.84,5.8,Detractor,False
R00524,G0118,1,2023-03-18,Monday,1,20,Business,Standard,Corporate Rate,132.49,132.49,8.3,Passive,False
R00525,G0118,2,2023-05-30,Monday,4,15,Bleisure,Deluxe,Corporate Rate,172.14,688.56,7.5,Passive,False
R00526,G0118,3,2023-12-16,Wednesday,2,12,Business,Suite,Corporate Rate,337.95,675.9,6.7,Detractor,False
R00527,G0118,4,2024-05-14,Friday,3,21,Business,Junior Suite,Corporate Rate,248.96,746.88,6.8,Detractor,False
R00528,G0118,5,2024-09-11,Thursday,1,18,Business,Deluxe,Corporate Rate,172.96,172.96,8.1,Passive,False
R00529,G0118,6,2023-12-17,Wednesday,1,11,Business,Junior Suite,Corporate Rate,249.26,249.26,8.3,Passive,False
R00530,G0118,7,2023-10-23,Tuesday,2,10,Business,Junior Suite,Corporate Rate,232.92,465.84,7.4,Passive,False
R00531,G0119,1,2023-11-10,Tuesday,3,16,Business,Standard,Corporate Rate,128.11,384.33,7.3,Passive,False
R00532,G0120,1,2024-11-16,Saturday,3,26,Leisure,Deluxe,OTA Rate,190.71,572.13,5.0,Detractor,False
R00533,G0121,1,2024-12-04,Saturday,6,62,Leisure,Standard,BAR,153.17,919.02,7.1,Passive,False
R00534,G0121,2,2023-05-01,Sunday,7,52,Leisure,Standard,Package,160.11,1120.77,6.5,Detractor,False
R00535,G0121,3,2023-07-07,Saturday,4,52,Leisure,Deluxe,Package,216.88,867.52,7.0,Passive,False
R00536,G0121,4,2024-04-15,Tuesday,6,30,Leisure,Standard,Promotional,159.72,958.32,7.5,Passive,False
R00537,G0121,5,2024-02-07,Monday,2,84,Business,Deluxe,Promotional,206.47,412.94,6.8,Detractor,False
R00538,G0122,1,2023-10-11,Tuesday,2,4,Business,Presidential Suite,Corporate Rate,603.11,1206.22,8.1,Passive,False
R00539,G0122,2,2024-05-16,Wednesday,2,13,Business,Deluxe,Corporate Rate,162.8,325.6,9.5,Promoter,True
R00540,G0122,3,2023-02-25,Monday,1,20,Business,Suite,Corporate Rate,324.28,324.28,8.2,Passive,False
R00541,G0122,4,2023-04-09,Saturday,3,4,Leisure,Presidential Suite,Corporate Rate,598.8,1796.4,9.4,Promoter,True
R00542,G0122,5,2023-12-12,Saturday,4,16,Leisure,Junior Suite,Corporate Rate,229.35,917.4,7.8,Passive,False
R00543,G0122,6,2024-09-10,Tuesday,3,14,Business,Suite,Corporate Rate,325.25,975.75,9.1,Promoter,False
R00544,G0122,7,2023-11-21,Wednesday,5,9,Bleisure,Suite,Corporate Rate,319.9,1599.5,9.9,Promoter,True
R00545,G0122,8,2024-08-07,Sunday,4,18,Bleisure,Deluxe,Corporate Rate,164.1,656.4,6.7,Detractor,False
R00546,G0122,9,2024-02-21,Wednesday,1,8,Business,Presidential Suite,Corporate Rate,578.74,578.74,8.1,Passive,False
R00547,G0122,10,2023-01-04,Tuesday,3,15,Business,Junior Suite,Corporate Rate,229.68,689.04,9.2,Promoter,False
R00548,G0122,11,2024-02-23,Friday,5,15,Bleisure,Standard,Corporate Rate,130.6,653.0,8.5,Passive,True
R00549,G0122,12,2024-11-20,Thursday,3,13,Business,Junior Suite,Corporate Rate,237.12,711.36,9.0,Promoter,False
R00550,G0122,13,2024-03-28,Tuesday,3,5,Business,Suite,Corporate Rate,347.09,1041.27,8.2,Passive,False
R00551,G0123,1,2024-01-22,Friday,5,59,Leisure,Deluxe,BAR,197.73,988.65,7.3,Passive,False
R00552,G0123,2,2023-08-25,Sunday,7,45,Leisure,Junior Suite,BAR,294.89,2064.23,7.4,Passive,False
R00553,G0123,3,2023-01-23,Friday,5,76,Leisure,Deluxe,BAR,201.71,1008.55,8.4,Passive,False
R00554,G0123,4,2024-03-23,Thursday,5,75,Leisure,Deluxe,BAR,206.53,1032.65,7.7,Passive,False
R00555,G0124,1,2024-06-13,Saturday,2,62,Leisure,Deluxe,Package,191.74,383.48,7.1,Passive,False
R00556,G0125,1,2023-06-12,Thursday,1,9,Business,Standard,OTA Rate,155.13,155.13,6.4,Detractor,False
R00557,G0125,2,2024-04-08,Monday,2,9,Business,Junior Suite,OTA Rate,263.43,526.86,6.6,Detractor,False
R00558,G0125,3,2024-02-24,Friday,3,28,Bleisure,Standard,OTA Rate,138.09,414.27,6.7,Detractor,False
R00559,G0126,1,2024-11-01,Sunday,7,57,Leisure,Junior Suite,Package,262.12,1834.84,8.1,Passive,False
R00560,G0126,2,2023-08-30,Saturday,3,29,Business,Suite,Loyalty Rate,370.4,1111.2,7.8,Passive,False
R00561,G0126,3,2024-06-30,Friday,4,40,Bleisure,Junior Suite,Loyalty Rate,259.1,1036.4,8.3,Passive,False
R00562,G0126,4,2023-11-30,Saturday,6,85,Leisure,Junior Suite,Loyalty Rate,240.92,1445.52,9.8,Promoter,True
R00563,G0126,5,2023-06-09,Thursday,6,94,Leisure,Suite,Loyalty Rate,357.3,2143.8,8.8,Passive,False
R00564,G0126,6,2024-12-31,Saturday,3,69,Leisure,Standard,Loyalty Rate,134.53,403.59,7.8,Passive,False
R00565,G0126,7,2024-05-16,Friday,6,88,Leisure,Junior Suite,BAR,251.65,1509.9,9.1,Promoter,False
R00566,G0127,1,2024-08-14,Saturday,4,17,Leisure,Junior Suite,OTA Rate,262.73,1050.92,6.0,Detractor,False
R00567,G0127,2,2024-05-26,Monday,1,20,Business,Presidential Suite,OTA Rate,719.59,719.59,5.0,Detractor,False
R00568,G0128,1,2023-04-29,Friday,5,12,Leisure,Standard,OTA Rate,146.52,732.6,5.5,Detractor,False
R00569,G0128,2,2023-01-17,Saturday,6,28,Leisure,Junior Suite,OTA Rate,284.2,1705.2,5.1,Detractor,False
R00570,G0129,1,2023-05-24,Thursday,4,1,Leisure,Suite,OTA Rate,413.95,1655.8,6.4,Detractor,False
R00571,G0129,2,2023-09-16,Friday,5,29,Leisure,Deluxe,OTA Rate,186.45,932.25,7.0,Passive,False
R00572,G0129,3,2023-02-22,Tuesday,7,10,Leisure,Deluxe,OTA Rate,192.15,1345.05,8.3,Passive,False
R00573,G0129,4,2024-01-31,Sunday,7,10,Leisure,Deluxe,OTA Rate,196.34,1374.38,7.3,Passive,False
R00574,G0129,5,2024-05-03,Sunday,3,12,Business,Deluxe,OTA Rate,191.11,573.33,6.8,Detractor,False
R00575,G0130,1,2024-06-02,Sunday,1,85,Business,Junior Suite,Loyalty Rate,243.25,243.25,9.1,Promoter,True
R00576,G0130,2,2023-01-25,Friday,5,58,Bleisure,Suite,Loyalty Rate,341.18,1705.9,6.9,Detractor,False
R00577,G0130,3,2024-06-13,Sunday,5,69,Leisure,Suite,Loyalty Rate,370.24,1851.2,8.9,Passive,False
R00578,G0130,4,2024-08-02,Sunday,3,62,Leisure,Junior Suite,BAR,257.56,772.68,9.3,Promoter,False
R00579,G0130,5,2023-05-28,Friday,1,63,Business,Junior Suite,Loyalty Rate,238.38,238.38,7.5,Passive,False
R00580,G0130,6,2023-01-13,Wednesday,6,38,Leisure,Junior Suite,Package,241.38,1448.28,9.6,Promoter,True
R00581,G0130,7,2023-09-19,Wednesday,2,34,Leisure,Presidential Suite,Loyalty Rate,627.89,1255.78,9.0,Promoter,True
R00582,G0130,8,2024-04-24,Wednesday,7,77,Leisure,Deluxe,BAR,185.3,1297.1,8.4,Passive,False
R00583,G0130,9,2023-12-17,Sunday,5,47,Leisure,Suite,BAR,375.11,1875.55,9.2,Promoter,False
R00584,G0130,10,2024-10-08,Friday,7,89,Leisure,Suite,Loyalty Rate,362.84,2539.88,10.0,Promoter,False
R00585,G0130,11,2023-08-20,Friday,4,56,Leisure,Presidential Suite,Loyalty Rate,662.15,2648.6,8.8,Passive,False
R00586,G0130,12,2023-02-22,Thursday,4,27,Leisure,Suite,BAR,372.85,1491.4,8.9,Passive,True
R00587,G0130,13,2023-09-12,Wednesday,2,83,Leisure,Suite,Loyalty Rate,355.1,710.2,8.3,Passive,False
R00588,G0130,14,2024-08-03,Tuesday,3,75,Bleisure,Presidential Suite,BAR,648.32,1944.96,8.0,Passive,False
R00589,G0130,15,2023-02-28,Saturday,3,67,Bleisure,Suite,Loyalty Rate,376.56,1129.68,9.4,Promoter,True
R00590,G0130,16,2023-08-30,Sunday,5,89,Leisure,Junior Suite,Loyalty Rate,243.71,1218.55,8.0,Passive,False
R00591,G0130,17,2023-09-07,Wednesday,3,90,Leisure,Junior Suite,Loyalty Rate,239.46,718.38,8.8,Passive,True
R00592,G0130,18,2023-01-09,Tuesday,1,33,Business,Presidential Suite,Loyalty Rate,606.56,606.56,8.3,Passive,False
R00593,G0130,19,2023-05-17,Sunday,4,87,Bleisure,Deluxe,Loyalty Rate,175.31,701.24,9.1,Promoter,True
R00594,G0130,20,2024-08-19,Monday,1,38,Business,Suite,Package,372.04,372.04,9.0,Promoter,True
R00595,G0130,21,2023-10-01,Saturday,6,23,Leisure,Suite,Loyalty Rate,341.74,2050.44,9.5,Promoter,False
R00596,G0130,22,2023-09-24,Thursday,3,26,Business,Suite,Loyalty Rate,350.47,1051.41,8.3,Passive,False
R00597,G0130,23,2024-02-07,Saturday,7,74,Leisure,Suite,Loyalty Rate,359.45,2516.15,8.5,Passive,True
R00598,G0130,24,2024-12-23,Friday,3,53,Leisure,Suite,Loyalty Rate,357.56,1072.68,7.9,Passive,False
R00599,G0130,25,2024-12-21,Monday,3,29,Business,Deluxe,Package,171.66,514.98,8.3,Passive,False
R00600,G0131,1,2023-03-17,Friday,7,51,Leisure,Junior Suite,BAR,270.18,1891.26,7.5,Passive,False
R00601,G0131,2,2024-10-21,Saturday,7,59,Leisure,Suite,BAR,407.37,2851.59,8.1,Passive,False
R00602,G0131,3,2023-02-04,Friday,4,27,Leisure,Standard,Promotional,147.19,588.76,6.8,Detractor,False
R00603,G0131,4,2023-07-11,Friday,5,78,Leisure,Deluxe,BAR,217.91,1089.55,8.2,Passive,False
R00604,G0131,5,2024-03-08,Sunday,6,21,Leisure,Suite,BAR,394.05,2364.3,8.6,Passive,True
R00605,G0132,1,2023-12-09,Sunday,7,77,Bleisure,Presidential Suite,Package,644.53,4511.71,8.7,Passive,True
R00606,G0132,2,2023-01-10,Saturday,6,57,Leisure,Standard,Loyalty Rate,138.93,833.58,10.0,Promoter,True
R00607,G0132,3,2023-08-05,Saturday,7,64,Bleisure,Presidential Suite,Package,636.96,4458.72,8.1,Passive,False
R00608,G0132,4,2024-09-18,Saturday,7,72,Leisure,Presidential Suite,BAR,614.43,4301.01,7.7,Passive,False
R00609,G0132,5,2024-04-12,Tuesday,7,22,Business,Suite,Package,376.22,2633.54,7.3,Passive,False
R00610,G0132,6,2024-09-15,Sunday,6,71,Leisure,Junior Suite,Package,260.93,1565.58,9.9,Promoter,False
R00611,G0132,7,2024-11-15,Thursday,4,81,Leisure,Junior Suite,Loyalty Rate,260.07,1040.28,9.2,Promoter,True
R00612,G0132,8,2023-01-03,Sunday,7,83,Leisure,Presidential Suite,Loyalty Rate,654.86,4584.02,8.7,Passive,False
R00613,G0132,9,2024-10-17,Saturday,7,77,Leisure,Presidential Suite,Loyalty Rate,640.37,4482.59,8.9,Passive,True
R00614,G0132,10,2023-04-29,Sunday,7,56,Leisure,Deluxe,BAR,169.43,1186.01,7.8,Passive,False
R00615,G0132,11,2024-03-15,Saturday,5,26,Bleisure,Deluxe,BAR,174.29,871.45,10.0,Promoter,False
R00616,G0132,12,2024-11-18,Wednesday,5,34,Leisure,Junior Suite,BAR,245.21,1226.05,8.8,Passive,False
R00617,G0133,1,2024-12-09,Monday,3,28,Leisure,Standard,OTA Rate,155.23,465.69,6.4,Detractor,False
R00618,G0133,2,2023-09-03,Thursday,2,6,Business,Standard,OTA Rate,145.82,291.64,7.2,Passive,False
R00619,G0134,1,2023-05-05,Sunday,6,79,Leisure,Deluxe,BAR,174.69,1048.14,8.8,Passive,True
R00620,G0134,2,2023-04-05,Friday,7,46,Leisure,Suite,Package,363.9,2547.3,8.9,Passive,False
R00621,G0134,3,2023-03-30,Wednesday,4,80,Leisure,Suite,BAR,358.25,1433.0,8.1,Passive,False
R00622,G0134,4,2024-10-08,Friday,6,27,Leisure,Suite,BAR,355.21,2131.26,9.1,Promoter,True
R00623,G0134,5,2024-09-27,Saturday,7,43,Leisure,Suite,Package,370.3,2592.1,10.0,Promoter,False
R00624,G0134,6,2024-04-13,Saturday,3,18,Leisure,Suite,Loyalty Rate,353.33,1059.99,9.8,Promoter,False
R00625,G0134,7,2024-01-17,Friday,5,73,Leisure,Deluxe,Package,180.98,904.9,10.0,Promoter,False
R00626,G0134,8,2023-04-30,Friday,7,57,Leisure,Deluxe,Package,184.79,1293.53,8.3,Passive,False
R00627,G0134,9,2024-10-15,Thursday,5,18,Leisure,Presidential Suite,Loyalty Rate,615.13,3075.65,7.9,Passive,False
R00628,G0134,10,2023-05-21,Saturday,5,57,Leisure,Suite,Package,378.06,1890.3,8.6,Passive,True
R00629,G0134,11,2024-05-25,Thursday,3,50,Leisure,Junior Suite,BAR,261.41,784.23,8.7,Passive,False
R00630,G0134,12,2024-09-09,Tuesday,3,47,Leisure,Suite,Loyalty Rate,344.09,1032.27,9.6,Promoter,False
R00631,G0134,13,2024-08-19,Thursday,5,84,Leisure,Suite,Package,342.33,1711.65,7.3,Passive,False
R00632,G0134,14,2024-12-30,Saturday,7,52,Leisure,Presidential Suite,BAR,601.17,4208.19,9.9,Promoter,True
R00633,G0134,15,2023-02-11,Sunday,5,48,Leisure,Suite,Loyalty Rate,342.91,1714.55,8.6,Passive,False
R00634,G0135,1,2023-01-05,Wednesday,2,26,Business,Standard,OTA Rate,147.58,295.16,6.4,Detractor,False
R00635,G0135,2,2023-09-28,Friday,1,3,Business,Standard,OTA Rate,140.67,140.67,6.2,Detractor,False
R00636,G0135,3,2024-08-05,Tuesday,2,16,Leisure,Standard,OTA Rate,150.8,301.6,5.7,Detractor,False
R00637,G0135,4,2023-06-23,Sunday,7,17,Leisure,Standard,OTA Rate,144.98,1014.86,7.7,Passive,False
R00638,G0135,5,2024-11-28,Thursday,7,25,Leisure,Junior Suite,OTA Rate,274.55,1921.85,7.1,Passive,False
R00639,G0136,1,2023-09-01,Monday,3,15,Business,Deluxe,Corporate Rate,169.7,509.1,6.8,Detractor,False
R00640,G0136,2,2023-12-19,Sunday,2,21,Business,Deluxe,Corporate Rate,164.16,328.32,7.1,Passive,False
R00641,G0136,3,2023-05-08,Thursday,5,3,Bleisure,Presidential Suite,Corporate Rate,587.55,2937.75,7.8,Passive,False
R00642,G0136,4,2023-07-15,Saturday,3,21,Bleisure,Standard,Corporate Rate,129.2,387.6,9.4,Promoter,True
R00643,G0136,5,2023-02-11,Tuesday,1,5,Business,Junior Suite,Corporate Rate,226.91,226.91,7.9,Passive,False
R00644,G0137,1,2023-08-12,Monday,4,6,Business,Suite,Corporate Rate,319.75,1279.0,6.0,Detractor,False
R00645,G0137,2,2023-04-20,Wednesday,3,14,Business,Deluxe,Corporate Rate,167.38,502.14,7.3,Passive,False
R00646,G0138,1,2024-11-06,Thursday,7,28,Leisure,Junior Suite,OTA Rate,264.18,1849.26,6.1,Detractor,False
R00647,G0138,2,2023-12-28,Saturday,7,16,Leisure,Junior Suite,OTA Rate,266.61,1866.27,4.4,Detractor,False
R00648,G0139,1,2023-02-20,Friday,3,21,Leisure,Junior Suite,BAR,273.58,820.74,6.8,Detractor,False
R00649,G0139,2,2023-04-24,Tuesday,4,68,Leisure,Junior Suite,BAR,296.97,1187.88,6.9,Detractor,False
R00650,G0140,1,2023-03-08,Friday,7,71,Leisure,Deluxe,Promotional,214.11,1498.77,7.8,Passive,False
R00651,G0140,2,2024-02-04,Friday,5,16,Leisure,Junior Suite,Package,281.14,1405.7,9.0,Promoter,False
R00652,G0140,3,2024-07-18,Sunday,5,61,Leisure,Junior Suite,Package,276.43,1382.15,8.4,Passive,False
R00653,G0141,1,2024-11-05,Tuesday,2,3,Business,Standard,Corporate Rate,133.46,266.92,7.0,Passive,False
R00654,G0141,2,2023-04-20,Tuesday,1,20,Business,Suite,Corporate Rate,342.12,342.12,6.6,Detractor,False
R00655,G0141,3,2024-06-26,Saturday,6,3,Leisure,Standard,Corporate Rate,119.49,716.94,9.6,Promoter,False
R00656,G0141,4,2024-07-21,Tuesday,2,9,Business,Standard,Corporate Rate,130.12,260.24,7.5,Passive,False
R00657,G0141,5,2024-03-11,Thursday,3,9,Business,Deluxe,Corporate Rate,172.53,517.59,7.5,Passive,False
R00658,G0142,1,2024-09-08,Friday,5,81,Leisure,Deluxe,Promotional,198.74,993.7,6.8,Detractor,False
R00659,G0142,2,2023-12-11,Saturday,4,84,Bleisure,Standard,Promotional,141.92,567.68,7.3,Passive,False
R00660,G0143,1,2023-03-20,Friday,1,14,Business,Junior Suite,OTA Rate,264.11,264.11,6.2,Detractor,False
R00661,G0144,1,2024-02-27,Saturday,7,15,Leisure,Junior Suite,OTA Rate,264.69,1852.83,5.8,Detractor,False
R00662,G0145,1,2023-08-08,Monday,2,3,Business,Suite,Corporate Rate,335.52,671.04,6.8,Detractor,False
R00663,G0145,2,2023-10-15,Friday,1,5,Business,Deluxe,Corporate Rate,163.91,163.91,7.5,Passive,False
R00664,G0145,3,2023-05-02,Tuesday,3,20,Business,Junior Suite,Corporate Rate,249.38,748.14,7.1,Passive,False
R00665,G0145,4,2023-09-04,Thursday,3,8,Business,Junior Suite,Corporate Rate,242.61,727.83,6.9,Detractor,False
R00666,G0145,5,2023-01-07,Friday,3,16,Leisure,Suite,Corporate Rate,323.19,969.57,7.6,Passive,False
R00667,G0146,1,2024-05-30,Sunday,4,14,Leisure,Junior Suite,OTA Rate,290.58,1162.32,6.5,Detractor,False
R00668,G0146,2,2024-04-08,Wednesday,7,21,Leisure,Junior Suite,OTA Rate,280.88,1966.16,8.2,Passive,False
R00669,G0146,3,2023-07-17,Wednesday,7,24,Leisure,Deluxe,OTA Rate,204.48,1431.36,4.9,Detractor,False
R00670,G0146,4,2023-07-22,Friday,5,20,Bleisure,Deluxe,OTA Rate,186.13,930.65,7.9,Passive,False
R00671,G0147,1,2023-07-29,Saturday,6,33,Leisure,Junior Suite,Package,241.59,1449.54,8.8,Passive,True
R00672,G0147,2,2023-06-25,Friday,7,27,Leisure,Standard,Loyalty Rate,127.74,894.18,6.4,Detractor,False
R00673,G0147,3,2024-03-01,Thursday,5,80,Bleisure,Junior Suite,Package,251.96,1259.8,7.8,Passive,False
R00674,G0147,4,2024-08-28,Sunday,6,34,Leisure,Suite,BAR,365.5,2193.0,7.8,Passive,False
R00675,G0148,1,2023-08-09,Friday,6,9,Leisure,Junior Suite,OTA Rate,278.67,1672.02,6.8,Detractor,False
R00676,G0148,2,2023-01-21,Thursday,6,30,Leisure,Deluxe,OTA Rate,198.12,1188.72,7.6,Passive,False
R00677,G0148,3,2024-12-12,Monday,7,16,Bleisure,Junior Suite,OTA Rate,280.24,1961.68,7.3,Passive,False
R00678,G0148,4,2024-12-30,Tuesday,6,18,Leisure,Presidential Suite,OTA Rate,715.68,4294.08,9.6,Promoter,True
R00679,G0148,5,2023-02-21,Saturday,4,18,Leisure,Suite,OTA Rate,384.67,1538.68,8.9,Passive,True
R00680,G0148,6,2023-09-23,Saturday,3,14,Leisure,Suite,OTA Rate,410.54,1231.62,9.2,Promoter,True
R00681,G0148,7,2023-08-14,Tuesday,7,15,Leisure,Deluxe,OTA Rate,201.73,1412.11,8.8,Passive,True
R00682,G0148,8,2023-11-26,Saturday,4,2,Leisure,Suite,OTA Rate,407.54,1630.16,7.3,Passive,False
R00683,G0148,9,2024-11-11,Sunday,7,3,Leisure,Junior Suite,OTA Rate,284.16,1989.12,7.8,Passive,False
R00684,G0148,10,2024-10-14,Tuesday,6,26,Leisure,Deluxe,OTA Rate,203.35,1220.1,8.6,Passive,True
R00685,G0148,11,2024-01-16,Saturday,4,12,Bleisure,Junior Suite,OTA Rate,281.06,1124.24,7.2,Passive,False
R00686,G0148,12,2024-05-31,Saturday,4,3,Leisure,Suite,OTA Rate,374.75,1499.0,8.8,Passive,False
R00687,G0148,13,2024-07-06,Friday,4,6,Leisure,Suite,OTA Rate,382.07,1528.28,8.0,Passive,False
R00688,G0149,1,2024-09-28,Thursday,5,19,Bleisure,Junior Suite,Corporate Rate,223.93,1119.65,8.1,Passive,False
R00689,G0149,2,2024-09-05,Thursday,6,14,Business,Suite,Corporate Rate,322.74,1936.44,9.3,Promoter,False
R00690,G0149,3,2023-10-09,Tuesday,3,10,Business,Junior Suite,Corporate Rate,245.46,736.38,9.1,Promoter,True
R00691,G0149,4,2023-11-26,Monday,4,21,Business,Junior Suite,Corporate Rate,224.37,897.48,8.4,Passive,False
R00692,G0149,5,2023-02-10,Monday,4,16,Business,Suite,Corporate Rate,343.71,1374.84,9.6,Promoter,True
R00693,G0149,6,2023-12-30,Monday,4,5,Bleisure,Deluxe,Corporate Rate,175.16,700.64,7.8,Passive,False
R00694,G0149,7,2023-05-06,Thursday,7,19,Bleisure,Suite,Corporate Rate,329.64,2307.48,9.2,Promoter,False
R00695,G0149,8,2024-10-21,Saturday,4,19,Business,Deluxe,Corporate Rate,173.49,693.96,9.2,Promoter,True
R00696,G0149,9,2024-10-25,Tuesday,3,7,Business,Suite,Corporate Rate,343.9,1031.7,8.5,Passive,True
R00697,G0149,10,2023-06-24,Wednesday,5,16,Business,Junior Suite,Corporate Rate,223.78,1118.9,9.0,Promoter,False
R00698,G0149,11,2023-05-14,Thursday,6,9,Business,Deluxe,Corporate Rate,178.32,1069.92,7.7,Passive,False
R00699,G0149,12,2023-09-15,Friday,5,15,Business,Deluxe,Corporate Rate,178.03,890.15,9.4,Promoter,True
R00700,G0149,13,2023-10-25,Monday,5,14,Bleisure,Junior Suite,Corporate Rate,242.26,1211.3,8.6,Passive,True
R00701,G0149,14,2023-01-24,Friday,6,11,Bleisure,Presidential Suite,Corporate Rate,595.06,3570.36,8.3,Passive,False
R00702,G0149,15,2024-06-27,Friday,3,14,Business,Junior Suite,Corporate Rate,242.66,727.98,9.5,Promoter,True
R00703,G0149,16,2023-10-10,Sunday,7,4,Business,Suite,Corporate Rate,332.76,2329.32,8.1,Passive,False
R00704,G0149,17,2023-10-24,Monday,4,9,Bleisure,Presidential Suite,Corporate Rate,573.8,2295.2,7.6,Passive,False
R00705,G0149,18,2023-12-30,Wednesday,5,6,Business,Junior Suite,Corporate Rate,229.39,1146.95,7.5,Passive,False
R00706,G0149,19,2023-05-25,Tuesday,7,17,Bleisure,Suite,Corporate Rate,350.62,2454.34,9.2,Promoter,True
R00707,G0149,20,2024-09-13,Thursday,4,18,Leisure,Junior Suite,Corporate Rate,234.5,938.0,7.7,Passive,False
R00708,G0149,21,2023-11-27,Monday,5,5,Leisure,Presidential Suite,Corporate Rate,623.38,3116.9,10.0,Promoter,False
R00709,G0149,22,2024-06-01,Saturday,3,17,Business,Presidential Suite,Corporate Rate,619.2,1857.6,7.0,Passive,False
R00710,G0149,23,2024-07-19,Friday,3,8,Bleisure,Junior Suite,Corporate Rate,223.94,671.82,10.0,Promoter,False
R00711,G0149,24,2024-08-23,Thursday,7,7,Business,Suite,Corporate Rate,340.1,2380.7,8.9,Passive,True
R00712,G0149,25,2024-12-05,Wednesday,6,11,Business,Suite,Corporate Rate,352.04,2112.24,8.6,Passive,False
R00713,G0150,1,2024-03-01,Sunday,7,7,Leisure,Standard,OTA Rate,148.89,1042.23,5.9,Detractor,False
R00714,G0151,1,2023-12-21,Monday,7,3,Bleisure,Suite,OTA Rate,412.25,2885.75,6.6,Detractor,False
R00715,G0152,1,2024-10-16,Thursday,6,10,Leisure,Standard,OTA Rate,144.77,868.62,6.7,Detractor,False
R00716,G0152,2,2024-05-03,Monday,3,25,Bleisure,Presidential Suite,OTA Rate,660.77,1982.31,7.9,Passive,False
R00717,G0152,3,2023-06-11,Saturday,6,5,Leisure,Standard,OTA Rate,145.82,874.92,7.1,Passive,False
R00718,G0152,4,2023-12-10,Monday,4,30,Bleisure,Standard,OTA Rate,151.53,606.12,7.1,Passive,False
R00719,G0152,5,2023-10-29,Wednesday,3,2,Business,Junior Suite,OTA Rate,279.55,838.65,6.7,Detractor,False
R00720,G0153,1,2023-12-12,Friday,2,69,Business,Presidential Suite,BAR,630.45,1260.9,7.8,Passive,False
R00721,G0153,2,2023-04-09,Monday,1,19,Business,Suite,Package,341.36,341.36,8.3,Passive,False
R00722,G0153,3,2023-07-28,Friday,2,17,Bleisure,Deluxe,BAR,170.6,341.2,6.7,Detractor,False
R00723,G0153,4,2023-08-06,Monday,1,46,Business,Suite,Loyalty Rate,371.76,371.76,7.0,Passive,False
R00724,G0153,5,2024-06-05,Friday,2,76,Leisure,Junior Suite,Loyalty Rate,258.44,516.88,8.7,Passive,False
R00725,G0153,6,2023-05-27,Sunday,4,51,Leisure,Junior Suite,Loyalty Rate,243.9,975.6,8.2,Passive,False
R00726,G0153,7,2024-07-21,Wednesday,2,38,Business,Deluxe,Loyalty Rate,186.32,372.64,8.0,Passive,False
R00727,G0153,8,2024-07-17,Friday,5,19,Leisure,Deluxe,BAR,181.38,906.9,8.1,Passive,False
R00728,G0153,9,2023-05-08,Thursday,2,16,Business,Junior Suite,Loyalty Rate,247.42,494.84,8.4,Passive,False
R00729,G0153,10,2024-08-01,Monday,4,50,Leisure,Junior Suite,Package,257.09,1028.36,7.7,Passive,False
R00730,G0154,1,2024-04-08,Saturday,3,13,Leisure,Suite,OTA Rate,403.71,1211.13,7.3,Passive,False
R00731,G0154,2,2024-09-30,Friday,6,19,Leisure,Suite,OTA Rate,412.19,2473.14,8.4,Passive,False
R00732,G0154,3,2024-11-03,Saturday,5,3,Bleisure,Presidential Suite,OTA Rate,669.94,3349.7,7.4,Passive,False
R00733,G0154,4,2024-07-02,Saturday,7,19,Leisure,Junior Suite,OTA Rate,268.66,1880.62,8.5,Passive,True
R00734,G0154,5,2023-01-22,Sunday,6,20,Leisure,Suite,OTA Rate,411.52,2469.12,6.8,Detractor,False
R00735,G0154,6,2023-06-29,Tuesday,3,10,Leisure,Suite,OTA Rate,407.35,1222.05,9.0,Promoter,True
R00736,G0154,7,2024-07-31,Sunday,5,20,Leisure,Suite,OTA Rate,418.43,2092.15,8.6,Passive,True
R00737,G0154,8,2024-02-12,Friday,5,29,Leisure,Standard,OTA Rate,145.64,728.2,8.4,Passive,False
R00738,G0154,9,2023-08-10,Sunday,3,17,Bleisure,Suite,OTA Rate,383.98,1151.94,9.0,Promoter,False
R00739,G0154,10,2024-01-06,Sunday,6,5,Leisure,Suite,OTA Rate,396.19,2377.14,9.5,Promoter,True
R00740,G0154,11,2023-10-19,Sunday,5,29,Leisure,Suite,OTA Rate,418.0,2090.0,9.0,Promoter,False
R00741,G0154,12,2024-08-02,Friday,6,26,Leisure,Suite,OTA Rate,374.72,2248.32,6.7,Detractor,False
R00742,G0154,13,2024-08-27,Saturday,3,14,Leisure,Suite,OTA Rate,371.93,1115.79,7.2,Passive,False
R00743,G0154,14,2024-07-17,Friday,5,21,Bleisure,Deluxe,OTA Rate,204.53,1022.65,7.7,Passive,False
R00744,G0154,15,2023-01-16,Saturday,2,22,Leisure,Suite,OTA Rate,412.84,825.68,8.2,Passive,False
R00745,G0154,16,2023-07-14,Thursday,4,30,Leisure,Suite,OTA Rate,380.15,1520.6,8.6,Passive,True
R00746,G0154,17,2023-10-01,Tuesday,4,28,Bleisure,Suite,OTA Rate,399.55,1598.2,7.6,Passive,False
R00747,G0154,18,2023-02-11,Sunday,3,16,Leisure,Suite,OTA Rate,367.13,1101.39,8.3,Passive,False
R00748,G0154,19,2024-11-14,Friday,5,30,Leisure,Presidential Suite,OTA Rate,648.77,3243.85,7.6,Passive,False
R00749,G0155,1,2023-02-26,Sunday,2,17,Business,Standard,OTA Rate,138.65,277.3,5.8,Detractor,False
R00750,G0155,2,2023-07-17,Friday,2,2,Leisure,Junior Suite,OTA Rate,270.29,540.58,5.5,Detractor,False
R00751,G0156,1,2023-02-27,Tuesday,2,5,Business,Suite,Corporate Rate,332.02,664.04,6.5,Detractor,False
R00752,G0156,2,2024-04-09,Monday,3,19,Business,Standard,Corporate Rate,127.88,383.64,6.4,Detractor,False
R00753,G0156,3,2024-03-29,Wednesday,1,14,Business,Standard,Corporate Rate,123.37,123.37,6.7,Detractor,False
R00754,G0157,1,2023-01-18,Friday,4,15,Bleisure,Standard,Corporate Rate,129.84,519.36,8.0,Passive,False
R00755,G0157,2,2024-04-04,Saturday,5,7,Bleisure,Deluxe,Corporate Rate,166.06,830.3,6.7,Detractor,False
R00756,G0157,3,2024-07-22,Saturday,5,18,Bleisure,Suite,Corporate Rate,356.03,1780.15,9.6,Promoter,False
R00757,G0157,4,2024-08-01,Saturday,4,3,Bleisure,Deluxe,Corporate Rate,169.63,678.52,7.9,Passive,False
R00758,G0158,1,2024-06-30,Sunday,1,9,Business,Junior Suite,Corporate Rate,225.69,225.69,7.9,Passive,False
R00759,G0158,2,2023-05-16,Thursday,7,8,Leisure,Deluxe,Corporate Rate,177.42,1241.94,7.4,Passive,False
R00760,G0158,3,2024-02-15,Wednesday,1,17,Business,Standard,Corporate Rate,131.86,131.86,8.7,Passive,False
R00761,G0158,4,2023-06-18,Monday,3,3,Bleisure,Deluxe,Corporate Rate,163.56,490.68,7.6,Passive,False
R00762,G0158,5,2024-03-08,Wednesday,3,13,Business,Standard,Corporate Rate,126.59,379.77,8.2,Passive,False
R00763,G0158,6,2024-08-10,Friday,3,9,Leisure,Deluxe,Corporate Rate,176.94,530.82,10.0,Promoter,True
R00764,G0159,1,2023-11-11,Monday,3,88,Bleisure,Deluxe,BAR,200.86,602.58,6.7,Detractor,False
R00765,G0159,2,2024-06-06,Thursday,2,49,Business,Standard,BAR,151.65,303.3,8.0,Passive,False
R00766,G0160,1,2024-11-29,Tuesday,5,18,Bleisure,Standard,OTA Rate,139.83,699.15,6.1,Detractor,False
R00767,G0160,2,2024-04-19,Friday,6,6,Leisure,Junior Suite,OTA Rate,259.41,1556.46,7.0,Passive,False
R00768,G0160,3,2023-06-15,Sunday,6,18,Leisure,Junior Suite,OTA Rate,260.39,1562.34,8.4,Passive,False
R00769,G0160,4,2023-07-18,Sunday,5,6,Bleisure,Deluxe,OTA Rate,191.88,959.4,6.5,Detractor,False
R00770,G0160,5,2024-05-18,Saturday,5,8,Leisure,Deluxe,OTA Rate,205.5,1027.5,8.4,Passive,False
R00771,G0161,1,2023-08-26,Friday,7,43,Leisure,Junior Suite,Promotional,282.14,1974.98,7.8,Passive,False
R00772,G0161,2,2023-12-13,Saturday,7,84,Leisure,Junior Suite,BAR,295.15,2066.05,7.1,Passive,False
R00773,G0161,3,2024-03-14,Sunday,6,82,Leisure,Junior Suite,BAR,304.31,1825.86,8.0,Passive,False
R00774,G0161,4,2023-08-30,Friday,3,67,Leisure,Junior Suite,BAR,271.06,813.18,8.3,Passive,False
R00775,G0161,5,2024-11-05,Wednesday,7,62,Leisure,Junior Suite,BAR,281.51,1970.57,8.0,Passive,False
R00776,G0162,1,2024-11-06,Saturday,5,30,Bleisure,Standard,OTA Rate,142.21,711.05,5.4,Detractor,False
R00777,G0162,2,2024-08-06,Monday,3,25,Business,Junior Suite,OTA Rate,259.32,777.96,6.4,Detractor,False
R00778,G0162,3,2024-08-07,Wednesday,2,25,Business,Deluxe,OTA Rate,184.1,368.2,6.8,Detractor,False
R00779,G0162,4,2024-08-27,Saturday,3,14,Leisure,Deluxe,OTA Rate,197.1,591.3,6.9,Detractor,False
R00780,G0162,5,2024-07-13,Sunday,3,29,Leisure,Junior Suite,OTA Rate,287.54,862.62,7.5,Passive,False
R00781,G0163,1,2023-02-04,Saturday,3,83,Leisure,Deluxe,Package,210.45,631.35,6.9,Detractor,False
R00782,G0163,2,2023-09-14,Thursday,3,52,Leisure,Suite,BAR,423.07,1269.21,6.0,Detractor,False
R00783,G0164,1,2024-06-08,Monday,5,12,Leisure,Junior Suite,OTA Rate,276.47,1382.35,7.0,Passive,False
R00784,G0164,2,2024-04-13,Saturday,6,3,Leisure,Deluxe,OTA Rate,187.71,1126.26,7.5,Passive,False
R00785,G0164,3,2024-07-11,Friday,7,25,Leisure,Suite,OTA Rate,376.77,2637.39,7.4,Passive,False
R00786,G0164,4,2024-09-22,Friday,7,3,Leisure,Junior Suite,OTA Rate,280.75,1965.25,7.9,Passive,False
R00787,G0164,5,2024-04-17,Friday,7,5,Leisure,Suite,OTA Rate,396.88,2778.16,7.7,Passive,False
R00788,G0165,1,2024-03-22,Thursday,4,13,Business,Suite,Corporate Rate,327.03,1308.12,8.8,Passive,False
R00789,G0165,2,2023-02-09,Friday,6,8,Bleisure,Suite,Corporate Rate,350.82,2104.92,8.6,Passive,True
R00790,G0165,3,2024-12-13,Monday,6,15,Business,Suite,Corporate Rate,332.44,1994.64,7.4,Passive,False
R00791,G0165,4,2024-04-12,Monday,4,11,Business,Presidential Suite,Corporate Rate,571.5,2286.0,9.0,Promoter,False
R00792,G0165,5,2024-01-19,Monday,6,17,Business,Suite,Corporate Rate,327.02,1962.12,8.9,Passive,True
R00793,G0165,6,2024-09-18,Wednesday,4,20,Business,Suite,Corporate Rate,352.99,1411.96,8.9,Passive,False
R00794,G0165,7,2023-08-16,Wednesday,5,15,Bleisure,Deluxe,Corporate Rate,160.78,803.9,7.7,Passive,False
R00795,G0165,8,2024-11-27,Wednesday,6,8,Leisure,Presidential Suite,Corporate Rate,583.2,3499.2,7.8,Passive,False
R00796,G0165,9,2023-06-21,Wednesday,6,10,Leisure,Junior Suite,Corporate Rate,240.16,1440.96,9.5,Promoter,False
R00797,G0165,10,2023-04-15,Sunday,3,20,Business,Suite,Corporate Rate,333.93,1001.79,8.7,Passive,True
R00798,G0166,1,2024-10-23,Thursday,7,11,Leisure,Standard,OTA Rate,143.29,1003.03,7.2,Passive,False
R00799,G0166,2,2024-05-14,Thursday,4,1,Leisure,Deluxe,OTA Rate,199.33,797.32,7.0,Passive,False
R00800,G0166,3,2023-05-03,Sunday,6,30,Leisure,Suite,OTA Rate,414.48,2486.88,7.0,Passive,False
R00801,G0166,4,2024-09-05,Monday,6,19,Leisure,Deluxe,OTA Rate,203.61,1221.66,7.8,Passive,False
R00802,G0167,1,2023-03-30,Wednesday,4,5,Bleisure,Deluxe,Corporate Rate,168.23,672.92,6.8,Detractor,False
R00803,G0167,2,2023-12-01,Wednesday,3,8,Bleisure,Deluxe,Corporate Rate,176.83,530.49,7.6,Passive,False
R00804,G0168,1,2024-03-05,Sunday,6,4,Leisure,Standard,OTA Rate,145.34,872.04,6.3,Detractor,False
R00805,G0168,2,2023-11-21,Saturday,2,28,Business,Standard,OTA Rate,153.82,307.64,6.7,Detractor,False
R00806,G0168,3,2023-04-22,Saturday,2,2,Bleisure,Deluxe,OTA Rate,187.67,375.34,6.8,Detractor,False
R00807,G0169,1,2024-01-28,Sunday,7,88,Leisure,Junior Suite,BAR,295.71,2069.97,7.4,Passive,False
R00808,G0169,2,2023-05-15,Monday,4,51,Leisure,Suite,BAR,430.31,1721.24,7.1,Passive,False
R00809,G0169,3,2023-12-23,Sunday,7,120,Leisure,Deluxe,BAR,198.73,1391.11,8.5,Passive,False
R00810,G0169,4,2024-06-02,Saturday,6,56,Leisure,Deluxe,BAR,203.76,1222.56,6.8,Detractor,False
R00811,G0169,5,2023-12-12,Sunday,7,90,Leisure,Junior Suite,Package,282.71,1978.97,7.4,Passive,False
R00812,G0170,1,2024-01-08,Thursday,7,50,Leisure,Standard,BAR,162.96,1140.72,6.8,Detractor,False
R00813,G0170,2,2023-05-02,Saturday,5,56,Leisure,Standard,Promotional,141.69,708.45,8.7,Passive,True
R00814,G0170,3,2023-06-09,Friday,3,89,Leisure,Deluxe,BAR,217.66,652.98,7.7,Passive,False
R00815,G0171,1,2023-05-15,Sunday,2,26,Leisure,Standard,OTA Rate,143.23,286.46,7.1,Passive,False
R00816,G0172,1,2023-08-02,Tuesday,1,80,Business,Deluxe,BAR,180.21,180.21,6.6,Detractor,False
R00817,G0172,2,2023-07-06,Thursday,4,80,Leisure,Junior Suite,Loyalty Rate,253.51,1014.04,8.3,Passive,False
R00818,G0172,3,2024-05-17,Saturday,3,42,Business,Deluxe,Package,184.85,554.55,8.8,Passive,False
R00819,G0172,4,2023-10-27,Tuesday,2,30,Leisure,Deluxe,BAR,183.85,367.7,8.2,Passive,False
R00820,G0172,5,2023-06-21,Thursday,2,81,Leisure,Deluxe,Package,183.23,366.46,9.0,Promoter,False
R00821,G0172,6,2023-04-19,Wednesday,2,30,Leisure,Deluxe,Loyalty Rate,185.89,371.78,7.7,Passive,False
R00822,G0173,1,2023-01-08,Saturday,2,62,Leisure,Suite,Package,359.88,719.76,9.5,Promoter,True
R00823,G0173,2,2024-05-16,Thursday,2,58,Business,Standard,Loyalty Rate,133.68,267.36,10.0,Promoter,True
R00824,G0173,3,2023-03-31,Wednesday,3,58,Leisure,Suite,Loyalty Rate,368.95,1106.85,8.4,Passive,False
R00825,G0173,4,2024-01-07,Thursday,3,62,Leisure,Deluxe,BAR,169.8,509.4,8.3,Passive,False
R00826,G0173,5,2023-05-26,Friday,7,72,Leisure,Junior Suite,BAR,243.88,1707.16,9.9,Promoter,True
R00827,G0173,6,2023-02-24,Wednesday,5,29,Leisure,Suite,Loyalty Rate,357.39,1786.95,10.0,Promoter,True
R00828,G0173,7,2024-03-29,Saturday,6,88,Leisure,Presidential Suite,Package,658.88,3953.28,8.3,Passive,False
R00829,G0173,8,2023-11-30,Monday,3,41,Business,Suite,Package,377.27,1131.81,8.4,Passive,False
R00830,G0173,9,2024-03-13,Saturday,6,23,Leisure,Suite,Loyalty Rate,361.12,2166.72,8.5,Passive,True
R00831,G0173,10,2023-06-20,Friday,3,87,Bleisure,Presidential Suite,BAR,616.53,1849.59,7.6,Passive,False
R00832,G0173,11,2023-11-12,Tuesday,5,77,Bleisure,Junior Suite,Package,245.24,1226.2,8.0,Passive,False
R00833,G0173,12,2023-01-21,Thursday,4,87,Leisure,Suite,BAR,363.54,1454.16,7.9,Passive,False
R00834,G0173,13,2023-04-30,Wednesday,3,70,Business,Standard,BAR,133.21,399.63,8.1,Passive,False
R00835,G0173,14,2023-06-15,Tuesday,3,73,Business,Suite,Package,367.83,1103.49,8.7,Passive,True
R00836,G0173,15,2024-12-25,Friday,6,85,Leisure,Presidential Suite,BAR,603.28,3619.68,8.9,Passive,True
R00837,G0173,16,2024-11-22,Tuesday,4,64,Leisure,Suite,BAR,341.32,1365.28,9.9,Promoter,True
R00838,G0173,17,2023-02-08,Thursday,6,76,Leisure,Suite,Package,374.45,2246.7,7.9,Passive,False
R00839,G0173,18,2024-06-15,Sunday,5,58,Leisure,Suite,BAR,367.96,1839.8,9.5,Promoter,False
R00840,G0173,19,2024-11-14,Wednesday,7,82,Leisure,Junior Suite,Loyalty Rate,260.53,1823.71,8.5,Passive,False
R00841,G0173,20,2023-02-11,Tuesday,2,44,Business,Presidential Suite,BAR,651.1,1302.2,8.7,Passive,False
R00842,G0174,1,2024-08-10,Friday,4,41,Bleisure,Presidential Suite,Package,634.03,2536.12,8.3,Passive,False
R00843,G0174,2,2023-04-06,Monday,3,42,Business,Suite,BAR,362.57,1087.71,7.2,Passive,False
R00844,G0174,3,2023-12-23,Tuesday,3,82,Leisure,Deluxe,Package,179.33,537.99,8.4,Passive,False
R00845,G0174,4,2023-02-28,Wednesday,2,94,Leisure,Deluxe,Loyalty Rate,173.34,346.68,8.2,Passive,False
R00846,G0174,5,2024-08-30,Saturday,2,39,Leisure,Deluxe,BAR,183.71,367.42,8.5,Passive,True
R00847,G0174,6,2023-06-11,Thursday,3,79,Business,Deluxe,BAR,171.93,515.79,8.3,Passive,False
R00848,G0174,7,2023-04-28,Saturday,2,35,Leisure,Standard,Loyalty Rate,128.58,257.16,10.0,Promoter,True
R00849,G0175,1,2023-05-04,Monday,5,19,Business,Suite,Corporate Rate,356.4,1782.0,7.9,Passive,False
R00850,G0175,2,2023-07-22,Saturday,3,12,Leisure,Suite,Corporate Rate,336.41,1009.23,8.3,Passive,False
R00851,G0175,3,2023-12-12,Monday,6,12,Business,Suite,Corporate Rate,323.33,1939.98,8.2,Passive,False
R00852,G0175,4,2023-10-16,Monday,7,15,Business,Suite,Corporate Rate,324.81,2273.67,8.3,Passive,False
R00853,G0175,5,2023-12-12,Saturday,4,7,Bleisure,Suite,Corporate Rate,334.19,1336.76,8.2,Passive,False
R00854,G0175,6,2023-01-18,Saturday,5,15,Bleisure,Suite,Corporate Rate,321.83,1609.15,9.7,Promoter,False
R00855,G0175,7,2024-11-01,Friday,7,14,Business,Deluxe,Corporate Rate,173.02,1211.14,9.8,Promoter,True
R00856,G0175,8,2023-01-18,Thursday,5,7,Bleisure,Junior Suite,Corporate Rate,235.03,1175.15,8.2,Passive,False
R00857,G0175,9,2024-01-03,Wednesday,5,7,Business,Junior Suite,Corporate Rate,223.95,1119.75,8.0,Passive,False
R00858,G0175,10,2023-03-18,Saturday,4,18,Bleisure,Presidential Suite,Corporate Rate,588.73,2354.92,9.1,Promoter,True
R00859,G0175,11,2023-06-15,Wednesday,3,8,Business,Suite,Corporate Rate,321.65,964.95,8.3,Passive,False
R00860,G0175,12,2023-03-29,Friday,6,10,Business,Deluxe,Corporate Rate,176.31,1057.86,9.2,Promoter,True
R00861,G0175,13,2023-04-20,Tuesday,3,10,Business,Suite,Corporate Rate,353.77,1061.31,8.9,Passive,True
R00862,G0175,14,2023-03-02,Wednesday,6,21,Business,Presidential Suite,Corporate Rate,603.92,3623.52,7.5,Passive,False
R00863,G0175,15,2024-01-13,Thursday,3,14,Business,Junior Suite,Corporate Rate,242.09,726.27,9.9,Promoter,False
R00864,G0175,16,2024-01-16,Friday,5,18,Business,Suite,Corporate Rate,324.66,1623.3,10.0,Promoter,False
R00865,G0175,17,2024-04-17,Monday,3,6,Business,Suite,Corporate Rate,339.72,1019.16,8.2,Passive,False
R00866,G0175,18,2023-02-09,Thursday,6,20,Business,Junior Suite,Corporate Rate,235.74,1414.44,8.4,Passive,False
R00867,G0175,19,2023-10-10,Tuesday,6,19,Bleisure,Standard,Corporate Rate,119.4,716.4,8.9,Passive,True
R00868,G0175,20,2024-11-17,Monday,3,6,Business,Presidential Suite,Corporate Rate,608.43,1825.29,9.0,Promoter,True
R00869,G0175,21,2023-07-20,Tuesday,4,4,Business,Suite,Corporate Rate,328.34,1313.36,9.2,Promoter,True
R00870,G0175,22,2023-02-18,Thursday,6,12,Bleisure,Deluxe,Corporate Rate,167.17,1003.02,10.0,Promoter,True
R00871,G0176,1,2023-07-21,Wednesday,5,18,Business,Presidential Suite,OTA Rate,704.54,3522.7,7.8,Passive,False
R00872,G0176,2,2024-04-02,Friday,6,1,Leisure,Junior Suite,OTA Rate,277.04,1662.24,7.6,Passive,False
R00873,G0176,3,2023-12-08,Saturday,7,13,Leisure,Deluxe,OTA Rate,204.03,1428.21,7.1,Passive,False
R00874,G0176,4,2024-03-26,Sunday,6,27,Leisure,Deluxe,OTA Rate,192.22,1153.32,7.6,Passive,False
R00875,G0176,5,2023-03-07,Sunday,7,1,Leisure,Standard,OTA Rate,156.06,1092.42,8.2,Passive,False
R00876,G0176,6,2024-02-17,Tuesday,7,1,Leisure,Suite,OTA Rate,408.32,2858.24,9.6,Promoter,True
R00877,G0176,7,2024-08-25,Friday,4,1,Leisure,Suite,OTA Rate,380.71,1522.84,7.8,Passive,False
R00878,G0176,8,2023-08-30,Sunday,7,25,Leisure,Suite,OTA Rate,403.78,2826.46,8.4,Passive,False
R00879,G0176,9,2024-12-14,Monday,3,11,Leisure,Suite,OTA Rate,369.27,1107.81,8.2,Passive,False
R00880,G0176,10,2024-09-17,Monday,6,21,Leisure,Suite,OTA Rate,409.7,2458.2,9.2,Promoter,False
R00881,G0176,11,2024-02-09,Friday,5,21,Leisure,Deluxe,OTA Rate,195.06,975.3,10.0,Promoter,True
R00882,G0176,12,2023-05-04,Friday,6,4,Leisure,Junior Suite,OTA Rate,270.54,1623.24,7.8,Passive,False
R00883,G0176,13,2023-04-12,Friday,6,16,Bleisure,Suite,OTA Rate,379.96,2279.76,7.8,Passive,False
R00884,G0176,14,2023-06-28,Friday,7,22,Leisure,Suite,OTA Rate,382.08,2674.56,9.0,Promoter,False
R00885,G0176,15,2023-04-27,Friday,3,23,Leisure,Suite,OTA Rate,380.78,1142.34,8.7,Passive,False
R00886,G0176,16,2024-11-07,Wednesday,7,15,Bleisure,Suite,OTA Rate,395.12,2765.84,9.7,Promoter,True
R00887,G0176,17,2023-04-02,Sunday,7,21,Leisure,Suite,OTA Rate,399.64,2797.48,8.7,Passive,True
R00888,G0176,18,2024-07-12,Saturday,5,22,Leisure,Suite,OTA Rate,398.99,1994.95,7.9,Passive,False
R00889,G0176,19,2024-06-09,Sunday,6,29,Leisure,Deluxe,OTA Rate,185.98,1115.88,8.7,Passive,False
R00890,G0176,20,2023-01-23,Friday,7,10,Leisure,Presidential Suite,OTA Rate,689.26,4824.82,9.1,Promoter,False
R00891,G0176,21,2023-03-14,Sunday,5,18,Leisure,Deluxe,OTA Rate,202.69,1013.45,8.9,Passive,True
R00892,G0176,22,2023-12-31,Saturday,7,15,Leisure,Presidential Suite,OTA Rate,677.05,4739.35,8.6,Passive,False
R00893,G0177,1,2024-07-06,Saturday,7,19,Leisure,Deluxe,BAR,208.95,1462.65,8.1,Passive,False
R00894,G0177,2,2023-07-04,Friday,5,90,Leisure,Deluxe,Package,208.99,1044.95,8.4,Passive,False
R00895,G0177,3,2023-06-11,Friday,6,35,Leisure,Junior Suite,BAR,302.87,1817.22,8.6,Passive,True
R00896,G0177,4,2024-02-06,Sunday,5,48,Leisure,Standard,BAR,157.49,787.45,8.0,Passive,False
R00897,G0178,1,2023-09-22,Tuesday,6,6,Leisure,Junior Suite,Corporate Rate,224.43,1346.58,8.3,Passive,False
R00898,G0178,2,2024-07-19,Monday,7,20,Business,Junior Suite,Corporate Rate,243.37,1703.59,8.8,Passive,True
R00899,G0178,3,2024-04-16,Friday,6,8,Business,Junior Suite,Corporate Rate,224.46,1346.76,9.7,Promoter,False
R00900,G0178,4,2024-03-07,Thursday,6,20,Bleisure,Junior Suite,Corporate Rate,230.59,1383.54,8.0,Passive,False
R00901,G0178,5,2024-09-18,Tuesday,5,7,Business,Deluxe,Corporate Rate,159.43,797.15,9.0,Promoter,False
R00902,G0178,6,2023-04-15,Monday,7,10,Business,Suite,Corporate Rate,335.42,2347.94,8.4,Passive,False
R00903,G0178,7,2024-07-09,Monday,4,11,Business,Suite,Corporate Rate,340.45,1361.8,8.7,Passive,True
R00904,G0178,8,2024-09-20,Tuesday,6,18,Business,Deluxe,Corporate Rate,178.85,1073.1,9.7,Promoter,True
R00905,G0178,9,2024-09-08,Tuesday,3,5,Business,Junior Suite,Corporate Rate,229.18,687.54,8.9,Passive,False
R00906,G0178,10,2024-08-23,Sunday,5,8,Bleisure,Presidential Suite,Corporate Rate,620.23,3101.15,8.7,Passive,False
R00907,G0178,11,2023-04-21,Wednesday,3,13,Business,Deluxe,Corporate Rate,164.15,492.45,7.6,Passive,False
R00908,G0178,12,2023-09-18,Wednesday,5,3,Business,Presidential Suite,Corporate Rate,584.39,2921.95,9.3,Promoter,False
R00909,G0178,13,2023-11-06,Tuesday,3,16,Business,Junior Suite,Corporate Rate,224.08,672.24,9.2,Promoter,True
R00910,G0178,14,2023-10-24,Thursday,6,5,Business,Suite,Corporate Rate,348.74,2092.44,10.0,Promoter,False
R00911,G0178,15,2023-03-08,Tuesday,7,20,Bleisure,Suite,Corporate Rate,341.01,2387.07,8.5,Passive,True
R00912,G0178,16,2024-07-08,Saturday,6,20,Leisure,Deluxe,Corporate Rate,164.6,987.6,8.9,Passive,True
R00913,G0178,17,2024-02-28,Sunday,5,8,Business,Presidential Suite,Corporate Rate,603.0,3015.0,8.9,Passive,False
R00914,G0178,18,2024-07-13,Thursday,4,21,Business,Junior Suite,Corporate Rate,240.46,961.84,10.0,Promoter,True
R00915,G0178,19,2024-06-02,Tuesday,5,13,Business,Suite,Corporate Rate,358.26,1791.3,8.6,Passive,False
R00916,G0178,20,2023-02-20,Wednesday,7,8,Business,Deluxe,Corporate Rate,172.88,1210.16,8.9,Passive,True
R00917,G0179,1,2024-01-05,Sunday,7,12,Leisure,Deluxe,OTA Rate,195.35,1367.45,6.8,Detractor,False
R00918,G0179,2,2024-03-08,Monday,7,25,Leisure,Junior Suite,OTA Rate,285.97,2001.79,6.7,Detractor,False
R00919,G0180,1,2023-08-01,Thursday,3,26,Bleisure,Suite,Loyalty Rate,354.01,1062.03,8.0,Passive,False
R00920,G0180,2,2023-02-27,Monday,2,90,Bleisure,Suite,BAR,371.35,742.7,8.9,Passive,True
R00921,G0180,3,2024-08-17,Monday,5,62,Bleisure,Suite,Loyalty Rate,375.18,1875.9,9.6,Promoter,False
R00922,G0180,4,2024-09-20,Friday,2,55,Bleisure,Suite,Loyalty Rate,339.72,679.44,7.9,Passive,False
R00923,G0180,5,2023-11-15,Sunday,5,70,Bleisure,Junior Suite,Package,253.09,1265.45,8.8,Passive,False
R00924,G0180,6,2023-11-12,Sunday,3,78,Leisure,Suite,Loyalty Rate,344.37,1033.11,8.1,Passive,False
R00925,G0180,7,2024-01-14,Friday,5,30,Bleisure,Presidential Suite,Loyalty Rate,623.42,3117.1,9.7,Promoter,False
R00926,G0180,8,2023-02-25,Wednesday,3,58,Business,Junior Suite,Loyalty Rate,256.53,769.59,7.5,Passive,False
R00927,G0180,9,2024-11-22,Sunday,2,36,Bleisure,Deluxe,Loyalty Rate,184.31,368.62,8.3,Passive,False
R00928,G0180,10,2024-04-07,Sunday,5,53,Bleisure,Junior Suite,BAR,254.26,1271.3,9.0,Promoter,True
R00929,G0180,11,2023-04-17,Tuesday,1,25,Business,Junior Suite,Package,251.19,251.19,10.0,Promoter,False
R00930,G0180,12,2024-06-30,Saturday,2,14,Leisure,Suite,Package,339.75,679.5,8.6,Passive,True
R00931,G0180,13,2024-06-12,Friday,5,85,Leisure,Deluxe,Package,172.59,862.95,8.3,Passive,False
R00932,G0180,14,2024-09-01,Friday,2,48,Leisure,Junior Suite,Package,248.55,497.1,10.0,Promoter,True
R00933,G0180,15,2023-06-18,Friday,3,28,Leisure,Presidential Suite,Loyalty Rate,631.11,1893.33,7.5,Passive,False
R00934,G0180,16,2023-08-23,Sunday,4,43,Leisure,Junior Suite,BAR,257.5,1030.0,6.9,Detractor,False
R00935,G0180,17,2024-06-29,Wednesday,3,35,Business,Junior Suite,Loyalty Rate,251.49,754.47,9.1,Promoter,True
R00936,G0181,1,2023-05-07,Saturday,7,13,Bleisure,Suite,Corporate Rate,333.64,2335.48,6.8,Detractor,False
R00937,G0181,2,2023-10-02,Thursday,5,12,Business,Junior Suite,Corporate Rate,231.16,1155.8,6.7,Detractor,False
R00938,G0181,3,2024-04-23,Monday,3,6,Business,Deluxe,Corporate Rate,163.05,489.15,8.1,Passive,False
R00939,G0181,4,2024-12-31,Thursday,7,18,Leisure,Junior Suite,Corporate Rate,240.52,1683.64,7.7,Passive,False
R00940,G0182,1,2023-03-28,Sunday,5,40,Leisure,Deluxe,Loyalty Rate,181.92,909.6,7.3,Passive,False
R00941,G0182,2,2023-06-20,Monday,6,82,Leisure,Deluxe,Loyalty Rate,170.6,1023.6,7.1,Passive,False
R00942,G0182,3,2024-05-01,Monday,2,22,Bleisure,Junior Suite,Loyalty Rate,244.04,488.08,8.8,Passive,True
R00943,G0182,4,2023-12-03,Wednesday,5,43,Leisure,Deluxe,BAR,185.66,928.3,8.6,Passive,True
R00944,G0182,5,2023-08-23,Thursday,4,15,Bleisure,Standard,Package,137.08,548.32,8.0,Passive,False
R00945,G0182,6,2024-10-11,Friday,7,64,Leisure,Deluxe,BAR,179.38,1255.66,9.6,Promoter,True
R00946,G0182,7,2024-03-11,Wednesday,4,46,Bleisure,Suite,Package,349.59,1398.36,7.2,Passive,False
R00947,G0182,8,2024-03-13,Wednesday,3,60,Business,Junior Suite,Loyalty Rate,254.44,763.32,6.9,Detractor,False
R00948,G0182,9,2024-04-06,Saturday,2,55,Leisure,Deluxe,BAR,172.08,344.16,7.5,Passive,False
R00949,G0182,10,2024-04-12,Friday,4,82,Leisure,Junior Suite,Package,252.99,1011.96,8.1,Passive,False
R00950,G0183,1,2024-03-11,Friday,7,2,Leisure,Deluxe,OTA Rate,208.57,1459.99,6.5,Detractor,False
R00951,G0184,1,2024-05-07,Tuesday,5,27,Leisure,Junior Suite,Loyalty Rate,240.99,1204.95,8.2,Passive,False
R00952,G0184,2,2024-01-21,Thursday,3,90,Business,Suite,Package,367.5,1102.5,9.0,Promoter,True
R00953,G0184,3,2023-05-16,Sunday,7,42,Leisure,Suite,Loyalty Rate,348.55,2439.85,7.7,Passive,False
R00954,G0184,4,2024-08-04,Wednesday,2,84,Leisure,Suite,Loyalty Rate,371.74,743.48,9.9,Promoter,False
R00955,G0184,5,2024-08-03,Monday,3,20,Business,Suite,BAR,347.61,1042.83,8.6,Passive,True
R00956,G0184,6,2023-02-15,Monday,3,36,Leisure,Presidential Suite,Loyalty Rate,642.5,1927.5,9.6,Promoter,True
R00957,G0184,7,2024-03-20,Monday,2,79,Bleisure,Suite,BAR,373.78,747.56,9.0,Promoter,False
R00958,G0184,8,2024-11-23,Friday,2,84,Leisure,Deluxe,Loyalty Rate,176.57,353.14,9.1,Promoter,False
R00959,G0184,9,2023-10-23,Thursday,3,51,Business,Presidential Suite,BAR,638.97,1916.91,9.2,Promoter,True
R00960,G0184,10,2024-06-06,Saturday,4,67,Leisure,Suite,BAR,361.11,1444.44,9.1,Promoter,True
R00961,G0184,11,2023-11-19,Sunday,4,26,Bleisure,Standard,Loyalty Rate,138.17,552.68,9.2,Promoter,True
R00962,G0184,12,2024-02-18,Monday,4,56,Leisure,Presidential Suite,BAR,624.73,2498.92,9.8,Promoter,True
R00963,G0185,1,2023-01-21,Monday,5,29,Leisure,Suite,OTA Rate,388.97,1944.85,8.1,Passive,False
R00964,G0185,2,2023-04-05,Friday,2,30,Business,Junior Suite,OTA Rate,288.14,576.28,8.8,Passive,False
R00965,G0185,3,2024-12-21,Sunday,3,10,Leisure,Standard,OTA Rate,145.74,437.22,8.1,Passive,False
R00966,G0185,4,2023-11-28,Wednesday,3,9,Business,Suite,OTA Rate,391.43,1174.29,9.4,Promoter,True
R00967,G0185,5,2023-01-16,Saturday,3,14,Bleisure,Junior Suite,OTA Rate,264.02,792.06,7.7,Passive,False
R00968,G0185,6,2024-07-21,Wednesday,3,19,Business,Suite,OTA Rate,375.34,1126.02,9.6,Promoter,False
R00969,G0185,7,2023-01-16,Friday,6,18,Leisure,Suite,OTA Rate,400.03,2400.18,8.2,Passive,False
R00970,G0185,8,2023-05-02,Sunday,7,21,Leisure,Suite,OTA Rate,398.95,2792.65,7.1,Passive,False
R00971,G0185,9,2024-01-08,Thursday,2,6,Business,Junior Suite,OTA Rate,287.29,574.58,8.3,Passive,False
R00972,G0185,10,2024-08-06,Friday,7,20,Leisure,Junior Suite,OTA Rate,257.49,1802.43,7.7,Passive,False
R00973,G0185,11,2023-03-31,Friday,2,15,Business,Suite,OTA Rate,399.81,799.62,8.9,Passive,False
R00974,G0185,12,2023-07-11,Thursday,2,18,Bleisure,Presidential Suite,OTA Rate,712.24,1424.48,7.7,Passive,False
R00975,G0185,13,2024-08-08,Tuesday,2,26,Bleisure,Suite,OTA Rate,384.49,768.98,7.8,Passive,False
R00976,G0185,14,2023-11-18,Tuesday,5,15,Leisure,Junior Suite,OTA Rate,259.95,1299.75,6.7,Detractor,False
R00977,G0185,15,2023-05-22,Friday,3,26,Leisure,Deluxe,OTA Rate,197.1,591.3,7.8,Passive,False
R00978,G0185,16,2024-10-22,Thursday,6,23,Leisure,Suite,OTA Rate,415.84,2495.04,6.3,Detractor,False
R00979,G0185,17,2024-03-22,Wednesday,5,11,Bleisure,Suite,OTA Rate,370.94,1854.7,6.9,Detractor,False
R00980,G0185,18,2023-02-24,Sunday,4,24,Leisure,Suite,OTA Rate,380.9,1523.6,8.8,Passive,True
R00981,G0186,1,2024-07-20,Thursday,5,11,Leisure,Deluxe,OTA Rate,196.16,980.8,6.9,Detractor,False
R00982,G0187,1,2023-01-03,Tuesday,6,27,Leisure,Standard,OTA Rate,148.21,889.26,8.2,Passive,False
R00983,G0187,2,2023-02-20,Friday,6,9,Bleisure,Presidential Suite,OTA Rate,684.82,4108.92,7.4,Passive,False
R00984,G0187,3,2023-08-05,Thursday,5,17,Leisure,Deluxe,OTA Rate,197.57,987.85,8.2,Passive,False
R00985,G0187,4,2023-12-02,Sunday,4,2,Leisure,Deluxe,OTA Rate,196.54,786.16,8.2,Passive,False
R00986,G0187,5,2024-06-13,Saturday,7,8,Leisure,Deluxe,OTA Rate,208.79,1461.53,7.3,Passive,False
R00987,G0187,6,2023-03-16,Sunday,4,16,Leisure,Deluxe,OTA Rate,203.42,813.68,9.4,Promoter,False
R00988,G0187,7,2024-10-18,Sunday,3,19,Leisure,Junior Suite,OTA Rate,256.72,770.16,8.9,Passive,True
R00989,G0187,8,2024-04-19,Tuesday,7,11,Leisure,Deluxe,OTA Rate,185.17,1296.19,8.0,Passive,False
R00990,G0187,9,2023-02-14,Thursday,5,27,Leisure,Suite,OTA Rate,377.43,1887.15,8.2,Passive,False
R00991,G0187,10,2023-02-03,Saturday,6,22,Leisure,Standard,OTA Rate,155.62,933.72,8.4,Passive,False
R00992,G0187,11,2023-09-20,Sunday,7,29,Leisure,Suite,OTA Rate,407.81,2854.67,6.6,Detractor,False
R00993,G0187,12,2024-07-29,Saturday,4,26,Leisure,Suite,OTA Rate,391.37,1565.48,8.0,Passive,False
R00994,G0187,13,2024-08-30,Wednesday,5,5,Leisure,Suite,OTA Rate,381.55,1907.75,7.7,Passive,False
R00995,G0187,14,2024-04-28,Friday,7,20,Leisure,Suite,OTA Rate,393.78,2756.46,7.4,Passive,False
R00996,G0187,15,2023-05-25,Wednesday,7,3,Leisure,Junior Suite,OTA Rate,284.63,1992.41,8.0,Passive,False
R00997,G0187,16,2023-03-14,Tuesday,5,25,Business,Suite,OTA Rate,398.76,1993.8,9.6,Promoter,True
R00998,G0188,1,2023-07-07,Friday,1,14,Business,Deluxe,Corporate Rate,169.63,169.63,7.7,Passive,False
R00999,G0188,2,2023-09-05,Friday,2,19,Business,Standard,Corporate Rate,132.04,264.08,7.0,Passive,False
R01000,G0189,1,2024-07-12,Thursday,2,9,Business,Deluxe,Corporate Rate,163.56,327.12,7.3,Passive,False
R01001,G0190,1,2023-09-15,Sunday,6,38,Leisure,Deluxe,Promotional,198.54,1191.24,8.3,Passive,False
R01002,G0190,2,2023-08-22,Sunday,4,65,Bleisure,Suite,BAR,398.85,1595.4,8.2,Passive,False
R01003,G0190,3,2023-02-24,Friday,4,20,Bleisure,Deluxe,BAR,199.07,796.28,7.5,Passive,False
R01004,G0190,4,2023-03-23,Friday,3,86,Bleisure,Standard,Package,154.83,464.49,7.0,Passive,False
R01005,G0190,5,2024-07-07,Sunday,4,27,Leisure,Standard,Package,148.47,593.88,8.1,Passive,False
R01006,G0191,1,2023-01-29,Saturday,3,24,Leisure,Presidential Suite,BAR,717.26,2151.78,7.1,Passive,False
R01007,G0191,2,2024-02-02,Sunday,4,56,Bleisure,Suite,Package,405.69,1622.76,7.8,Passive,False
R01008,G0192,1,2024-02-03,Saturday,3,13,Bleisure,Junior Suite,OTA Rate,270.13,810.39,6.8,Detractor,False
R01009,G0192,2,2023-08-28,Sunday,4,22,Leisure,Deluxe,OTA Rate,183.1,732.4,7.4,Passive,False
R01010,G0193,1,2023-03-26,Wednesday,4,26,Leisure,Deluxe,OTA Rate,197.72,790.88,6.3,Detractor,False
R01011,G0193,2,2023-03-02,Friday,3,30,Business,Standard,OTA Rate,143.27,429.81,8.1,Passive,False
R01012,G0194,1,2023-12-12,Saturday,5,104,Leisure,Junior Suite,BAR,283.47,1417.35,7.4,Passive,False
R01013,G0194,2,2024-09-24,Friday,6,33,Leisure,Junior Suite,Package,300.39,1802.34,9.2,Promoter,True
R01014,G0194,3,2024-07-17,Tuesday,7,107,Business,Deluxe,BAR,195.93,1371.51,6.9,Detractor,False
R01015,G0195,1,2023-03-09,Sunday,2,22,Business,Deluxe,OTA Rate,208.17,416.34,7.7,Passive,False
R01016,G0195,2,2023-01-13,Friday,1,1,Business,Standard,OTA Rate,139.52,139.52,6.8,Detractor,False
R01017,G0196,1,2023-02-02,Friday,4,5,Bleisure,Deluxe,Corporate Rate,165.17,660.68,7.9,Passive,False
R01018,G0196,2,2024-09-20,Sunday,7,13,Leisure,Presidential Suite,Corporate Rate,602.3,4216.1,8.3,Passive,False
R01019,G0196,3,2023-06-28,Friday,3,14,Leisure,Suite,Corporate Rate,332.78,998.34,8.4,Passive,False
R01020,G0196,4,2023-02-16,Monday,1,16,Business,Presidential Suite,Corporate Rate,599.0,599.0,9.0,Promoter,False
R01021,G0196,5,2024-10-21,Wednesday,3,4,Business,Deluxe,Corporate Rate,166.9,500.7,9.1,Promoter,True
R01022,G0196,6,2023-09-27,Thursday,1,18,Business,Suite,Corporate Rate,346.91,346.91,8.2,Passive,False
R01023,G0196,7,2023-05-09,Sunday,3,21,Bleisure,Suite,Corporate Rate,331.44,994.32,8.7,Passive,False
R01024,G0196,8,2024-01-19,Monday,5,18,Bleisure,Suite,Corporate Rate,349.47,1747.35,10.0,Promoter,False
R01025,G0196,9,2023-12-09,Monday,3,14,Business,Suite,Corporate Rate,322.11,966.33,10.0,Promoter,True
R01026,G0196,10,2024-01-24,Monday,2,8,Business,Junior Suite,Corporate Rate,236.02,472.04,9.0,Promoter,True
R01027,G0196,11,2024-08-19,Monday,3,7,Business,Junior Suite,Corporate Rate,229.37,688.11,8.7,Passive,True
R01028,G0196,12,2023-04-08,Thursday,1,21,Business,Standard,Corporate Rate,132.54,132.54,8.8,Passive,True
R01029,G0196,13,2024-11-24,Tuesday,3,20,Business,Suite,Corporate Rate,335.72,1007.16,9.2,Promoter,True
R01030,G0196,14,2023-01-15,Friday,1,15,Business,Junior Suite,Corporate Rate,229.34,229.34,7.9,Passive,False
R01031,G0196,15,2023-05-20,Monday,3,13,Business,Presidential Suite,Corporate Rate,623.75,1871.25,8.5,Passive,True
R01032,G0196,16,2024-07-30,Sunday,2,13,Business,Presidential Suite,Corporate Rate,619.36,1238.72,7.4,Passive,False
R01033,G0196,17,2023-03-31,Thursday,2,12,Business,Deluxe,Corporate Rate,160.12,320.24,9.0,Promoter,False
R01034,G0196,18,2023-09-04,Thursday,1,3,Business,Presidential Suite,Corporate Rate,569.09,569.09,9.2,Promoter,True
R01035,G0196,19,2024-06-17,Tuesday,2,3,Business,Suite,Corporate Rate,324.23,648.46,8.3,Passive,False
R01036,G0196,20,2024-03-31,Thursday,1,10,Business,Suite,Corporate Rate,341.17,341.17,10.0,Promoter,True
R01037,G0196,21,2024-03-17,Wednesday,3,5,Bleisure,Junior Suite,Corporate Rate,248.6,745.8,7.7,Passive,False
R01038,G0196,22,2023-05-08,Friday,3,3,Business,Suite,Corporate Rate,341.77,1025.31,7.5,Passive,False
R01039,G0196,23,2024-03-20,Monday,2,9,Business,Suite,Corporate Rate,332.46,664.92,8.9,Passive,False
R01040,G0197,1,2024-08-25,Saturday,6,8,Bleisure,Suite,Corporate Rate,322.96,1937.76,9.2,Promoter,False
R01041,G0197,2,2023-02-15,Saturday,4,18,Bleisure,Suite,Corporate Rate,351.45,1405.8,10.0,Promoter,False
R01042,G0197,3,2023-08-10,Sunday,4,19,Business,Presidential Suite,Corporate Rate,592.72,2370.88,8.3,Passive,False
R01043,G0197,4,2023-06-26,Thursday,4,6,Bleisure,Presidential Suite,Corporate Rate,568.85,2275.4,9.6,Promoter,False
R01044,G0197,5,2024-05-03,Monday,4,12,Business,Suite,Corporate Rate,344.15,1376.6,8.7,Passive,False
R01045,G0197,6,2023-08-23,Saturday,5,5,Business,Junior Suite,Corporate Rate,236.79,1183.95,8.6,Passive,True
R01046,G0197,7,2023-08-05,Sunday,3,16,Bleisure,Presidential Suite,Corporate Rate,626.06,1878.18,9.4,Promoter,False
R01047,G0197,8,2024-12-28,Monday,3,7,Business,Standard,Corporate Rate,122.3,366.9,9.2,Promoter,True
R01048,G0197,9,2024-12-13,Friday,6,18,Business,Junior Suite,Corporate Rate,249.16,1494.96,7.4,Passive,False
R01049,G0197,10,2024-12-13,Thursday,3,7,Bleisure,Suite,Corporate Rate,335.88,1007.64,9.9,Promoter,False
R01050,G0197,11,2024-02-21,Monday,3,14,Business,Suite,Corporate Rate,342.94,1028.82,9.8,Promoter,False
R01051,G0197,12,2024-03-26,Tuesday,3,20,Business,Junior Suite,Corporate Rate,244.62,733.86,8.2,Passive,False
R01052,G0197,13,2024-12-01,Monday,3,16,Business,Suite,Corporate Rate,351.64,1054.92,9.0,Promoter,False
R01053,G0197,14,2023-03-17,Tuesday,3,8,Business,Suite,Corporate Rate,357.34,1072.02,9.1,Promoter,True
R01054,G0197,15,2023-01-30,Friday,7,11,Business,Deluxe,Corporate Rate,166.9,1168.3,8.9,Passive,True
R01055,G0197,16,2024-08-04,Friday,6,18,Business,Standard,Corporate Rate,120.03,720.18,8.3,Passive,False
R01056,G0197,17,2024-02-20,Tuesday,6,17,Business,Presidential Suite,Corporate Rate,620.5,3723.0,8.2,Passive,False
R01057,G0198,1,2023-02-11,Saturday,3,3,Bleisure,Deluxe,OTA Rate,203.88,611.64,6.7,Detractor,False
R01058,G0198,2,2024-01-06,Thursday,4,25,Bleisure,Deluxe,OTA Rate,189.67,758.68,7.9,Passive,False
R01059,G0198,3,2024-11-02,Saturday,2,7,Business,Deluxe,OTA Rate,198.72,397.44,7.4,Passive,False
R01060,G0198,4,2023-07-13,Saturday,4,1,Leisure,Standard,OTA Rate,148.79,595.16,6.7,Detractor,False
R01061,G0198,5,2023-06-21,Tuesday,3,13,Leisure,Standard,OTA Rate,154.17,462.51,7.6,Passive,False
R01062,G0199,1,2023-05-01,Saturday,4,16,Business,Junior Suite,Corporate Rate,248.86,995.44,4.5,Detractor,False
R01063,G0200,1,2023-12-18,Saturday,5,22,Leisure,Deluxe,OTA Rate,200.65,1003.25,7.2,Passive,False
R01064,G0201,1,2024-06-09,Sunday,6,77,Leisure,Suite,BAR,420.18,2521.08,5.8,Detractor,False
R01065,G0201,2,2023-04-11,Sunday,3,44,Leisure,Junior Suite,Promotional,294.81,884.43,7.2,Passive,False
R01066,G0202,1,2024-11-04,Saturday,4,8,Leisure,Standard,OTA Rate,143.64,574.56,5.4,Detractor,False
R01067,G0202,2,2023-09-03,Saturday,4,15,Leisure,Suite,OTA Rate,376.76,1507.04,5.6,Detractor,False
R01068,G0203,1,2024-01-10,Friday,4,45,Leisure,Junior Suite,Loyalty Rate,259.9,1039.6,9.3,Promoter,False
R01069,G0203,2,2023-09-04,Saturday,7,77,Bleisure,Junior Suite,Loyalty Rate,257.2,1800.4,8.3,Passive,False
R01070,G0203,3,2024-01-14,Saturday,7,48,Leisure,Suite,BAR,355.16,2486.12,9.0,Promoter,False
R01071,G0203,4,2023-10-02,Sunday,7,39,Leisure,Junior Suite,Loyalty Rate,247.49,1732.43,8.7,Passive,True
R01072,G0203,5,2023-10-05,Sunday,7,62,Leisure,Presidential Suite,Loyalty Rate,608.73,4261.11,9.1,Promoter,True
R01073,G0203,6,2023-03-22,Thursday,7,15,Leisure,Suite,Package,376.53,2635.71,8.8,Passive,False
R01074,G0203,7,2023-11-10,Saturday,6,90,Leisure,Deluxe,BAR,176.54,1059.24,7.7,Passive,False
R01075,G0203,8,2024-01-26,Sunday,3,44,Leisure,Standard,Package,130.77,392.31,9.5,Promoter,True
R01076,G0203,9,2024-08-25,Thursday,5,50,Leisure,Deluxe,BAR,174.42,872.1,8.3,Passive,False
R01077,G0203,10,2024-07-11,Thursday,6,28,Leisure,Junior Suite,Loyalty Rate,245.77,1474.62,7.5,Passive,False
R01078,G0203,11,2023-02-27,Friday,7,42,Leisure,Deluxe,Package,187.13,1309.91,8.4,Passive,False
R01079,G0203,12,2023-01-31,Saturday,6,81,Leisure,Suite,Package,344.82,2068.92,9.9,Promoter,True
R01080,G0203,13,2024-01-13,Friday,6,54,Leisure,Deluxe,Loyalty Rate,188.44,1130.64,9.4,Promoter,True
R01081,G0203,14,2023-06-30,Sunday,5,48,Leisure,Suite,BAR,366.23,1831.15,8.4,Passive,False
R01082,G0203,15,2023-02-19,Wednesday,3,81,Bleisure,Junior Suite,Loyalty Rate,257.85,773.55,8.4,Passive,False
R01083,G0203,16,2023-06-01,Friday,5,87,Leisure,Junior Suite,BAR,248.5,1242.5,8.4,Passive,False
R01084,G0203,17,2023-07-19,Tuesday,3,59,Leisure,Suite,Package,376.35,1129.05,10.0,Promoter,True
R01085,G0204,1,2024-01-12,Friday,3,17,Leisure,Suite,BAR,419.89,1259.67,7.5,Passive,False
R01086,G0204,2,2023-05-12,Wednesday,5,29,Bleisure,Deluxe,Package,195.82,979.1,7.8,Passive,False
R01087,G0205,1,2024-08-10,Tuesday,6,17,Leisure,Suite,OTA Rate,403.08,2418.48,7.5,Passive,False
R01088,G0205,2,2024-05-21,Sunday,3,7,Leisure,Deluxe,OTA Rate,192.03,576.09,7.2,Passive,False
R01089,G0205,3,2024-12-27,Saturday,3,20,Leisure,Junior Suite,OTA Rate,277.56,832.68,6.8,Detractor,False
R01090,G0205,4,2024-10-08,Saturday,4,24,Leisure,Deluxe,OTA Rate,199.0,796.0,6.8,Detractor,False
R01091,G0206,1,2024-11-06,Sunday,4,33,Leisure,Junior Suite,BAR,249.5,998.0,7.7,Passive,False
R01092,G0206,2,2024-12-17,Sunday,7,36,Leisure,Standard,Loyalty Rate,133.71,935.97,8.1,Passive,False
R01093,G0206,3,2024-12-11,Saturday,5,42,Leisure,Standard,Loyalty Rate,127.95,639.75,8.7,Passive,True
R01094,G0206,4,2023-02-05,Tuesday,7,72,Leisure,Standard,Loyalty Rate,135.7,949.9,8.1,Passive,False
R01095,G0206,5,2023-05-04,Saturday,6,18,Leisure,Standard,Loyalty Rate,128.97,773.82,8.7,Passive,True
R01096,G0207,1,2024-10-22,Sunday,7,20,Bleisure,Junior Suite,Corporate Rate,228.3,1598.1,7.1,Passive,False
R01097,G0207,2,2023-04-02,Friday,7,11,Leisure,Junior Suite,Corporate Rate,230.41,1612.87,7.6,Passive,False
R01098,G0207,3,2024-02-17,Tuesday,4,7,Business,Deluxe,Corporate Rate,178.5,714.0,5.9,Detractor,False
R01099,G0207,4,2023-08-10,Sunday,4,19,Leisure,Standard,Corporate Rate,120.78,483.12,8.2,Passive,False
R01100,G0207,5,2024-09-14,Sunday,7,21,Business,Deluxe,Corporate Rate,175.43,1228.01,7.8,Passive,False
R01101,G0208,1,2024-12-02,Wednesday,7,13,Leisure,Standard,OTA Rate,140.63,984.41,7.1,Passive,False
R01102,G0208,2,2024-09-24,Friday,4,29,Leisure,Deluxe,OTA Rate,204.63,818.52,4.3,Detractor,False
R01103,G0209,1,2024-10-12,Friday,3,28,Leisure,Junior Suite,OTA Rate,275.96,827.88,8.0,Passive,False
R01104,G0209,2,2023-10-06,Saturday,4,27,Leisure,Deluxe,OTA Rate,195.64,782.56,6.5,Detractor,False
R01105,G0210,1,2023-11-19,Saturday,4,104,Leisure,Junior Suite,BAR,302.23,1208.92,7.7,Passive,False
R01106,G0210,2,2023-03-15,Friday,5,86,Leisure,Junior Suite,Package,274.64,1373.2,6.3,Detractor,False
R01107,G0211,1,2024-04-29,Friday,4,11,Bleisure,Suite,Corporate Rate,321.0,1284.0,8.9,Passive,True
R01108,G0211,2,2024-08-05,Monday,3,5,Business,Junior Suite,Corporate Rate,235.14,705.42,7.9,Passive,False
R01109,G0211,3,2023-10-02,Wednesday,3,13,Business,Junior Suite,Corporate Rate,230.78,692.34,8.2,Passive,False
R01110,G0211,4,2024-08-06,Tuesday,7,15,Leisure,Suite,Corporate Rate,327.64,2293.48,10.0,Promoter,True
R01111,G0211,5,2024-07-14,Thursday,1,18,Business,Suite,Corporate Rate,351.57,351.57,8.5,Passive,True
R01112,G0211,6,2023-06-22,Monday,1,5,Business,Suite,Corporate Rate,345.22,345.22,8.9,Passive,True
R01113,G0211,7,2024-11-08,Tuesday,1,21,Business,Junior Suite,Corporate Rate,243.19,243.19,9.4,Promoter,False
R01114,G0211,8,2024-09-27,Wednesday,3,17,Business,Junior Suite,Corporate Rate,239.0,717.0,9.1,Promoter,True
R01115,G0211,9,2023-08-09,Tuesday,2,10,Business,Deluxe,Corporate Rate,171.18,342.36,8.8,Passive,False
R01116,G0211,10,2023-05-16,Tuesday,1,17,Business,Presidential Suite,Corporate Rate,607.81,607.81,9.0,Promoter,False
R01117,G0211,11,2024-07-01,Wednesday,2,14,Business,Junior Suite,Corporate Rate,240.98,481.96,10.0,Promoter,True
R01118,G0211,12,2024-10-08,Sunday,4,9,Bleisure,Deluxe,Corporate Rate,161.02,644.08,8.7,Passive,False
R01119,G0211,13,2023-12-03,Monday,3,21,Business,Suite,Corporate Rate,326.45,979.35,8.9,Passive,True
R01120,G0211,14,2023-02-16,Wednesday,2,3,Business,Suite,Corporate Rate,338.6,677.2,9.5,Promoter,True
R01121,G0211,15,2023-10-17,Wednesday,2,18,Business,Standard,Corporate Rate,119.94,239.88,9.6,Promoter,True
R01122,G0211,16,2024-07-28,Tuesday,3,16,Business,Suite,Corporate Rate,331.08,993.24,9.6,Promoter,True
R01123,G0211,17,2024-04-05,Sunday,2,16,Leisure,Suite,Corporate Rate,334.59,669.18,9.2,Promoter,True
R01124,G0211,18,2024-12-08,Thursday,4,4,Leisure,Standard,Corporate Rate,122.84,491.36,7.8,Passive,False
R01125,G0211,19,2023-11-19,Friday,2,21,Bleisure,Suite,Corporate Rate,358.1,716.2,10.0,Promoter,False
R01126,G0211,20,2024-09-23,Wednesday,1,6,Business,Presidential Suite,Corporate Rate,598.72,598.72,7.8,Passive,False
R01127,G0211,21,2024-01-02,Thursday,1,13,Business,Junior Suite,Corporate Rate,242.58,242.58,8.9,Passive,False
R01128,G0211,22,2023-01-09,Tuesday,1,19,Business,Deluxe,Corporate Rate,167.43,167.43,8.1,Passive,False
R01129,G0211,23,2023-07-31,Tuesday,1,13,Business,Suite,Corporate Rate,355.75,355.75,8.6,Passive,False
R01130,G0211,24,2024-07-27,Saturday,5,14,Bleisure,Presidential Suite,Corporate Rate,588.13,2940.65,9.0,Promoter,True
R01131,G0211,25,2023-11-02,Saturday,4,10,Leisure,Junior Suite,Corporate Rate,230.38,921.52,9.0,Promoter,True
R01132,G0212,1,2023-11-09,Friday,6,89,Leisure,Deluxe,BAR,185.74,1114.44,8.1,Passive,False
R01133,G0212,2,2023-09-22,Friday,3,87,Bleisure,Suite,Package,349.68,1049.04,9.4,Promoter,True
R01134,G0212,3,2024-11-23,Saturday,3,32,Leisure,Deluxe,BAR,179.11,537.33,8.5,Passive,True
R01135,G0212,4,2024-05-03,Wednesday,6,82,Leisure,Junior Suite,Package,253.41,1520.46,7.9,Passive,False
R01136,G0212,5,2023-10-04,Monday,1,87,Business,Deluxe,Loyalty Rate,172.6,172.6,8.9,Passive,False
R01137,G0212,6,2023-02-14,Thursday,6,58,Leisure,Deluxe,BAR,184.76,1108.56,9.1,Promoter,True
R01138,G0213,1,2024-04-28,Tuesday,3,8,Leisure,Standard,OTA Rate,142.93,428.79,5.7,Detractor,False
R01139,G0213,2,2024-08-03,Thursday,4,24,Leisure,Junior Suite,OTA Rate,277.23,1108.92,7.5,Passive,False
R01140,G0213,3,2023-01-29,Saturday,4,5,Bleisure,Junior Suite,OTA Rate,264.08,1056.32,7.6,Passive,False
R01141,G0214,1,2024-04-17,Friday,4,88,Bleisure,Junior Suite,Loyalty Rate,246.38,985.52,7.6,Passive,False
R01142,G0214,2,2023-12-12,Sunday,2,92,Leisure,Suite,Package,342.3,684.6,9.2,Promoter,False
R01143,G0214,3,2023-08-12,Thursday,4,91,Leisure,Deluxe,Loyalty Rate,175.66,702.64,8.0,Passive,False
R01144,G0214,4,2024-02-02,Monday,3,91,Business,Deluxe,Package,175.05,525.15,8.2,Passive,False
R01145,G0214,5,2023-07-07,Tuesday,3,115,Business,Standard,Package,129.55,388.65,8.0,Passive,False
R01146,G0214,6,2024-04-13,Thursday,3,104,Bleisure,Standard,Loyalty Rate,136.53,409.59,8.1,Passive,False
R01147,G0215,1,2024-08-16,Thursday,6,20,Business,Suite,Corporate Rate,320.5,1923.0,7.5,Passive,False
R01148,G0215,2,2024-10-28,Thursday,7,11,Business,Junior Suite,Corporate Rate,239.45,1676.15,7.5,Passive,False
R01149,G0215,3,2023-02-21,Thursday,6,17,Business,Presidential Suite,Corporate Rate,563.7,3382.2,10.0,Promoter,True
R01150,G0215,4,2023-02-08,Friday,4,10,Business,Suite,Corporate Rate,350.78,1403.12,8.0,Passive,False
R01151,G0215,5,2024-01-11,Wednesday,7,11,Leisure,Junior Suite,Corporate Rate,232.64,1628.48,7.9,Passive,False
R01152,G0215,6,2024-04-04,Saturday,4,9,Bleisure,Deluxe,Corporate Rate,178.98,715.92,7.0,Passive,False
R01153,G0215,7,2024-09-30,Monday,4,13,Bleisure,Junior Suite,Corporate Rate,250.86,1003.44,8.2,Passive,False
R01154,G0215,8,2023-08-09,Monday,4,9,Business,Junior Suite,Corporate Rate,236.27,945.08,7.6,Passive,False
R01155,G0215,9,2023-03-11,Tuesday,6,14,Bleisure,Presidential Suite,Corporate Rate,559.95,3359.7,10.0,Promoter,False
R01156,G0215,10,2023-05-26,Saturday,5,10,Bleisure,Presidential Suite,Corporate Rate,563.16,2815.8,9.5,Promoter,True
R01157,G0215,11,2024-01-15,Monday,4,21,Business,Suite,Corporate Rate,329.51,1318.04,8.1,Passive,False
R01158,G0215,12,2024-05-14,Monday,4,4,Business,Deluxe,Corporate Rate,165.09,660.36,10.0,Promoter,True
R01159,G0215,13,2024-08-18,Saturday,3,17,Bleisure,Suite,Corporate Rate,357.41,1072.23,9.5,Promoter,False
R01160,G0216,1,2023-05-16,Friday,1,17,Business,Suite,Corporate Rate,348.02,348.02,7.5,Passive,False
R01161,G0216,2,2023-09-23,Saturday,2,18,Bleisure,Junior Suite,Corporate Rate,242.48,484.96,6.1,Detractor,False
R01162,G0216,3,2023-11-25,Friday,3,11,Bleisure,Standard,Corporate Rate,124.56,373.68,9.9,Promoter,True
R01163,G0216,4,2024-07-03,Friday,5,7,Bleisure,Deluxe,Corporate Rate,176.56,882.8,7.0,Passive,False
R01164,G0217,1,2023-03-07,Tuesday,1,21,Business,Suite,Corporate Rate,332.9,332.9,6.5,Detractor,False
R01165,G0217,2,2024-02-08,Thursday,4,19,Bleisure,Junior Suite,Corporate Rate,227.31,909.24,8.9,Passive,True
R01166,G0217,3,2023-09-13,Wednesday,1,8,Business,Standard,Corporate Rate,120.46,120.46,10.0,Promoter,False
R01167,G0217,4,2023-05-03,Saturday,1,10,Business,Junior Suite,Corporate Rate,250.61,250.61,9.2,Promoter,False
R01168,G0217,5,2024-09-20,Friday,1,17,Business,Suite,Corporate Rate,353.63,353.63,8.6,Passive,True
R01169,G0217,6,2024-12-11,Wednesday,1,7,Business,Deluxe,Corporate Rate,170.9,170.9,8.6,Passive,False
R01170,G0217,7,2023-09-15,Wednesday,4,6,Bleisure,Junior Suite,Corporate Rate,228.02,912.08,8.8,Passive,True
R01171,G0218,1,2024-05-19,Saturday,3,8,Leisure,Deluxe,OTA Rate,187.78,563.34,7.3,Passive,False
R01172,G0218,2,2023-01-22,Thursday,3,4,Bleisure,Standard,OTA Rate,144.38,433.14,7.2,Passive,False
R01173,G0218,3,2023-11-25,Thursday,7,13,Leisure,Junior Suite,OTA Rate,263.66,1845.62,7.1,Passive,False
R01174,G0218,4,2023-07-19,Monday,6,27,Leisure,Standard,OTA Rate,155.99,935.94,6.9,Detractor,False
R01175,G0218,5,2023-10-29,Sunday,2,10,Bleisure,Deluxe,OTA Rate,196.5,393.0,6.4,Detractor,False
R01176,G0219,1,2024-06-04,Sunday,2,48,Leisure,Deluxe,Package,189.36,378.72,7.0,Passive,False
R01177,G0219,2,2024-01-19,Friday,6,58,Leisure,Standard,Package,148.55,891.3,6.1,Detractor,False
R01178,G0219,3,2024-11-29,Thursday,3,64,Bleisure,Deluxe,Package,193.82,581.46,7.4,Passive,False
R01179,G0219,4,2024-09-04,Friday,4,37,Leisure,Deluxe,BAR,198.57,794.28,6.7,Detractor,False
R01180,G0220,1,2023-06-24,Friday,3,67,Leisure,Standard,BAR,153.68,461.04,6.3,Detractor,False
R01181,G0220,2,2023-05-26,Tuesday,7,87,Leisure,Junior Suite,BAR,289.85,2028.95,7.6,Passive,False
R01182,G0221,1,2023-04-30,Friday,2,7,Business,Standard,OTA Rate,148.54,297.08,7.4,Passive,False
R01183,G0222,1,2023-11-20,Saturday,5,16,Bleisure,Junior Suite,Corporate Rate,241.85,1209.25,9.1,Promoter,False
R01184,G0222,2,2024-10-23,Thursday,5,8,Business,Standard,Corporate Rate,124.82,624.1,7.4,Passive,False
R01185,G0222,3,2023-12-10,Saturday,7,13,Bleisure,Deluxe,Corporate Rate,163.27,1142.89,7.9,Passive,False
R01186,G0222,4,2023-04-20,Wednesday,3,11,Business,Suite,Corporate Rate,353.18,1059.54,9.5,Promoter,True
R01187,G0222,5,2023-06-10,Wednesday,4,6,Business,Presidential Suite,Corporate Rate,571.29,2285.16,7.9,Passive,False
R01188,G0222,6,2023-03-20,Tuesday,3,14,Business,Suite,Corporate Rate,353.9,1061.7,8.5,Passive,True
R01189,G0222,7,2024-07-02,Tuesday,3,21,Business,Deluxe,Corporate Rate,165.7,497.1,9.1,Promoter,False
R01190,G0222,8,2023-03-01,Sunday,3,4,Business,Suite,Corporate Rate,326.29,978.87,7.9,Passive,False
R01191,G0222,9,2024-05-29,Friday,7,18,Leisure,Junior Suite,Corporate Rate,231.95,1623.65,8.8,Passive,True
R01192,G0222,10,2024-02-02,Tuesday,5,6,Business,Suite,Corporate Rate,348.1,1740.5,7.6,Passive,False
R01193,G0222,11,2023-08-11,Monday,4,16,Business,Suite,Corporate Rate,326.34,1305.36,8.2,Passive,False
R01194,G0223,1,2023-07-17,Thursday,3,50,Leisure,Deluxe,Loyalty Rate,173.47,520.41,8.7,Passive,False
R01195,G0223,2,2023-10-16,Sunday,6,25,Leisure,Suite,BAR,345.27,2071.62,7.4,Passive,False
R01196,G0223,3,2024-02-21,Saturday,6,87,Leisure,Suite,Loyalty Rate,345.57,2073.42,9.1,Promoter,False
R01197,G0223,4,2023-04-24,Monday,6,68,Leisure,Junior Suite,BAR,257.94,1547.64,8.7,Passive,False
R01198,G0223,5,2023-03-05,Friday,4,83,Business,Junior Suite,BAR,242.41,969.64,9.1,Promoter,True
R01199,G0223,6,2023-11-26,Friday,5,45,Leisure,Presidential Suite,Package,632.58,3162.9,8.9,Passive,True
R01200,G0223,7,2023-12-30,Wednesday,7,35,Leisure,Suite,BAR,363.55,2544.85,9.8,Promoter,True
R01201,G0223,8,2024-02-12,Friday,6,45,Leisure,Presidential Suite,Loyalty Rate,633.0,3798.0,8.8,Passive,False
R01202,G0223,9,2024-05-28,Friday,4,75,Leisure,Junior Suite,BAR,251.26,1005.04,8.4,Passive,False
R01203,G0223,10,2024-10-12,Saturday,5,64,Bleisure,Suite,Loyalty Rate,361.18,1805.9,8.8,Passive,False
R01204,G0223,11,2023-04-22,Monday,7,34,Business,Junior Suite,Loyalty Rate,254.13,1778.91,9.1,Promoter,True
R01205,G0223,12,2024-07-07,Saturday,5,37,Leisure,Suite,BAR,373.31,1866.55,8.7,Passive,True
R01206,G0223,13,2023-11-30,Saturday,7,65,Leisure,Presidential Suite,Loyalty Rate,621.11,4347.77,8.7,Passive,False
R01207,G0223,14,2024-03-08,Saturday,6,14,Leisure,Suite,Package,360.0,2160.0,8.1,Passive,False
R01208,G0223,15,2024-10-31,Thursday,7,30,Leisure,Suite,Loyalty Rate,355.5,2488.5,8.2,Passive,False
R01209,G0223,16,2024-04-16,Saturday,7,67,Leisure,Suite,BAR,349.0,2443.0,7.6,Passive,False
R01210,G0223,17,2024-12-10,Saturday,3,33,Leisure,Suite,Loyalty Rate,366.92,1100.76,10.0,Promoter,False
R01211,G0223,18,2024-06-30,Wednesday,7,26,Leisure,Deluxe,Loyalty Rate,175.28,1226.96,7.7,Passive,False
R01212,G0223,19,2024-06-03,Sunday,5,55,Leisure,Junior Suite,Loyalty Rate,249.29,1246.45,8.1,Passive,False
R01213,G0223,20,2024-10-13,Wednesday,4,88,Business,Presidential Suite,Loyalty Rate,612.89,2451.56,8.1,Passive,False
R01214,G0223,21,2024-05-01,Saturday,7,52,Bleisure,Deluxe,Loyalty Rate,181.46,1270.22,9.4,Promoter,True
R01215,G0224,1,2024-07-29,Thursday,2,10,Business,Deluxe,OTA Rate,195.96,391.92,6.1,Detractor,False
R01216,G0224,2,2024-07-26,Saturday,4,13,Bleisure,Standard,OTA Rate,155.55,622.2,7.6,Passive,False
R01217,G0225,1,2023-07-18,Saturday,4,6,Bleisure,Junior Suite,Corporate Rate,229.97,919.88,7.9,Passive,False
R01218,G0225,2,2024-04-14,Wednesday,1,15,Business,Suite,Corporate Rate,340.6,340.6,8.9,Passive,True
R01219,G0225,3,2024-01-25,Wednesday,1,11,Business,Junior Suite,Corporate Rate,223.48,223.48,8.0,Passive,False
R01220,G0225,4,2024-09-11,Wednesday,2,3,Business,Junior Suite,Corporate Rate,227.97,455.94,10.0,Promoter,False
R01221,G0225,5,2023-02-02,Monday,2,4,Business,Junior Suite,Corporate Rate,231.29,462.58,7.7,Passive,False
R01222,G0225,6,2024-09-08,Monday,6,8,Leisure,Junior Suite,Corporate Rate,246.46,1478.76,8.9,Passive,True
R01223,G0225,7,2023-04-17,Monday,3,4,Bleisure,Junior Suite,Corporate Rate,231.71,695.13,9.2,Promoter,False
R01224,G0225,8,2024-07-18,Wednesday,2,11,Business,Suite,Corporate Rate,348.87,697.74,9.0,Promoter,True
R01225,G0225,9,2023-12-22,Friday,1,7,Business,Presidential Suite,Corporate Rate,590.45,590.45,8.6,Passive,True
R01226,G0225,10,2023-01-14,Monday,3,14,Business,Suite,Corporate Rate,349.51,1048.53,8.6,Passive,True
R01227,G0225,11,2024-08-29,Saturday,4,9,Bleisure,Standard,Corporate Rate,133.63,534.52,8.7,Passive,True
R01228,G0225,12,2023-10-27,Tuesday,3,9,Business,Suite,Corporate Rate,358.25,1074.75,8.6,Passive,False
R01229,G0225,13,2023-10-29,Wednesday,3,18,Business,Presidential Suite,Corporate Rate,622.97,1868.91,9.5,Promoter,False
R01230,G0225,14,2024-06-27,Tuesday,3,4,Business,Standard,Corporate Rate,128.6,385.8,10.0,Promoter,True
R01231,G0225,15,2024-01-17,Tuesday,3,11,Bleisure,Presidential Suite,Corporate Rate,580.38,1741.14,8.3,Passive,False
R01232,G0225,16,2023-09-16,Wednesday,1,15,Business,Suite,Corporate Rate,345.74,345.74,7.6,Passive,False
R01233,G0225,17,2024-03-08,Friday,2,8,Business,Junior Suite,Corporate Rate,224.28,448.56,8.6,Passive,True
R01234,G0225,18,2023-05-10,Friday,3,16,Business,Presidential Suite,Corporate Rate,568.77,1706.31,10.0,Promoter,False
R01235,G0225,19,2023-07-02,Friday,1,3,Business,Junior Suite,Corporate Rate,229.21,229.21,8.1,Passive,False
R01236,G0225,20,2024-10-12,Tuesday,1,11,Business,Suite,Corporate Rate,338.37,338.37,10.0,Promoter,True
R01237,G0225,21,2024-07-08,Thursday,2,10,Business,Suite,Corporate Rate,332.22,664.44,10.0,Promoter,True
R01238,G0226,1,2023-08-26,Thursday,5,27,Leisure,Standard,OTA Rate,139.74,698.7,5.9,Detractor,False
R01239,G0226,2,2023-12-08,Wednesday,3,23,Leisure,Junior Suite,OTA Rate,289.3,867.9,7.1,Passive,False
R01240,G0227,1,2023-02-27,Tuesday,4,3,Business,Suite,OTA Rate,370.61,1482.44,7.6,Passive,False
R01241,G0228,1,2024-04-28,Thursday,1,73,Business,Suite,Loyalty Rate,349.95,349.95,8.1,Passive,False
R01242,G0228,2,2024-10-19,Thursday,4,85,Leisure,Junior Suite,BAR,252.61,1010.44,8.5,Passive,True
R01243,G0228,3,2024-08-21,Wednesday,4,31,Leisure,Suite,Loyalty Rate,355.35,1421.4,8.2,Passive,False
R01244,G0228,4,2024-05-29,Friday,2,71,Bleisure,Deluxe,Loyalty Rate,170.19,340.38,7.9,Passive,False
R01245,G0228,5,2024-10-14,Tuesday,1,47,Business,Junior Suite,Loyalty Rate,250.31,250.31,8.2,Passive,False
R01246,G0228,6,2024-01-10,Friday,3,52,Leisure,Junior Suite,BAR,257.89,773.67,7.7,Passive,False
R01247,G0228,7,2023-10-30,Thursday,2,29,Business,Junior Suite,Loyalty Rate,259.63,519.26,8.7,Passive,False
R01248,G0228,8,2023-07-24,Sunday,3,18,Bleisure,Junior Suite,Loyalty Rate,252.06,756.18,8.1,Passive,False
R01249,G0228,9,2023-08-16,Wednesday,2,24,Business,Presidential Suite,Loyalty Rate,608.2,1216.4,8.9,Passive,False
R01250,G0228,10,2024-06-17,Sunday,5,18,Leisure,Suite,BAR,374.65,1873.25,7.5,Passive,False
R01251,G0228,11,2024-07-24,Thursday,2,83,Business,Suite,Loyalty Rate,372.16,744.32,9.0,Promoter,True
R01252,G0228,12,2023-11-20,Thursday,2,70,Leisure,Suite,Loyalty Rate,372.34,744.68,9.4,Promoter,True
R01253,G0228,13,2023-12-02,Friday,6,20,Leisure,Deluxe,BAR,171.29,1027.74,7.1,Passive,False
R01254,G0228,14,2024-03-11,Wednesday,4,62,Leisure,Suite,BAR,356.81,1427.24,9.0,Promoter,True
R01255,G0228,15,2023-06-16,Friday,2,53,Leisure,Junior Suite,Package,240.96,481.92,9.7,Promoter,False
R01256,G0228,16,2023-09-21,Saturday,5,47,Leisure,Presidential Suite,Loyalty Rate,636.76,3183.8,7.7,Passive,False
R01257,G0228,17,2024-08-11,Monday,2,28,Leisure,Standard,BAR,131.72,263.44,10.0,Promoter,True
R01258,G0228,18,2023-01-18,Thursday,7,57,Leisure,Deluxe,BAR,179.9,1259.3,9.0,Promoter,True
R01259,G0228,19,2024-06-18,Thursday,4,63,Bleisure,Junior Suite,Package,258.81,1035.24,8.1,Passive,False
R01260,G0228,20,2023-11-01,Sunday,7,72,Leisure,Suite,Loyalty Rate,361.54,2530.78,8.7,Passive,False
R01261,G0228,21,2024-05-17,Saturday,4,80,Bleisure,Deluxe,BAR,171.36,685.44,9.1,Promoter,False
R01262,G0228,22,2023-07-03,Wednesday,3,73,Business,Suite,BAR,374.95,1124.85,8.8,Passive,False
R01263,G0228,23,2023-03-17,Thursday,6,38,Leisure,Suite,Package,357.18,2143.08,9.1,Promoter,True
R01264,G0228,24,2023-01-15,Saturday,6,52,Leisure,Presidential Suite,Loyalty Rate,617.13,3702.78,8.0,Passive,False
R01265,G0229,1,2023-04-12,Saturday,3,14,Leisure,Deluxe,OTA Rate,205.69,617.07,6.8,Detractor,False
R01266,G0229,2,2024-06-19,Sunday,2,3,Leisure,Standard,OTA Rate,141.3,282.6,5.9,Detractor,False
R01267,G0229,3,2023-01-31,Wednesday,2,28,Business,Deluxe,OTA Rate,203.14,406.28,6.9,Detractor,False
R01268,G0230,1,2024-08-14,Sunday,7,3,Leisure,Deluxe,OTA Rate,206.79,1447.53,5.6,Detractor,False
R01269,G0230,2,2024-08-13,Thursday,7,22,Business,Suite,OTA Rate,417.19,2920.33,6.0,Detractor,False
R01270,G0231,1,2024-08-09,Wednesday,2,15,Leisure,Deluxe,OTA Rate,184.3,368.6,7.3,Passive,False
R01271,G0231,2,2023-11-20,Friday,2,19,Business,Standard,OTA Rate,153.02,306.04,7.5,Passive,False
R01272,G0232,1,2024-01-18,Thursday,2,78,Business,Suite,Loyalty Rate,367.95,735.9,8.9,Passive,False
R01273,G0232,2,2023-01-13,Saturday,3,30,Leisure,Suite,Loyalty Rate,368.85,1106.55,7.8,Passive,False
R01274,G0232,3,2023-05-05,Saturday,2,15,Leisure,Junior Suite,Package,240.66,481.32,8.4,Passive,False
R01275,G0232,4,2024-08-10,Thursday,7,54,Leisure,Junior Suite,Loyalty Rate,249.05,1743.35,9.7,Promoter,False
R01276,G0232,5,2024-12-07,Sunday,2,78,Leisure,Suite,Loyalty Rate,352.23,704.46,8.8,Passive,False
R01277,G0232,6,2023-11-03,Wednesday,2,22,Business,Presidential Suite,Package,649.73,1299.46,10.0,Promoter,True
R01278,G0232,7,2023-07-30,Friday,5,24,Bleisure,Junior Suite,Loyalty Rate,257.26,1286.3,9.0,Promoter,True
R01279,G0232,8,2023-09-09,Tuesday,3,21,Business,Suite,BAR,360.88,1082.64,8.9,Passive,False
R01280,G0232,9,2024-03-16,Wednesday,2,71,Business,Suite,Loyalty Rate,352.49,704.98,8.5,Passive,True
R01281,G0232,10,2024-01-20,Wednesday,1,59,Business,Junior Suite,Package,239.98,239.98,8.8,Passive,True
R01282,G0232,11,2024-02-07,Saturday,7,31,Leisure,Suite,Package,357.96,2505.72,8.6,Passive,True
R01283,G0232,12,2023-01-29,Saturday,5,62,Leisure,Junior Suite,Loyalty Rate,244.11,1220.55,9.3,Promoter,True
R01284,G0232,13,2023-03-26,Thursday,2,66,Bleisure,Deluxe,Package,181.56,363.12,9.5,Promoter,False
R01285,G0232,14,2023-11-28,Wednesday,6,52,Leisure,Junior Suite,Loyalty Rate,264.36,1586.16,8.1,Passive,False
R01286,G0232,15,2023-05-08,Thursday,3,14,Business,Deluxe,Package,169.31,507.93,7.6,Passive,False
R01287,G0232,16,2023-05-27,Wednesday,3,79,Leisure,Presidential Suite,Loyalty Rate,612.27,1836.81,7.2,Passive,False
R01288,G0232,17,2023-10-05,Friday,6,43,Leisure,Suite,BAR,376.12,2256.72,9.1,Promoter,False
R01289,G0232,18,2024-08-11,Friday,5,47,Leisure,Suite,Package,365.46,1827.3,7.8,Passive,False
R01290,G0232,19,2024-09-13,Saturday,2,86,Leisure,Deluxe,BAR,184.34,368.68,7.0,Passive,False
R01291,G0233,1,2023-10-12,Friday,5,14,Leisure,Deluxe,Corporate Rate,173.27,866.35,7.1,Passive,False
R01292,G0233,2,2023-12-03,Friday,6,6,Business,Junior Suite,Corporate Rate,247.98,1487.88,9.1,Promoter,True
R01293,G0234,1,2024-03-11,Sunday,2,26,Leisure,Standard,OTA Rate,144.51,289.02,6.7,Detractor,False
R01294,G0234,2,2023-10-05,Saturday,2,7,Leisure,Standard,OTA Rate,141.11,282.22,7.7,Passive,False
R01295,G0235,1,2024-05-30,Sunday,6,77,Leisure,Standard,BAR,156.12,936.72,6.9,Detractor,False
R01296,G0235,2,2024-01-03,Thursday,3,41,Leisure,Deluxe,Package,202.47,607.41,7.0,Passive,False
R01297,G0236,1,2023-09-15,Thursday,3,3,Business,Deluxe,Corporate Rate,161.44,484.32,7.9,Passive,False
R01298,G0236,2,2023-12-24,Thursday,2,3,Business,Standard,Corporate Rate,121.1,242.2,7.3,Passive,False
R01299,G0236,3,2023-05-17,Thursday,1,11,Business,Standard,Corporate Rate,131.83,131.83,7.7,Passive,False
R01300,G0236,4,2023-08-27,Saturday,4,17,Bleisure,Deluxe,Corporate Rate,159.35,637.4,7.8,Passive,False
R01301,G0237,1,2023-10-14,Monday,7,48,Bleisure,Standard,Loyalty Rate,130.68,914.76,7.3,Passive,False
R01302,G0237,2,2023-09-03,Saturday,7,75,Leisure,Junior Suite,Loyalty Rate,263.79,1846.53,8.9,Passive,False
R01303,G0237,3,2023-05-28,Saturday,5,89,Leisure,Junior Suite,BAR,241.36,1206.8,8.0,Passive,False
R01304,G0237,4,2024-02-04,Sunday,6,40,Leisure,Deluxe,Loyalty Rate,188.89,1133.34,7.5,Passive,False
R01305,G0237,5,2023-11-02,Wednesday,5,41,Leisure,Deluxe,Loyalty Rate,179.77,898.85,8.5,Passive,False
R01306,G0237,6,2023-02-06,Friday,5,62,Leisure,Deluxe,Loyalty Rate,172.12,860.6,7.4,Passive,False
R01307,G0237,7,2024-02-13,Saturday,4,18,Leisure,Standard,Loyalty Rate,138.46,553.84,8.1,Passive,False
R01308,G0237,8,2024-02-05,Friday,3,87,Leisure,Deluxe,Loyalty Rate,179.97,539.91,8.1,Passive,False
R01309,G0238,1,2023-02-01,Wednesday,5,3,Business,Standard,Corporate Rate,126.57,632.85,7.7,Passive,False
R01310,G0239,1,2023-05-20,Saturday,2,1,Bleisure,Deluxe,OTA Rate,188.67,377.34,6.7,Detractor,False
R01311,G0240,1,2024-04-17,Thursday,1,21,Business,Deluxe,OTA Rate,187.23,187.23,6.3,Detractor,False
R01312,G0241,1,2023-04-22,Thursday,3,2,Business,Junior Suite,OTA Rate,273.82,821.46,8.0,Passive,False
R01313,G0241,2,2023-03-19,Friday,3,4,Leisure,Standard,OTA Rate,153.03,459.09,8.7,Passive,True
R01314,G0241,3,2024-12-27,Saturday,2,16,Leisure,Standard,OTA Rate,140.32,280.64,8.0,Passive,False
R01315,G0241,4,2023-03-12,Monday,4,10,Leisure,Deluxe,OTA Rate,184.47,737.88,7.6,Passive,False
R01316,G0241,5,2023-05-29,Saturday,4,28,Leisure,Suite,OTA Rate,413.89,1655.56,6.6,Detractor,False
R01317,G0241,6,2023-07-08,Tuesday,5,1,Bleisure,Standard,OTA Rate,140.59,702.95,6.7,Detractor,False
R01318,G0242,1,2024-08-24,Monday,3,21,Business,Deluxe,Corporate Rate,173.96,521.88,7.6,Passive,False
R01319,G0242,2,2024-04-01,Friday,6,3,Bleisure,Deluxe,Corporate Rate,162.83,976.98,7.6,Passive,False
R01320,G0242,3,2024-10-18,Tuesday,4,18,Business,Deluxe,Corporate Rate,172.17,688.68,8.0,Passive,False
R01321,G0242,4,2024-09-09,Saturday,4,11,Bleisure,Suite,Corporate Rate,352.2,1408.8,8.1,Passive,False
R01322,G0243,1,2024-01-03,Friday,5,2,Leisure,Standard,OTA Rate,139.14,695.7,6.7,Detractor,False
R01323,G0244,1,2024-11-14,Saturday,3,88,Business,Suite,BAR,427.25,1281.75,7.1,Passive,False
R01324,G0244,2,2024-07-07,Sunday,7,50,Leisure,Junior Suite,Package,302.08,2114.56,7.9,Passive,False
R01325,G0245,1,2023-09-19,Friday,6,22,Leisure,Standard,OTA Rate,141.22,847.32,6.4,Detractor,False
R01326,G0245,2,2024-01-24,Sunday,6,17,Leisure,Standard,OTA Rate,145.92,875.52,5.0,Detractor,False
R01327,G0246,1,2023-01-25,Thursday,7,25,Leisure,Presidential Suite,Loyalty Rate,596.42,4174.94,7.0,Passive,False
R01328,G0246,2,2023-10-26,Saturday,6,52,Leisure,Standard,Loyalty Rate,137.63,825.78,8.0,Passive,False
R01329,G0246,3,2024-06-25,Saturday,6,30,Leisure,Suite,BAR,378.24,2269.44,7.1,Passive,False
R01330,G0246,4,2023-10-13,Friday,6,19,Leisure,Junior Suite,Loyalty Rate,253.17,1519.02,8.6,Passive,True
R01331,G0246,5,2023-11-23,Wednesday,7,35,Leisure,Standard,Loyalty Rate,137.73,964.11,9.3,Promoter,True
R01332,G0247,1,2023-06-01,Friday,4,40,Leisure,Junior Suite,BAR,265.91,1063.64,7.8,Passive,False
R01333,G0247,2,2024-07-15,Thursday,6,72,Leisure,Deluxe,BAR,189.19,1135.14,6.9,Detractor,False
R01334,G0248,1,2024-06-12,Thursday,3,5,Business,Deluxe,Corporate Rate,161.57,484.71,9.6,Promoter,False
R01335,G0248,2,2023-01-24,Friday,1,15,Business,Suite,Corporate Rate,348.78,348.78,8.8,Passive,True
R01336,G0248,3,2023-08-29,Wednesday,2,21,Business,Suite,Corporate Rate,356.91,713.82,8.4,Passive,False
R01337,G0248,4,2024-08-14,Saturday,2,15,Bleisure,Standard,Corporate Rate,131.05,262.1,8.2,Passive,False
R01338,G0248,5,2023-12-11,Sunday,1,20,Business,Junior Suite,Corporate Rate,251.1,251.1,8.5,Passive,True
R01339,G0248,6,2023-02-11,Friday,3,19,Business,Junior Suite,Corporate Rate,229.31,687.93,8.4,Passive,False
R01340,G0248,7,2024-03-20,Monday,1,17,Business,Deluxe,Corporate Rate,161.11,161.11,8.8,Passive,False
R01341,G0248,8,2023-11-22,Wednesday,3,14,Business,Suite,Corporate Rate,332.36,997.08,8.8,Passive,True
R01342,G0248,9,2024-08-10,Thursday,2,9,Leisure,Suite,Corporate Rate,351.32,702.64,8.7,Passive,False
R01343,G0248,10,2023-03-12,Tuesday,1,11,Business,Junior Suite,Corporate Rate,224.04,224.04,9.0,Promoter,True
R01344,G0248,11,2024-08-11,Tuesday,3,11,Business,Presidential Suite,Corporate Rate,589.39,1768.17,9.7,Promoter,True
R01345,G0248,12,2023-02-24,Wednesday,2,3,Business,Suite,Corporate Rate,347.38,694.76,9.5,Promoter,True
R01346,G0248,13,2023-04-04,Wednesday,3,10,Bleisure,Suite,Corporate Rate,343.0,1029.0,7.5,Passive,False
R01347,G0248,14,2023-10-23,Tuesday,5,7,Leisure,Standard,Corporate Rate,124.37,621.85,6.7,Detractor,False
R01348,G0248,15,2023-03-13,Thursday,1,17,Business,Junior Suite,Corporate Rate,248.67,248.67,9.4,Promoter,False
R01349,G0248,16,2023-07-17,Monday,1,14,Business,Presidential Suite,Corporate Rate,560.42,560.42,7.6,Passive,False
R01350,G0248,17,2023-10-29,Wednesday,3,7,Business,Suite,Corporate Rate,332.45,997.35,8.5,Passive,True
R01351,G0248,18,2024-12-04,Monday,1,13,Business,Junior Suite,Corporate Rate,223.7,223.7,7.8,Passive,False
R01352,G0248,19,2024-11-12,Friday,2,4,Bleisure,Suite,Corporate Rate,326.1,652.2,7.3,Passive,False
R01353,G0248,20,2023-02-26,Tuesday,1,5,Business,Deluxe,Corporate Rate,164.02,164.02,9.1,Promoter,True
R01354,G0248,21,2023-03-30,Thursday,3,8,Business,Junior Suite,Corporate Rate,248.42,745.26,9.3,Promoter,False
R01355,G0248,22,2024-10-04,Tuesday,1,3,Business,Suite,Corporate Rate,329.75,329.75,8.2,Passive,False
R01356,G0248,23,2024-06-29,Monday,5,16,Bleisure,Suite,Corporate Rate,328.15,1640.75,6.6,Detractor,False
R01357,G0249,1,2023-09-22,Saturday,4,29,Leisure,Deluxe,OTA Rate,194.46,777.84,5.9,Detractor,False
R01358,G0249,2,2023-08-13,Thursday,3,20,Leisure,Standard,OTA Rate,141.66,424.98,6.9,Detractor,False
R01359,G0250,1,2024-01-10,Thursday,4,12,Business,Suite,Corporate Rate,325.14,1300.56,7.2,Passive,False
R01360,G0250,2,2023-08-29,Saturday,6,16,Business,Suite,Corporate Rate,325.71,1954.26,8.8,Passive,True
R01361,G0250,3,2023-04-14,Tuesday,5,15,Bleisure,Suite,Corporate Rate,319.35,1596.75,8.7,Passive,True
R01362,G0250,4,2024-03-04,Friday,6,7,Bleisure,Presidential Suite,Corporate Rate,578.5,3471.0,9.2,Promoter,True
R01363,G0250,5,2024-09-28,Sunday,7,17,Bleisure,Suite,Corporate Rate,352.89,2470.23,8.8,Passive,False
R01364,G0250,6,2023-10-28,Thursday,4,21,Business,Deluxe,Corporate Rate,163.33,653.32,7.9,Passive,False
R01365,G0250,7,2023-01-16,Sunday,7,12,Business,Suite,Corporate Rate,338.49,2369.43,9.7,Promoter,True
R01366,G0250,8,2023-05-30,Tuesday,4,12,Business,Deluxe,Corporate Rate,173.65,694.6,8.6,Passive,False
R01367,G0250,9,2024-01-23,Saturday,3,13,Business,Suite,Corporate Rate,336.47,1009.41,8.7,Passive,True
R01368,G0250,10,2023-12-31,Tuesday,3,15,Business,Suite,Corporate Rate,330.23,990.69,8.0,Passive,False
R01369,G0250,11,2023-10-17,Monday,3,18,Business,Suite,Corporate Rate,341.01,1023.03,8.3,Passive,False
R01370,G0250,12,2023-03-24,Wednesday,6,10,Business,Junior Suite,Corporate Rate,232.61,1395.66,8.0,Passive,False
R01371,G0250,13,2024-08-23,Friday,3,19,Bleisure,Suite,Corporate Rate,342.61,1027.83,8.6,Passive,True
R01372,G0250,14,2023-01-24,Friday,5,6,Leisure,Suite,Corporate Rate,358.82,1794.1,10.0,Promoter,True
R01373,G0250,15,2023-06-14,Friday,5,5,Bleisure,Suite,Corporate Rate,326.64,1633.2,7.6,Passive,False
R01374,G0250,16,2023-01-31,Tuesday,7,19,Business,Junior Suite,Corporate Rate,246.18,1723.26,7.4,Passive,False
R01375,G0250,17,2023-09-03,Monday,7,15,Business,Deluxe,Corporate Rate,160.36,1122.52,9.9,Promoter,True
R01376,G0250,18,2024-12-16,Wednesday,7,4,Business,Deluxe,Corporate Rate,175.27,1226.89,8.5,Passive,True
R01377,G0250,19,2023-01-14,Friday,3,10,Business,Deluxe,Corporate Rate,172.93,518.79,8.2,Passive,False
R01378,G0250,20,2023-04-12,Wednesday,7,16,Business,Standard,Corporate Rate,130.36,912.52,9.5,Promoter,False
R01379,G0250,21,2024-02-02,Wednesday,7,4,Bleisure,Suite,Corporate Rate,329.51,2306.57,8.2,Passive,False
R01380,G0251,1,2024-08-18,Sunday,7,81,Leisure,Deluxe,Loyalty Rate,169.34,1185.38,9.3,Promoter,True
R01381,G0251,2,2023-07-30,Friday,7,35,Leisure,Junior Suite,Loyalty Rate,262.89,1840.23,8.6,Passive,False
R01382,G0251,3,2024-11-23,Friday,7,74,Leisure,Standard,Loyalty Rate,137.98,965.86,7.7,Passive,False
R01383,G0251,4,2023-08-21,Sunday,6,17,Leisure,Junior Suite,BAR,258.89,1553.34,9.8,Promoter,True
R01384,G0251,5,2023-06-08,Wednesday,5,75,Bleisure,Junior Suite,Loyalty Rate,242.67,1213.35,7.6,Passive,False
R01385,G0251,6,2023-12-13,Monday,7,27,Leisure,Suite,Loyalty Rate,371.0,2597.0,8.7,Passive,True
R01386,G0251,7,2024-11-20,Saturday,6,78,Leisure,Standard,Loyalty Rate,130.48,782.88,8.3,Passive,False
R01387,G0251,8,2023-10-28,Saturday,6,37,Leisure,Deluxe,Package,176.92,1061.52,9.1,Promoter,True
R01388,G0252,1,2024-01-29,Saturday,6,28,Leisure,Junior Suite,OTA Rate,271.13,1626.78,7.5,Passive,False
R01389,G0252,2,2024-04-28,Thursday,5,3,Business,Deluxe,OTA Rate,200.93,1004.65,6.6,Detractor,False
R01390,G0253,1,2023-09-09,Sunday,4,23,Leisure,Deluxe,OTA Rate,205.78,823.12,5.7,Detractor,False
R01391,G0253,2,2023-05-26,Monday,1,27,Business,Standard,OTA Rate,142.86,142.86,7.0,Passive,False
R01392,G0254,1,2023-05-29,Monday,2,7,Bleisure,Standard,OTA Rate,137.98,275.96,5.8,Detractor,False
R01393,G0255,1,2024-10-26,Tuesday,5,9,Business,Junior Suite,Corporate Rate,242.59,1212.95,8.8,Passive,False
R01394,G0255,2,2023-08-16,Tuesday,7,5,Business,Deluxe,Corporate Rate,159.4,1115.8,7.6,Passive,False
R01395,G0255,3,2023-04-20,Saturday,3,13,Bleisure,Suite,Corporate Rate,321.07,963.21,7.2,Passive,False
R01396,G0256,1,2023-04-14,Monday,5,60,Bleisure,Junior Suite,Package,306.45,1532.25,7.3,Passive,False
R01397,G0256,2,2024-12-16,Saturday,3,43,Bleisure,Junior Suite,Promotional,301.15,903.45,6.4,Detractor,False
R01398,G0256,3,2023-08-27,Tuesday,2,55,Bleisure,Standard,BAR,158.56,317.12,6.7,Detractor,False
R01399,G0257,1,2024-05-25,Saturday,6,85,Leisure,Suite,BAR,404.46,2426.76,7.8,Passive,False
R01400,G0258,1,2023-05-06,Thursday,4,55,Bleisure,Junior Suite,Promotional,269.7,1078.8,6.7,Detractor,False
R01401,G0258,2,2024-07-13,Sunday,5,56,Leisure,Junior Suite,BAR,289.84,1449.2,6.7,Detractor,False
R01402,G0258,3,2024-07-30,Tuesday,4,47,Leisure,Standard,Promotional,155.84,623.36,7.9,Passive,False
R01403,G0259,1,2024-11-18,Friday,6,23,Leisure,Deluxe,Package,202.04,1212.24,8.1,Passive,False
R01404,G0259,2,2024-01-14,Friday,6,39,Leisure,Standard,BAR,143.82,862.92,8.1,Passive,False
R01405,G0259,3,2024-04-16,Sunday,5,67,Leisure,Deluxe,BAR,208.52,1042.6,8.3,Passive,False
R01406,G0259,4,2024-06-28,Saturday,5,48,Leisure,Standard,BAR,163.42,817.1,6.9,Detractor,False
R01407,G0260,1,2024-06-26,Monday,5,23,Business,Suite,BAR,352.09,1760.45,7.3,Passive,False
R01408,G0260,2,2024-04-15,Friday,7,36,Leisure,Junior Suite,BAR,248.15,1737.05,9.9,Promoter,True
R01409,G0260,3,2023-06-01,Wednesday,6,19,Leisure,Junior Suite,Loyalty Rate,240.95,1445.7,8.4,Passive,False
R01410,G0260,4,2024-04-01,Friday,4,75,Leisure,Presidential Suite,Package,643.53,2574.12,8.5,Passive,False
R01411,G0260,5,2023-08-02,Sunday,6,67,Leisure,Suite,Loyalty Rate,344.15,2064.9,9.8,Promoter,False
R01412,G0260,6,2024-03-17,Sunday,6,66,Leisure,Presidential Suite,BAR,649.88,3899.28,9.1,Promoter,True
R01413,G0260,7,2024-06-19,Saturday,4,21,Leisure,Suite,BAR,370.17,1480.68,9.1,Promoter,True
R01414,G0260,8,2023-12-22,Saturday,6,74,Leisure,Junior Suite,Loyalty Rate,239.49,1436.94,10.0,Promoter,False
R01415,G0260,9,2024-09-02,Friday,4,54,Leisure,Deluxe,BAR,175.55,702.2,8.2,Passive,False
R01416,G0260,10,2024-04-06,Friday,6,57,Bleisure,Junior Suite,Loyalty Rate,260.88,1565.28,9.4,Promoter,False
R01417,G0260,11,2023-01-29,Saturday,4,37,Leisure,Suite,Package,369.06,1476.24,8.7,Passive,True
R01418,G0260,12,2023-07-31,Saturday,4,75,Leisure,Deluxe,BAR,185.78,743.12,8.9,Passive,False
R01419,G0260,13,2024-10-28,Friday,6,27,Leisure,Junior Suite,Loyalty Rate,245.37,1472.22,9.9,Promoter,False
R01420,G0260,14,2024-07-10,Thursday,6,87,Leisure,Suite,Loyalty Rate,346.16,2076.96,9.1,Promoter,True
R01421,G0261,1,2024-03-11,Monday,6,43,Leisure,Standard,Promotional,158.24,949.44,7.6,Passive,False
R01422,G0261,2,2024-08-05,Monday,4,44,Leisure,Junior Suite,BAR,299.74,1198.96,8.4,Passive,False
R01423,G0262,1,2023-03-04,Monday,1,17,Business,Junior Suite,Corporate Rate,247.95,247.95,7.5,Passive,False
R01424,G0262,2,2023-01-20,Saturday,2,15,Leisure,Suite,Corporate Rate,336.98,673.96,7.4,Passive,False
R01425,G0262,3,2023-02-10,Saturday,2,12,Bleisure,Junior Suite,Corporate Rate,229.02,458.04,7.3,Passive,False
R01426,G0262,4,2024-02-28,Wednesday,4,15,Bleisure,Junior Suite,Corporate Rate,246.99,987.96,6.5,Detractor,False
R01427,G0262,5,2024-03-27,Tuesday,2,16,Business,Presidential Suite,Corporate Rate,623.22,1246.44,9.7,Promoter,True
R01428,G0262,6,2023-08-16,Monday,5,13,Leisure,Deluxe,Corporate Rate,162.31,811.55,7.2,Passive,False
R01429,G0262,7,2023-12-25,Wednesday,3,13,Business,Standard,Corporate Rate,128.19,384.57,7.9,Passive,False
R01430,G0263,1,2024-09-11,Wednesday,1,18,Business,Standard,Corporate Rate,132.03,132.03,7.0,Passive,False
R01431,G0263,2,2023-06-13,Tuesday,5,10,Bleisure,Deluxe,Corporate Rate,160.15,800.75,7.7,Passive,False
R01432,G0263,3,2024-07-30,Monday,5,16,Bleisure,Deluxe,Corporate Rate,172.05,860.25,8.2,Passive,False
R01433,G0264,1,2023-06-25,Wednesday,7,10,Leisure,Junior Suite,OTA Rate,264.13,1848.91,8.6,Passive,True
R01434,G0264,2,2024-09-30,Saturday,2,15,Leisure,Suite,OTA Rate,393.31,786.62,7.7,Passive,False
R01435,G0264,3,2024-07-13,Saturday,5,24,Bleisure,Suite,OTA Rate,385.93,1929.65,8.1,Passive,False
R01436,G0264,4,2024-02-27,Monday,2,18,Leisure,Standard,OTA Rate,150.93,301.86,8.4,Passive,False
R01437,G0264,5,2023-04-16,Sunday,3,20,Leisure,Standard,OTA Rate,140.69,422.07,8.0,Passive,False
R01438,G0264,6,2023-03-21,Saturday,4,29,Leisure,Suite,OTA Rate,399.22,1596.88,9.5,Promoter,True
R01439,G0264,7,2024-07-09,Monday,3,6,Leisure,Presidential Suite,OTA Rate,674.75,2024.25,8.6,Passive,True
R01440,G0264,8,2023-07-31,Saturday,1,12,Business,Deluxe,OTA Rate,187.06,187.06,8.8,Passive,True
R01441,G0264,9,2024-10-29,Friday,2,4,Leisure,Suite,OTA Rate,404.91,809.82,8.7,Passive,False
R01442,G0264,10,2023-10-18,Saturday,2,8,Bleisure,Presidential Suite,OTA Rate,695.87,1391.74,9.1,Promoter,False
R01443,G0264,11,2024-07-27,Saturday,3,25,Bleisure,Suite,OTA Rate,377.08,1131.24,8.3,Passive,False
R01444,G0264,12,2023-06-16,Thursday,3,19,Bleisure,Junior Suite,OTA Rate,256.94,770.82,7.2,Passive,False
R01445,G0264,13,2024-07-04,Wednesday,3,18,Business,Presidential Suite,OTA Rate,664.02,1992.06,8.5,Passive,True
R01446,G0264,14,2023-10-03,Tuesday,6,2,Leisure,Junior Suite,OTA Rate,268.77,1612.62,7.7,Passive,False
R01447,G0264,15,2024-09-04,Sunday,3,2,Bleisure,Deluxe,OTA Rate,189.36,568.08,7.8,Passive,False
R01448,G0264,16,2024-05-23,Monday,5,10,Bleisure,Suite,OTA Rate,381.49,1907.45,8.7,Passive,True
R01449,G0265,1,2023-01-16,Saturday,4,103,Bleisure,Standard,Loyalty Rate,133.33,533.32,8.8,Passive,False
R01450,G0265,2,2023-04-11,Wednesday,5,30,Leisure,Junior Suite,Loyalty Rate,247.54,1237.7,8.1,Passive,False
R01451,G0265,3,2024-02-15,Tuesday,2,81,Business,Deluxe,BAR,179.27,358.54,8.3,Passive,False
R01452,G0265,4,2024-02-13,Tuesday,3,110,Bleisure,Standard,BAR,128.44,385.32,9.5,Promoter,False
R01453,G0265,5,2023-08-23,Wednesday,1,105,Business,Junior Suite,BAR,244.64,244.64,8.3,Passive,False
R01454,G0265,6,2023-05-21,Wednesday,2,29,Bleisure,Deluxe,Loyalty Rate,175.75,351.5,10.0,Promoter,True
R01455,G0266,1,2023-04-07,Saturday,3,19,Leisure,Junior Suite,OTA Rate,267.54,802.62,6.8,Detractor,False
R01456,G0266,2,2024-11-13,Friday,6,30,Leisure,Junior Suite,OTA Rate,279.81,1678.86,5.2,Detractor,False
R01457,G0267,1,2023-09-25,Sunday,4,23,Leisure,Deluxe,OTA Rate,205.33,821.32,7.3,Passive,False
R01458,G0267,2,2023-06-07,Friday,3,23,Leisure,Junior Suite,OTA Rate,279.47,838.41,7.3,Passive,False
R01459,G0268,1,2024-11-22,Sunday,7,6,Leisure,Junior Suite,OTA Rate,291.83,2042.81,7.3,Passive,False
R01460,G0268,2,2023-11-06,Friday,6,16,Leisure,Junior Suite,OTA Rate,286.77,1720.62,7.1,Passive,False
R01461,G0269,1,2023-07-23,Sunday,7,89,Leisure,Presidential Suite,Loyalty Rate,600.81,4205.67,7.7,Passive,False
R01462,G0269,2,2024-09-24,Wednesday,7,51,Leisure,Presidential Suite,Loyalty Rate,655.9,4591.3,7.1,Passive,False
R01463,G0269,3,2023-12-08,Saturday,7,81,Leisure,Deluxe,BAR,172.57,1207.99,7.9,Passive,False
R01464,G0269,4,2023-11-25,Saturday,5,65,Leisure,Suite,Loyalty Rate,359.42,1797.1,7.4,Passive,False
R01465,G0269,5,2024-02-12,Saturday,5,53,Leisure,Suite,Package,364.59,1822.95,7.6,Passive,False
R01466,G0270,1,2023-11-23,Tuesday,6,13,Leisure,Deluxe,OTA Rate,187.19,1123.14,7.8,Passive,False
R01467,G0270,2,2023-07-07,Monday,2,18,Leisure,Deluxe,OTA Rate,201.95,403.9,8.9,Passive,False
R01468,G0270,3,2024-10-12,Saturday,4,15,Bleisure,Deluxe,OTA Rate,193.72,774.88,7.9,Passive,False
R01469,G0270,4,2024-08-26,Sunday,7,1,Leisure,Standard,OTA Rate,155.4,1087.8,6.6,Detractor,False
R01470,G0270,5,2023-06-16,Tuesday,2,19,Business,Junior Suite,OTA Rate,278.23,556.46,8.0,Passive,False
R01471,G0271,1,2023-01-14,Saturday,5,42,Leisure,Junior Suite,BAR,270.67,1353.35,8.2,Passive,False
R01472,G0271,2,2024-02-13,Friday,2,27,Business,Suite,BAR,390.67,781.34,7.0,Passive,False
R01473,G0271,3,2023-03-10,Thursday,2,23,Leisure,Junior Suite,Package,267.14,534.28,7.4,Passive,False
R01474,G0272,1,2023-03-28,Thursday,3,82,Leisure,Deluxe,BAR,197.94,593.82,7.2,Passive,False
R01475,G0272,2,2024-04-19,Saturday,1,62,Business,Suite,Package,404.18,404.18,6.9,Detractor,False
R01476,G0272,3,2023-01-22,Tuesday,5,18,Leisure,Deluxe,BAR,192.36,961.8,8.0,Passive,False
R01477,G0272,4,2024-12-02,Sunday,2,74,Leisure,Presidential Suite,Promotional,705.04,1410.08,7.4,Passive,False
R01478,G0273,1,2023-08-12,Saturday,4,3,Bleisure,Standard,Corporate Rate,124.05,496.2,8.1,Passive,False
R01479,G0273,2,2024-04-19,Tuesday,1,17,Business,Suite,Corporate Rate,345.5,345.5,7.4,Passive,False
R01480,G0273,3,2023-08-17,Wednesday,3,16,Bleisure,Standard,Corporate Rate,128.78,386.34,7.8,Passive,False
R01481,G0273,4,2024-09-24,Thursday,2,12,Business,Standard,Corporate Rate,122.18,244.36,8.7,Passive,True
R01482,G0273,5,2023-12-24,Thursday,1,9,Business,Junior Suite,Corporate Rate,236.14,236.14,7.8,Passive,False
R01483,G0274,1,2024-11-05,Friday,6,29,Leisure,Suite,OTA Rate,368.72,2212.32,7.7,Passive,False
R01484,G0274,2,2024-12-10,Thursday,4,20,Leisure,Suite,OTA Rate,409.55,1638.2,6.3,Detractor,False
R01485,G0275,1,2024-03-14,Friday,4,33,Leisure,Deluxe,BAR,218.84,875.36,7.0,Passive,False
R01486,G0276,1,2024-05-21,Wednesday,5,8,Business,Standard,Corporate Rate,121.71,608.55,7.9,Passive,False
R01487,G0276,2,2024-07-27,Tuesday,3,18,Business,Deluxe,Corporate Rate,164.55,493.65,6.4,Detractor,False
R01488,G0277,1,2024-03-14,Saturday,6,27,Leisure,Standard,OTA Rate,142.03,852.18,4.9,Detractor,False
R01489,G0277,2,2024-08-06,Monday,4,28,Leisure,Standard,OTA Rate,147.46,589.84,5.4,Detractor,False
R01490,G0278,1,2023-08-19,Saturday,5,18,Bleisure,Deluxe,OTA Rate,190.35,951.75,7.3,Passive,False
R01491,G0279,1,2024-04-23,Wednesday,3,23,Business,Standard,OTA Rate,149.73,449.19,5.9,Detractor,False
R01492,G0279,2,2023-01-04,Thursday,4,21,Leisure,Junior Suite,OTA Rate,274.15,1096.6,8.6,Passive,False
R01493,G0280,1,2023-06-28,Saturday,5,25,Bleisure,Junior Suite,OTA Rate,257.26,1286.3,5.8,Detractor,False
R01494,G0280,2,2023-02-03,Thursday,6,9,Leisure,Junior Suite,OTA Rate,258.49,1550.94,6.7,Detractor,False
R01495,G0281,1,2024-05-15,Saturday,7,51,Leisure,Deluxe,BAR,216.11,1512.77,8.4,Passive,False
R01496,G0281,2,2023-09-26,Friday,6,24,Leisure,Junior Suite,BAR,292.33,1753.98,9.1,Promoter,False
R01497,G0281,3,2024-03-01,Friday,5,63,Leisure,Junior Suite,BAR,303.75,1518.75,9.1,Promoter,False
R01498,G0281,4,2023-03-10,Thursday,7,80,Leisure,Deluxe,BAR,207.23,1450.61,8.5,Passive,True
R01499,G0282,1,2023-03-03,Wednesday,3,6,Business,Deluxe,OTA Rate,185.93,557.79,7.1,Passive,False
R01500,G0283,1,2024-06-13,Monday,7,63,Leisure,Standard,Package,132.06,924.42,8.3,Passive,False
R01501,G0283,2,2024-03-14,Friday,4,70,Business,Deluxe,Loyalty Rate,179.28,717.12,8.7,Passive,True
R01502,G0283,3,2024-02-10,Friday,3,65,Leisure,Junior Suite,BAR,262.39,787.17,7.7,Passive,False
R01503,G0283,4,2024-07-15,Wednesday,6,66,Leisure,Suite,Loyalty Rate,362.08,2172.48,7.4,Passive,False
R01504,G0283,5,2023-10-15,Saturday,6,79,Leisure,Junior Suite,Loyalty Rate,243.23,1459.38,8.1,Passive,False
R01505,G0284,1,2023-12-04,Saturday,2,63,Leisure,Junior Suite,Loyalty Rate,248.72,497.44,7.7,Passive,False
R01506,G0284,2,2023-11-08,Wednesday,6,78,Leisure,Suite,Package,340.11,2040.66,7.7,Passive,False
R01507,G0284,3,2023-11-19,Saturday,2,52,Leisure,Junior Suite,Loyalty Rate,240.44,480.88,8.7,Passive,True
R01508,G0284,4,2023-09-26,Saturday,7,23,Leisure,Junior Suite,Loyalty Rate,257.33,1801.31,8.9,Passive,True
R01509,G0284,5,2024-02-05,Thursday,1,65,Business,Suite,BAR,377.54,377.54,8.2,Passive,False
R01510,G0284,6,2023-01-16,Sunday,6,88,Leisure,Deluxe,Package,185.85,1115.1,9.3,Promoter,True
R01511,G0284,7,2024-08-03,Sunday,5,29,Leisure,Junior Suite,Loyalty Rate,246.16,1230.8,7.2,Passive,False
R01512,G0284,8,2023-07-28,Thursday,2,72,Leisure,Junior Suite,Package,252.05,504.1,7.9,Passive,False
R01513,G0284,9,2023-11-12,Wednesday,6,51,Leisure,Deluxe,Loyalty Rate,182.99,1097.94,7.5,Passive,False
R01514,G0285,1,2024-07-02,Saturday,2,44,Leisure,Suite,BAR,438.28,876.56,5.3,Detractor,False
R01515,G0285,2,2024-09-07,Tuesday,4,86,Leisure,Deluxe,BAR,189.85,759.4,7.0,Passive,False
R01516,G0286,1,2024-01-25,Monday,4,82,Leisure,Deluxe,Loyalty Rate,174.29,697.16,7.7,Passive,False
R01517,G0286,2,2024-09-13,Sunday,4,43,Leisure,Junior Suite,BAR,258.79,1035.16,9.3,Promoter,False
R01518,G0286,3,2023-09-09,Saturday,7,23,Leisure,Junior Suite,BAR,248.71,1740.97,8.6,Passive,True
R01519,G0286,4,2023-01-06,Friday,4,42,Bleisure,Junior Suite,Loyalty Rate,255.15,1020.6,7.3,Passive,False
R01520,G0286,5,2024-08-16,Saturday,2,27,Leisure,Deluxe,Package,186.71,373.42,9.6,Promoter,False
R01521,G0286,6,2024-11-04,Friday,3,25,Business,Deluxe,Loyalty Rate,178.08,534.24,9.1,Promoter,True
R01522,G0286,7,2024-05-02,Wednesday,1,66,Business,Junior Suite,Loyalty Rate,261.7,261.7,8.6,Passive,True
R01523,G0286,8,2024-06-09,Monday,7,22,Leisure,Junior Suite,Loyalty Rate,251.9,1763.3,7.9,Passive,False
R01524,G0286,9,2024-09-07,Saturday,7,51,Leisure,Suite,Package,352.17,2465.19,7.3,Passive,False
R01525,G0287,1,2023-01-31,Monday,3,87,Leisure,Deluxe,BAR,199.17,597.51,6.5,Detractor,False
R01526,G0287,2,2024-08-01,Wednesday,3,56,Business,Standard,BAR,141.6,424.8,8.0,Passive,False
R01527,G0288,1,2024-08-29,Saturday,5,6,Bleisure,Standard,Corporate Rate,126.24,631.2,8.3,Passive,False
R01528,G0289,1,2024-02-06,Saturday,3,8,Bleisure,Junior Suite,OTA Rate,273.23,819.69,7.5,Passive,False
R01529,G0289,2,2024-10-12,Wednesday,5,22,Leisure,Suite,OTA Rate,380.8,1904.0,6.2,Detractor,False
R01530,G0290,1,2023-10-03,Saturday,5,21,Leisure,Deluxe,OTA Rate,208.91,1044.55,5.8,Detractor,False
R01531,G0290,2,2024-11-27,Friday,3,6,Leisure,Standard,OTA Rate,151.54,454.62,7.1,Passive,False
R01532,G0290,3,2024-11-08,Tuesday,5,7,Leisure,Deluxe,OTA Rate,183.56,917.8,5.6,Detractor,False
R01533,G0290,4,2023-04-03,Wednesday,6,12,Leisure,Deluxe,OTA Rate,187.8,1126.8,7.3,Passive,False
R01534,G0291,1,2023-09-30,Friday,7,8,Leisure,Junior Suite,OTA Rate,280.22,1961.54,6.2,Detractor,False
R01535,G0292,1,2024-04-04,Friday,2,10,Business,Deluxe,Corporate Rate,161.85,323.7,6.4,Detractor,False
R01536,G0292,2,2024-12-07,Tuesday,1,16,Business,Standard,Corporate Rate,130.43,130.43,5.8,Detractor,False
R01537,G0293,1,2024-12-17,Friday,4,25,Leisure,Junior Suite,OTA Rate,281.33,1125.32,6.7,Detractor,False
R01538,G0294,1,2023-09-06,Sunday,4,86,Leisure,Deluxe,BAR,215.15,860.6,6.8,Detractor,False
R01539,G0294,2,2024-08-06,Friday,6,68,Leisure,Standard,Package,150.74,904.44,6.6,Detractor,False
R01540,G0294,3,2023-07-22,Thursday,2,69,Leisure,Deluxe,BAR,212.2,424.4,5.2,Detractor,False
R01541,G0295,1,2024-06-25,Saturday,5,88,Leisure,Deluxe,Package,188.41,942.05,7.8,Passive,False
R01542,G0295,2,2024-11-13,Tuesday,5,37,Leisure,Junior Suite,Loyalty Rate,241.78,1208.9,9.5,Promoter,True
R01543,G0295,3,2024-09-26,Friday,5,72,Bleisure,Suite,BAR,355.44,1777.2,9.4,Promoter,True
R01544,G0295,4,2023-12-20,Sunday,6,89,Leisure,Suite,BAR,377.11,2262.66,7.7,Passive,False
R01545,G0295,5,2024-07-15,Friday,6,65,Leisure,Junior Suite,Loyalty Rate,250.97,1505.82,7.6,Passive,False
R01546,G0295,6,2024-09-17,Sunday,5,52,Leisure,Standard,Loyalty Rate,129.22,646.1,8.5,Passive,True
R01547,G0295,7,2023-09-15,Saturday,5,39,Leisure,Junior Suite,BAR,264.38,1321.9,7.3,Passive,False
R01548,G0296,1,2024-09-05,Sunday,5,1,Bleisure,Standard,OTA Rate,138.37,691.85,6.5,Detractor,False
R01549,G0297,1,2023-11-01,Sunday,3,17,Business,Suite,Corporate Rate,325.06,975.18,8.4,Passive,False
R01550,G0297,2,2024-09-23,Sunday,4,10,Bleisure,Suite,Corporate Rate,353.94,1415.76,9.1,Promoter,False
R01551,G0297,3,2024-07-31,Tuesday,1,9,Business,Junior Suite,Corporate Rate,239.24,239.24,8.0,Passive,False
R01552,G0297,4,2023-11-26,Wednesday,3,18,Business,Standard,Corporate Rate,128.01,384.03,7.9,Passive,False
R01553,G0297,5,2024-07-07,Tuesday,3,15,Business,Deluxe,Corporate Rate,173.97,521.91,7.4,Passive,False
R01554,G0297,6,2024-11-14,Tuesday,2,13,Leisure,Junior Suite,Corporate Rate,242.99,485.98,7.4,Passive,False
R01555,G0297,7,2023-06-04,Monday,2,10,Business,Standard,Corporate Rate,133.09,266.18,7.9,Passive,False
R01556,G0297,8,2024-03-12,Saturday,1,11,Business,Junior Suite,Corporate Rate,240.51,240.51,8.4,Passive,False
R01557,G0298,1,2023-05-09,Saturday,6,30,Leisure,Suite,OTA Rate,409.43,2456.58,7.0,Passive,False
R01558,G0299,1,2024-10-26,Friday,6,21,Leisure,Standard,Package,147.05,882.3,6.2,Detractor,False
R01559,G0299,2,2023-01-03,Friday,7,76,Leisure,Junior Suite,Promotional,271.45,1900.15,8.3,Passive,False
R01560,G0300,1,2024-10-29,Saturday,4,3,Leisure,Deluxe,Corporate Rate,175.03,700.12,7.0,Passive,False
R01561,G0300,2,2023-11-11,Monday,1,13,Business,Standard,Corporate Rate,120.28,120.28,7.5,Passive,False
R01562,G0300,3,2023-07-18,Wednesday,2,6,Business,Standard,Corporate Rate,126.59,253.18,6.9,Detractor,False
R01563,G0301,1,2024-05-22,Monday,2,12,Business,Standard,OTA Rate,145.2,290.4,5.4,Detractor,False
R01564,G0301,2,2024-08-12,Wednesday,2,5,Leisure,Junior Suite,OTA Rate,286.9,573.8,8.3,Passive,False
R01565,G0301,3,2024-08-20,Monday,3,17,Leisure,Junior Suite,OTA Rate,264.3,792.9,8.2,Passive,False
R01566,G0301,4,2023-02-11,Thursday,2,28,Business,Presidential Suite,OTA Rate,668.07,1336.14,7.4,Passive,False
R01567,G0301,5,2024-04-04,Saturday,4,16,Bleisure,Deluxe,OTA Rate,194.56,778.24,7.7,Passive,False
R01568,G0301,6,2024-07-01,Tuesday,3,11,Bleisure,Presidential Suite,OTA Rate,726.95,2180.85,8.0,Passive,False
R01569,G0302,1,2023-01-06,Friday,4,23,Leisure,Suite,BAR,378.15,1512.6,6.5,Detractor,False
R01570,G0302,2,2024-12-05,Saturday,4,75,Leisure,Junior Suite,Package,241.79,967.16,7.7,Passive,False
R01571,G0302,3,2024-07-05,Monday,6,38,Leisure,Presidential Suite,Loyalty Rate,651.04,3906.24,8.7,Passive,False
R01572,G0302,4,2023-12-29,Friday,6,26,Leisure,Deluxe,Package,174.34,1046.04,7.1,Passive,False
R01573,G0302,5,2024-09-26,Friday,6,64,Leisure,Standard,Loyalty Rate,133.69,802.14,8.3,Passive,False
R01574,G0302,6,2023-02-21,Saturday,5,54,Leisure,Suite,Loyalty Rate,350.17,1750.85,7.0,Passive,False
R01575,G0302,7,2023-01-19,Thursday,7,33,Leisure,Deluxe,Package,169.63,1187.41,8.5,Passive,True
R01576,G0302,8,2024-01-27,Wednesday,7,44,Leisure,Junior Suite,Package,252.33,1766.31,8.1,Passive,False
R01577,G0303,1,2024-02-13,Thursday,7,24,Leisure,Standard,OTA Rate,145.7,1019.9,5.0,Detractor,False
R01578,G0304,1,2024-07-07,Tuesday,1,13,Business,Standard,Corporate Rate,132.63,132.63,8.7,Passive,True
R01579,G0304,2,2024-03-23,Wednesday,3,10,Bleisure,Deluxe,Corporate Rate,167.51,502.53,7.5,Passive,False
R01580,G0304,3,2023-07-24,Monday,2,12,Business,Deluxe,Corporate Rate,159.61,319.22,7.5,Passive,False
R01581,G0304,4,2024-06-03,Saturday,5,18,Leisure,Standard,Corporate Rate,129.93,649.65,8.3,Passive,False
R01582,G0304,5,2024-09-11,Sunday,1,8,Business,Standard,Corporate Rate,129.32,129.32,9.0,Promoter,True
R01583,G0304,6,2024-12-17,Wednesday,3,12,Business,Suite,Corporate Rate,322.35,967.05,7.3,Passive,False
R01584,G0304,7,2023-07-24,Sunday,5,15,Bleisure,Standard,Corporate Rate,124.2,621.0,8.1,Passive,False
R01585,G0304,8,2023-10-10,Wednesday,2,8,Business,Suite,Corporate Rate,328.81,657.62,8.4,Passive,False
R01586,G0304,9,2024-11-04,Wednesday,2,4,Business,Deluxe,Corporate Rate,168.25,336.5,8.7,Passive,False
R01587,G0305,1,2023-06-12,Thursday,5,16,Bleisure,Suite,OTA Rate,381.22,1906.1,8.0,Passive,False
R01588,G0305,2,2024-12-29,Friday,7,28,Leisure,Suite,OTA Rate,413.33,2893.31,7.9,Passive,False
R01589,G0305,3,2023-05-21,Sunday,6,25,Leisure,Deluxe,OTA Rate,193.18,1159.08,7.5,Passive,False
R01590,G0305,4,2023-03-17,Saturday,7,19,Leisure,Junior Suite,OTA Rate,288.47,2019.29,8.3,Passive,False
R01591,G0305,5,2024-05-12,Sunday,6,6,Leisure,Junior Suite,OTA Rate,282.18,1693.08,7.3,Passive,False
R01592,G0305,6,2024-08-13,Monday,3,5,Leisure,Suite,OTA Rate,370.9,1112.7,5.9,Detractor,False
R01593,G0305,7,2024-07-01,Tuesday,7,30,Leisure,Junior Suite,OTA Rate,264.52,1851.64,8.5,Passive,True
R01594,G0305,8,2024-02-15,Friday,6,8,Business,Standard,OTA Rate,144.75,868.5,8.9,Passive,True
R01595,G0305,9,2023-01-09,Tuesday,6,21,Leisure,Suite,OTA Rate,380.88,2285.28,6.3,Detractor,False
R01596,G0306,1,2023-01-09,Saturday,4,19,Leisure,Standard,OTA Rate,139.37,557.48,5.9,Detractor,False
R01597,G0306,2,2023-06-18,Saturday,4,12,Bleisure,Deluxe,OTA Rate,198.82,795.28,7.5,Passive,False
R01598,G0306,3,2023-12-14,Wednesday,5,19,Leisure,Junior Suite,OTA Rate,278.35,1391.75,8.6,Passive,True
R01599,G0307,1,2023-04-25,Thursday,2,4,Business,Standard,Corporate Rate,129.88,259.76,8.4,Passive,False
R01600,G0307,2,2024-03-16,Friday,2,14,Business,Presidential Suite,Corporate Rate,625.43,1250.86,8.1,Passive,False
R01601,G0307,3,2023-10-30,Thursday,4,21,Bleisure,Presidential Suite,Corporate Rate,562.26,2249.04,8.6,Passive,True
R01602,G0307,4,2024-07-24,Thursday,4,13,Leisure,Junior Suite,Corporate Rate,225.73,902.92,9.8,Promoter,False
R01603,G0307,5,2024-10-07,Thursday,3,15,Business,Junior Suite,Corporate Rate,232.98,698.94,8.2,Passive,False
R01604,G0307,6,2023-08-05,Thursday,2,13,Business,Junior Suite,Corporate Rate,234.53,469.06,8.1,Passive,False
R01605,G0307,7,2023-06-21,Thursday,1,6,Business,Suite,Corporate Rate,338.95,338.95,8.3,Passive,False
R01606,G0307,8,2023-11-19,Friday,3,16,Bleisure,Deluxe,Corporate Rate,167.56,502.68,7.9,Passive,False
R01607,G0307,9,2023-05-23,Tuesday,2,3,Business,Junior Suite,Corporate Rate,247.3,494.6,8.8,Passive,True
R01608,G0307,10,2024-03-07,Friday,3,9,Leisure,Junior Suite,Corporate Rate,250.94,752.82,10.0,Promoter,True
R01609,G0307,11,2024-01-09,Tuesday,1,3,Business,Deluxe,Corporate Rate,163.78,163.78,9.0,Promoter,False
R01610,G0308,1,2023-04-03,Saturday,6,27,Leisure,Deluxe,BAR,190.9,1145.4,7.0,Passive,False
R01611,G0308,2,2023-05-13,Thursday,4,96,Leisure,Deluxe,BAR,196.97,787.88,7.3,Passive,False
R01612,G0308,3,2024-12-27,Thursday,7,48,Leisure,Standard,Package,157.07,1099.49,6.2,Detractor,False
R01613,G0309,1,2024-04-23,Thursday,5,4,Leisure,Deluxe,OTA Rate,202.1,1010.5,7.0,Passive,False
R01614,G0309,2,2024-10-20,Saturday,6,13,Leisure,Standard,OTA Rate,151.48,908.88,6.5,Detractor,False
R01615,G0310,1,2023-11-04,Friday,6,11,Leisure,Deluxe,OTA Rate,186.26,1117.56,6.6,Detractor,False
R01616,G0310,2,2023-08-29,Friday,6,9,Leisure,Junior Suite,OTA Rate,276.98,1661.88,9.6,Promoter,True
R01617,G0311,1,2023-01-08,Friday,3,52,Bleisure,Presidential Suite,Package,752.92,2258.76,7.0,Passive,False
R01618,G0311,2,2023-04-01,Thursday,2,103,Leisure,Standard,BAR,142.12,284.24,6.5,Detractor,False
R01619,G0312,1,2024-01-04,Thursday,3,32,Bleisure,Suite,BAR,358.26,1074.78,8.1,Passive,False
R01620,G0312,2,2024-11-29,Wednesday,2,51,Business,Junior Suite,Loyalty Rate,252.79,505.58,9.6,Promoter,True
R01621,G0312,3,2023-09-03,Saturday,5,62,Leisure,Suite,BAR,346.6,1733.0,8.8,Passive,True
R01622,G0312,4,2024-04-29,Saturday,7,34,Leisure,Junior Suite,BAR,246.58,1726.06,7.5,Passive,False
R01623,G0312,5,2023-05-25,Tuesday,1,16,Business,Suite,Loyalty Rate,378.71,378.71,9.4,Promoter,True
R01624,G0312,6,2024-09-23,Thursday,1,80,Business,Junior Suite,Loyalty Rate,263.98,263.98,8.2,Passive,False
R01625,G0312,7,2024-05-21,Saturday,6,33,Leisure,Presidential Suite,Loyalty Rate,641.17,3847.02,10.0,Promoter,True
R01626,G0312,8,2023-11-25,Friday,4,57,Leisure,Deluxe,Loyalty Rate,187.36,749.44,9.6,Promoter,True
R01627,G0312,9,2024-03-22,Saturday,2,39,Leisure,Suite,Loyalty Rate,340.33,680.66,8.3,Passive,False
R01628,G0312,10,2024-02-07,Sunday,3,33,Leisure,Deluxe,BAR,188.91,566.73,9.7,Promoter,False
R01629,G0312,11,2023-06-04,Friday,5,73,Leisure,Junior Suite,Package,248.71,1243.55,8.8,Passive,False
R01630,G0312,12,2024-12-17,Sunday,5,52,Leisure,Suite,Loyalty Rate,371.18,1855.9,9.4,Promoter,True
R01631,G0312,13,2024-07-25,Thursday,2,56,Bleisure,Suite,Loyalty Rate,359.24,718.48,9.1,Promoter,True
R01632,G0312,14,2024-10-07,Saturday,2,74,Bleisure,Suite,Loyalty Rate,341.29,682.58,8.0,Passive,False
R01633,G0313,1,2024-05-22,Saturday,5,16,Bleisure,Suite,OTA Rate,386.11,1930.55,7.4,Passive,False
R01634,G0313,2,2023-06-21,Friday,4,19,Bleisure,Presidential Suite,OTA Rate,719.58,2878.32,9.0,Promoter,True
R01635,G0313,3,2023-06-13,Monday,3,13,Business,Deluxe,OTA Rate,196.23,588.69,7.9,Passive,False
R01636,G0313,4,2024-01-01,Saturday,5,29,Leisure,Presidential Suite,OTA Rate,666.92,3334.6,7.9,Passive,False
R01637,G0313,5,2024-02-26,Thursday,5,9,Leisure,Junior Suite,OTA Rate,274.3,1371.5,7.4,Passive,False
R01638,G0313,6,2024-08-23,Wednesday,1,19,Business,Suite,OTA Rate,396.68,396.68,8.5,Passive,True
R01639,G0313,7,2024-08-11,Saturday,6,26,Leisure,Deluxe,OTA Rate,198.57,1191.42,9.9,Promoter,False
R01640,G0313,8,2024-03-13,Thursday,2,27,Business,Junior Suite,OTA Rate,288.12,576.24,7.3,Passive,False
R01641,G0313,9,2024-09-03,Saturday,3,27,Leisure,Junior Suite,OTA Rate,288.32,864.96,8.2,Passive,False
R01642,G0313,10,2023-10-31,Monday,1,19,Business,Junior Suite,OTA Rate,270.5,270.5,9.3,Promoter,True
R01643,G0313,11,2023-06-10,Saturday,6,26,Leisure,Suite,OTA Rate,401.34,2408.04,8.1,Passive,False
R01644,G0313,12,2023-04-17,Thursday,4,8,Bleisure,Junior Suite,OTA Rate,256.83,1027.32,8.6,Passive,True
R01645,G0313,13,2024-12-02,Saturday,3,5,Leisure,Presidential Suite,OTA Rate,717.29,2151.87,7.4,Passive,False
R01646,G0313,14,2024-06-27,Thursday,5,10,Leisure,Deluxe,OTA Rate,206.09,1030.45,8.5,Passive,False
R01647,G0313,15,2023-12-16,Friday,5,3,Bleisure,Suite,OTA Rate,407.25,2036.25,8.1,Passive,False
R01648,G0313,16,2024-06-22,Saturday,1,15,Business,Suite,OTA Rate,395.4,395.4,9.0,Promoter,True
R01649,G0313,17,2023-12-04,Sunday,4,3,Leisure,Junior Suite,OTA Rate,258.47,1033.88,9.1,Promoter,False
R01650,G0313,18,2023-07-24,Thursday,7,12,Leisure,Junior Suite,OTA Rate,273.64,1915.48,10.0,Promoter,False
R01651,G0313,19,2024-09-05,Sunday,4,13,Leisure,Standard,OTA Rate,150.24,600.96,8.7,Passive,True
R01652,G0313,20,2024-12-04,Thursday,5,7,Bleisure,Presidential Suite,OTA Rate,692.29,3461.45,8.5,Passive,False
R01653,G0313,21,2024-09-27,Friday,3,13,Leisure,Suite,OTA Rate,369.71,1109.13,8.4,Passive,False
R01654,G0313,22,2024-07-10,Friday,2,3,Business,Junior Suite,OTA Rate,261.48,522.96,7.9,Passive,False
R01655,G0313,23,2023-04-12,Friday,4,24,Bleisure,Junior Suite,OTA Rate,275.05,1100.2,8.5,Passive,False
R01656,G0314,1,2023-12-05,Sunday,5,11,Leisure,Standard,OTA Rate,151.78,758.9,6.1,Detractor,False
R01657,G0315,1,2024-05-20,Sunday,3,9,Bleisure,Deluxe,OTA Rate,190.18,570.54,6.8,Detractor,False
R01658,G0315,2,2023-01-08,Wednesday,2,17,Business,Deluxe,OTA Rate,193.81,387.62,8.1,Passive,False
R01659,G0315,3,2024-06-27,Thursday,2,12,Leisure,Standard,OTA Rate,144.49,288.98,6.2,Detractor,False
R01660,G0315,4,2023-09-19,Wednesday,4,28,Bleisure,Standard,OTA Rate,138.41,553.64,7.9,Passive,False
R01661,G0316,1,2024-06-08,Friday,4,1,Leisure,Standard,OTA Rate,153.51,614.04,8.4,Passive,False
R01662,G0316,2,2023-07-26,Tuesday,3,14,Business,Standard,OTA Rate,152.1,456.3,7.5,Passive,False
R01663,G0316,3,2023-11-22,Sunday,7,3,Leisure,Junior Suite,OTA Rate,291.44,2040.08,5.9,Detractor,False
R01664,G0316,4,2024-02-23,Friday,2,26,Business,Suite,OTA Rate,375.06,750.12,7.1,Passive,False
R01665,G0316,5,2023-08-06,Friday,3,2,Leisure,Suite,OTA Rate,384.34,1153.02,8.6,Passive,True
R01666,G0316,6,2024-09-18,Thursday,6,25,Leisure,Suite,OTA Rate,405.81,2434.86,7.6,Passive,False
R01667,G0316,7,2023-08-06,Saturday,5,21,Bleisure,Standard,OTA Rate,148.85,744.25,6.8,Detractor,False
R01668,G0316,8,2024-09-02,Sunday,6,29,Leisure,Junior Suite,OTA Rate,287.17,1723.02,7.2,Passive,False
R01669,G0316,9,2023-12-11,Saturday,2,7,Leisure,Deluxe,OTA Rate,198.84,397.68,8.3,Passive,False
R01670,G0316,10,2024-06-23,Tuesday,1,15,Business,Deluxe,OTA Rate,202.57,202.57,8.0,Passive,False
R01671,G0317,1,2024-01-22,Friday,6,15,Leisure,Deluxe,BAR,208.13,1248.78,6.6,Detractor,False
R01672,G0318,1,2023-08-17,Saturday,4,19,Leisure,Junior Suite,OTA Rate,284.29,1137.16,6.0,Detractor,False
R01673,G0318,2,2023-02-16,Sunday,1,6,Business,Deluxe,OTA Rate,189.57,189.57,6.3,Detractor,False
R01674,G0319,1,2023-05-31,Saturday,2,10,Bleisure,Presidential Suite,Corporate Rate,583.93,1167.86,7.1,Passive,False
R01675,G0319,2,2024-06-27,Thursday,2,19,Business,Deluxe,Corporate Rate,175.95,351.9,9.4,Promoter,True
R01676,G0319,3,2023-07-15,Wednesday,3,6,Bleisure,Junior Suite,Corporate Rate,235.48,706.44,7.8,Passive,False
R01677,G0319,4,2024-04-15,Wednesday,2,14,Business,Junior Suite,Corporate Rate,249.86,499.72,9.1,Promoter,True
R01678,G0319,5,2023-11-13,Friday,3,11,Business,Presidential Suite,Corporate Rate,607.2,1821.6,9.3,Promoter,False
R01679,G0320,1,2023-07-26,Wednesday,4,98,Business,Deluxe,BAR,186.54,746.16,8.6,Passive,False
R01680,G0320,2,2023-10-11,Friday,4,42,Bleisure,Presidential Suite,Loyalty Rate,645.65,2582.6,7.8,Passive,False
R01681,G0320,3,2024-01-05,Friday,6,42,Leisure,Junior Suite,Package,245.31,1471.86,8.4,Passive,False
R01682,G0320,4,2024-06-12,Sunday,5,110,Leisure,Standard,Loyalty Rate,139.22,696.1,8.1,Passive,False
R01683,G0320,5,2023-08-07,Saturday,7,68,Leisure,Standard,Package,140.41,982.87,7.4,Passive,False
R01684,G0320,6,2023-04-03,Friday,4,69,Leisure,Suite,Package,361.62,1446.48,8.4,Passive,False
R01685,G0320,7,2024-02-29,Saturday,6,40,Leisure,Deluxe,Loyalty Rate,172.02,1032.12,7.2,Passive,False
R01686,G0321,1,2024-10-31,Friday,7,17,Leisure,Presidential Suite,Package,610.09,4270.63,8.8,Passive,False
R01687,G0321,2,2024-08-09,Saturday,5,48,Bleisure,Suite,BAR,364.19,1820.95,7.7,Passive,False
R01688,G0321,3,2024-04-03,Sunday,6,71,Bleisure,Junior Suite,BAR,239.12,1434.72,8.3,Passive,False
R01689,G0321,4,2024-03-31,Thursday,7,81,Leisure,Standard,Package,139.54,976.78,8.3,Passive,False
R01690,G0321,5,2024-07-07,Monday,5,73,Leisure,Junior Suite,Loyalty Rate,238.96,1194.8,7.9,Passive,False
R01691,G0321,6,2024-05-20,Saturday,5,79,Leisure,Presidential Suite,BAR,637.99,3189.95,8.6,Passive,True
R01692,G0322,1,2024-07-17,Tuesday,3,17,Business,Deluxe,Corporate Rate,169.65,508.95,7.4,Passive,False
R01693,G0322,2,2023-06-09,Saturday,5,5,Leisure,Deluxe,Corporate Rate,171.01,855.05,8.8,Passive,False
R01694,G0322,3,2023-07-04,Wednesday,3,3,Business,Junior Suite,Corporate Rate,232.51,697.53,7.0,Passive,False
R01695,G0322,4,2023-04-01,Thursday,1,7,Business,Suite,Corporate Rate,345.02,345.02,8.2,Passive,False
R01696,G0322,5,2024-07-06,Tuesday,3,6,Business,Junior Suite,Corporate Rate,226.93,680.79,9.7,Promoter,False
R01697,G0322,6,2024-10-26,Monday,5,15,Bleisure,Junior Suite,Corporate Rate,246.91,1234.55,7.3,Passive,False
R01698,G0323,1,2024-09-02,Monday,2,89,Business,Standard,BAR,144.83,289.66,6.7,Detractor,False
R01699,G0323,2,2024-07-22,Wednesday,1,42,Business,Standard,Package,156.36,156.36,7.9,Passive,False
R01700,G0324,1,2024-03-23,Saturday,5,19,Leisure,Junior Suite,Loyalty Rate,248.89,1244.45,8.5,Passive,True
R01701,G0324,2,2024-06-07,Sunday,7,42,Leisure,Presidential Suite,Loyalty Rate,618.92,4332.44,9.0,Promoter,True
R01702,G0324,3,2024-05-13,Saturday,3,41,Bleisure,Deluxe,Loyalty Rate,181.73,545.19,9.1,Promoter,False
R01703,G0324,4,2023-11-22,Sunday,4,30,Bleisure,Suite,BAR,363.8,1455.2,9.2,Promoter,False
R01704,G0324,5,2023-08-16,Saturday,4,47,Leisure,Standard,Loyalty Rate,134.24,536.96,9.6,Promoter,True
R01705,G0324,6,2023-03-20,Thursday,5,20,Bleisure,Suite,BAR,369.18,1845.9,9.0,Promoter,False
R01706,G0324,7,2024-10-25,Sunday,3,65,Leisure,Suite,Loyalty Rate,352.09,1056.27,8.5,Passive,False
R01707,G0324,8,2024-06-30,Saturday,6,70,Leisure,Presidential Suite,Loyalty Rate,625.35,3752.1,9.2,Promoter,True
R01708,G0324,9,2023-05-26,Sunday,3,48,Business,Junior Suite,BAR,244.5,733.5,10.0,Promoter,False
R01709,G0324,10,2024-08-11,Monday,3,68,Leisure,Suite,Loyalty Rate,351.05,1053.15,8.6,Passive,True
R01710,G0324,11,2024-03-18,Monday,2,75,Business,Junior Suite,Loyalty Rate,255.62,511.24,7.9,Passive,False
R01711,G0324,12,2023-05-02,Sunday,4,71,Bleisure,Suite,Loyalty Rate,375.46,1501.84,9.6,Promoter,False
R01712,G0324,13,2024-11-09,Tuesday,5,85,Bleisure,Suite,Loyalty Rate,340.66,1703.3,8.6,Passive,False
R01713,G0325,1,2023-04-01,Friday,4,21,Bleisure,Standard,OTA Rate,153.0,612.0,4.6,Detractor,False
R01714,G0325,2,2023-08-21,Monday,3,12,Business,Standard,OTA Rate,143.8,431.4,7.3,Passive,False
R01715,G0326,1,2023-09-18,Saturday,5,17,Leisure,Suite,Package,351.12,1755.6,7.4,Passive,False
R01716,G0326,2,2024-01-29,Saturday,5,36,Leisure,Junior Suite,Loyalty Rate,254.79,1273.95,8.0,Passive,False
R01717,G0326,3,2024-01-01,Saturday,7,76,Leisure,Deluxe,Package,187.64,1313.48,8.4,Passive,False
R01718,G0326,4,2023-04-28,Friday,4,15,Bleisure,Suite,Package,342.22,1368.88,8.3,Passive,False
R01719,G0326,5,2024-11-11,Wednesday,1,50,Business,Suite,Loyalty Rate,370.58,370.58,8.7,Passive,True
R01720,G0326,6,2023-10-08,Friday,2,89,Leisure,Deluxe,BAR,182.96,365.92,7.8,Passive,False
R01721,G0326,7,2024-04-05,Saturday,3,89,Bleisure,Suite,Package,360.54,1081.62,8.5,Passive,True
R01722,G0326,8,2024-10-14,Sunday,2,33,Leisure,Deluxe,Package,176.07,352.14,7.9,Passive,False
R01723,G0327,1,2023-01-31,Saturday,5,37,Leisure,Standard,Promotional,150.84,754.2,7.8,Passive,False
R01724,G0327,2,2024-04-08,Saturday,5,67,Leisure,Deluxe,Promotional,189.09,945.45,8.0,Passive,False
R01725,G0327,3,2023-11-17,Sunday,4,36,Leisure,Junior Suite,Promotional,270.68,1082.72,6.8,Detractor,False
R01726,G0327,4,2023-05-12,Thursday,1,48,Business,Deluxe,BAR,191.21,191.21,8.4,Passive,False
R01727,G0327,5,2023-08-02,Sunday,6,42,Leisure,Suite,BAR,415.99,2495.94,7.1,Passive,False
R01728,G0328,1,2023-01-17,Friday,3,23,Business,Deluxe,BAR,174.64,523.92,8.4,Passive,False
R01729,G0328,2,2024-02-18,Tuesday,3,35,Business,Deluxe,BAR,176.12,528.36,8.4,Passive,False
R01730,G0328,3,2024-04-13,Friday,4,69,Bleisure,Suite,Loyalty Rate,371.43,1485.72,9.6,Promoter,False
R01731,G0328,4,2023-04-23,Thursday,3,62,Leisure,Deluxe,BAR,184.72,554.16,7.9,Passive,False
R01732,G0328,5,2024-01-01,Saturday,6,56,Leisure,Deluxe,BAR,181.87,1091.22,7.8,Passive,False
R01733,G0329,1,2024-05-12,Friday,4,5,Bleisure,Standard,Corporate Rate,119.87,479.48,6.8,Detractor,False
R01734,G0330,1,2023-08-10,Sunday,6,1,Leisure,Suite,OTA Rate,405.62,2433.72,6.5,Detractor,False
R01735,G0330,2,2023-12-09,Saturday,5,25,Leisure,Deluxe,OTA Rate,200.76,1003.8,7.6,Passive,False
R01736,G0330,3,2024-07-16,Tuesday,7,8,Leisure,Junior Suite,OTA Rate,267.59,1873.13,5.7,Detractor,False
R01737,G0331,1,2023-09-04,Monday,4,49,Leisure,Junior Suite,BAR,239.49,957.96,7.6,Passive,False
R01738,G0331,2,2024-12-04,Saturday,3,33,Leisure,Junior Suite,Loyalty Rate,256.59,769.77,7.8,Passive,False
R01739,G0331,3,2024-08-25,Friday,6,54,Leisure,Junior Suite,Loyalty Rate,256.35,1538.1,9.5,Promoter,True
R01740,G0331,4,2024-08-20,Thursday,5,69,Bleisure,Junior Suite,BAR,238.59,1192.95,10.0,Promoter,True
R01741,G0331,5,2024-01-18,Monday,7,82,Leisure,Suite,Loyalty Rate,351.6,2461.2,8.6,Passive,False
R01742,G0331,6,2023-11-29,Monday,1,69,Business,Suite,Loyalty Rate,364.34,364.34,8.6,Passive,False
R01743,G0331,7,2023-01-16,Saturday,6,72,Leisure,Deluxe,BAR,177.22,1063.32,8.8,Passive,True
R01744,G0331,8,2024-03-09,Friday,5,20,Bleisure,Junior Suite,BAR,260.53,1302.65,9.6,Promoter,True
R01745,G0331,9,2024-03-14,Saturday,3,23,Leisure,Junior Suite,Loyalty Rate,256.87,770.61,8.0,Passive,False
R01746,G0331,10,2023-07-20,Monday,1,38,Business,Deluxe,Package,177.74,177.74,8.9,Passive,True
R01747,G0331,11,2024-10-24,Friday,7,16,Leisure,Suite,Package,344.66,2412.62,9.5,Promoter,True
R01748,G0331,12,2023-04-08,Thursday,1,65,Business,Junior Suite,Loyalty Rate,245.94,245.94,9.1,Promoter,True
R01749,G0331,13,2024-08-25,Monday,5,68,Leisure,Presidential Suite,Loyalty Rate,645.89,3229.45,8.9,Passive,True
R01750,G0331,14,2023-05-19,Thursday,2,54,Leisure,Junior Suite,Package,240.79,481.58,9.5,Promoter,False
R01751,G0331,15,2023-02-18,Tuesday,2,26,Bleisure,Presidential Suite,BAR,647.1,1294.2,6.5,Detractor,False
R01752,G0331,16,2023-03-19,Monday,3,53,Business,Junior Suite,BAR,242.52,727.56,9.2,Promoter,False
R01753,G0331,17,2024-01-08,Tuesday,1,41,Business,Deluxe,BAR,174.21,174.21,8.2,Passive,False
R01754,G0331,18,2024-02-26,Friday,3,52,Leisure,Deluxe,Loyalty Rate,184.52,553.56,7.2,Passive,False
R01755,G0331,19,2023-11-02,Friday,2,36,Leisure,Junior Suite,BAR,249.13,498.26,9.1,Promoter,True
R01756,G0331,20,2023-02-25,Saturday,4,45,Leisure,Junior Suite,Loyalty Rate,255.84,1023.36,9.8,Promoter,False
R01757,G0331,21,2023-09-06,Saturday,4,36,Bleisure,Suite,Package,353.36,1413.44,8.6,Passive,False
R01758,G0332,1,2023-04-05,Wednesday,5,65,Bleisure,Deluxe,BAR,214.33,1071.65,8.0,Passive,False
R01759,G0332,2,2023-10-01,Sunday,3,61,Leisure,Junior Suite,Promotional,286.43,859.29,8.8,Passive,False
R01760,G0332,3,2024-03-02,Tuesday,5,61,Bleisure,Standard,BAR,154.55,772.75,8.6,Passive,True
R01761,G0332,4,2023-10-23,Saturday,4,64,Leisure,Deluxe,BAR,196.01,784.04,8.8,Passive,True
R01762,G0332,5,2024-08-17,Saturday,5,30,Leisure,Junior Suite,Promotional,289.18,1445.9,8.1,Passive,False
R01763,G0333,1,2023-12-14,Wednesday,3,29,Leisure,Junior Suite,OTA Rate,284.06,852.18,6.4,Detractor,False
R01764,G0333,2,2024-02-02,Saturday,4,4,Leisure,Standard,OTA Rate,138.66,554.64,5.3,Detractor,False
R01765,G0334,1,2024-10-18,Saturday,5,24,Leisure,Junior Suite,OTA Rate,290.46,1452.3,6.1,Detractor,False
R01766,G0334,2,2023-11-28,Sunday,6,18,Leisure,Deluxe,OTA Rate,202.46,1214.76,5.9,Detractor,False
R01767,G0335,1,2023-09-10,Monday,6,24,Leisure,Junior Suite,OTA Rate,267.42,1604.52,8.0,Passive,False
R01768,G0336,1,2024-04-26,Thursday,7,23,Leisure,Deluxe,BAR,195.75,1370.25,6.7,Detractor,False
R01769,G0337,1,2024-05-27,Tuesday,3,21,Business,Standard,OTA Rate,146.03,438.09,6.4,Detractor,False
R01770,G0338,1,2023-01-30,Wednesday,1,18,Business,Standard,Corporate Rate,120.08,120.08,8.2,Passive,False
R01771,G0338,2,2024-12-08,Thursday,1,6,Business,Deluxe,Corporate Rate,171.41,171.41,8.1,Passive,False
R01772,G0338,3,2024-05-08,Sunday,2,20,Leisure,Suite,Corporate Rate,334.63,669.26,9.5,Promoter,True
R01773,G0338,4,2023-08-01,Sunday,2,15,Business,Suite,Corporate Rate,342.83,685.66,7.6,Passive,False
R01774,G0339,1,2023-11-01,Friday,5,103,Leisure,Deluxe,Loyalty Rate,180.66,903.3,8.0,Passive,False
R01775,G0339,2,2024-10-10,Sunday,5,117,Leisure,Deluxe,Package,172.96,864.8,7.5,Passive,False
R01776,G0339,3,2023-04-22,Saturday,7,101,Leisure,Suite,Loyalty Rate,354.93,2484.51,7.0,Passive,False
R01777,G0339,4,2024-08-09,Sunday,3,44,Leisure,Junior Suite,BAR,247.84,743.52,7.6,Passive,False
R01778,G0339,5,2023-10-27,Tuesday,6,107,Leisure,Standard,BAR,134.86,809.16,8.1,Passive,False
R01779,G0339,6,2023-08-12,Saturday,3,70,Leisure,Standard,Loyalty Rate,138.17,414.51,7.8,Passive,False
R01780,G0340,1,2023-01-29,Thursday,1,19,Business,Deluxe,OTA Rate,202.0,202.0,6.1,Detractor,False
R01781,G0340,2,2023-02-04,Tuesday,3,8,Leisure,Standard,OTA Rate,142.35,427.05,5.9,Detractor,False
R01782,G0341,1,2024-05-02,Friday,5,9,Leisure,Suite,Corporate Rate,330.12,1650.6,6.7,Detractor,False
R01783,G0342,1,2023-04-13,Sunday,4,25,Bleisure,Junior Suite,Promotional,301.25,1205.0,5.6,Detractor,False
R01784,G0343,1,2024-05-20,Monday,4,30,Leisure,Deluxe,OTA Rate,185.76,743.04,6.9,Detractor,False
R01785,G0343,2,2023-01-11,Saturday,7,19,Leisure,Deluxe,OTA Rate,185.23,1296.61,6.7,Detractor,False
R01786,G0344,1,2023-01-26,Tuesday,1,18,Business,Deluxe,BAR,186.7,186.7,6.6,Detractor,False
R01787,G0344,2,2024-03-03,Friday,6,18,Leisure,Junior Suite,Loyalty Rate,254.47,1526.82,7.9,Passive,False
R01788,G0344,3,2023-02-10,Monday,1,47,Business,Junior Suite,BAR,246.33,246.33,7.5,Passive,False
R01789,G0344,4,2024-07-20,Wednesday,2,40,Bleisure,Deluxe,Loyalty Rate,170.37,340.74,8.4,Passive,False
R01790,G0344,5,2024-05-04,Saturday,5,89,Leisure,Standard,Package,132.34,661.7,9.2,Promoter,True
R01791,G0344,6,2024-05-07,Thursday,1,77,Business,Standard,Package,138.31,138.31,6.6,Detractor,False
R01792,G0345,1,2023-04-11,Thursday,2,38,Leisure,Deluxe,Loyalty Rate,186.41,372.82,7.9,Passive,False
R01793,G0345,2,2023-06-15,Friday,7,32,Leisure,Deluxe,Loyalty Rate,185.87,1301.09,8.0,Passive,False
R01794,G0345,3,2024-04-15,Thursday,3,83,Leisure,Suite,Loyalty Rate,376.23,1128.69,8.6,Passive,True
R01795,G0345,4,2024-03-22,Friday,5,69,Leisure,Deluxe,Loyalty Rate,181.19,905.95,8.3,Passive,False
R01796,G0345,5,2023-09-02,Sunday,2,102,Leisure,Junior Suite,BAR,240.25,480.5,7.5,Passive,False
R01797,G0345,6,2024-01-24,Wednesday,2,42,Business,Deluxe,Loyalty Rate,176.08,352.16,7.8,Passive,False
R01798,G0345,7,2023-02-19,Tuesday,2,48,Business,Deluxe,Loyalty Rate,182.35,364.7,7.5,Passive,False
R01799,G0345,8,2024-11-08,Monday,3,53,Business,Suite,Loyalty Rate,378.98,1136.94,9.0,Promoter,True
R01800,G0346,1,2024-11-02,Thursday,2,1,Leisure,Standard,OTA Rate,144.12,288.24,6.3,Detractor,False
R01801,G0347,1,2024-05-13,Monday,7,73,Leisure,Junior Suite,BAR,254.27,1779.89,9.3,Promoter,True
R01802,G0347,2,2024-01-03,Saturday,3,21,Bleisure,Standard,Loyalty Rate,141.41,424.23,8.1,Passive,False
R01803,G0347,3,2024-12-18,Friday,4,65,Leisure,Deluxe,Loyalty Rate,179.2,716.8,7.5,Passive,False
R01804,G0347,4,2023-05-30,Wednesday,7,25,Leisure,Junior Suite,Loyalty Rate,240.87,1686.09,6.9,Detractor,False
R01805,G0347,5,2024-10-31,Friday,4,62,Bleisure,Suite,Loyalty Rate,365.62,1462.48,6.7,Detractor,False
R01806,G0347,6,2023-03-26,Sunday,4,28,Bleisure,Suite,Loyalty Rate,371.8,1487.2,6.8,Detractor,False
R01807,G0347,7,2024-06-05,Sunday,3,47,Leisure,Standard,BAR,133.28,399.84,8.3,Passive,False
R01808,G0348,1,2023-04-16,Monday,7,66,Leisure,Deluxe,BAR,182.53,1277.71,8.2,Passive,False
R01809,G0348,2,2023-04-13,Friday,2,74,Leisure,Deluxe,Loyalty Rate,183.48,366.96,6.8,Detractor,False
R01810,G0348,3,2023-05-05,Saturday,3,31,Bleisure,Deluxe,BAR,172.75,518.25,8.8,Passive,False
R01811,G0348,4,2023-10-18,Tuesday,2,33,Business,Junior Suite,Loyalty Rate,254.06,508.12,7.7,Passive,False
R01812,G0348,5,2024-09-01,Monday,2,18,Bleisure,Junior Suite,BAR,249.77,499.54,8.2,Passive,False
R01813,G0348,6,2023-04-29,Friday,1,28,Business,Suite,Loyalty Rate,340.34,340.34,9.4,Promoter,False
R01814,G0348,7,2023-11-18,Saturday,2,32,Business,Deluxe,BAR,180.93,361.86,8.8,Passive,False
R01815,G0348,8,2023-01-08,Friday,2,60,Leisure,Presidential Suite,BAR,597.01,1194.02,7.9,Passive,False
R01816,G0348,9,2024-04-20,Monday,6,16,Leisure,Suite,Loyalty Rate,351.12,2106.72,7.4,Passive,False
R01817,G0349,1,2024-09-28,Sunday,4,45,Bleisure,Deluxe,Package,215.07,860.28,5.5,Detractor,False
R01818,G0349,2,2023-05-10,Friday,2,47,Leisure,Standard,BAR,159.43,318.86,6.9,Detractor,False
R01819,G0349,3,2023-10-22,Saturday,6,18,Leisure,Standard,Package,156.62,939.72,7.3,Passive,False
R01820,G0349,4,2024-09-16,Tuesday,2,77,Business,Presidential Suite,BAR,738.53,1477.06,6.7,Detractor,False
R01821,G0349,5,2023-01-26,Thursday,6,88,Leisure,Junior Suite,Package,269.12,1614.72,7.4,Passive,False
R01822,G0350,1,2024-11-07,Sunday,5,46,Leisure,Suite,Package,371.95,1859.75,7.9,Passive,False
R01823,G0350,2,2024-02-17,Monday,4,84,Leisure,Deluxe,Loyalty Rate,178.96,715.84,7.9,Passive,False
R01824,G0350,3,2024-01-17,Thursday,2,83,Leisure,Suite,Loyalty Rate,374.85,749.7,7.6,Passive,False
R01825,G0350,4,2023-01-01,Saturday,5,86,Leisure,Junior Suite,BAR,247.17,1235.85,8.2,Passive,False
R01826,G0350,5,2023-06-06,Saturday,5,15,Leisure,Deluxe,BAR,176.88,884.4,8.5,Passive,True
R01827,G0350,6,2023-09-04,Thursday,2,70,Business,Suite,Loyalty Rate,351.85,703.7,7.2,Passive,False
R01828,G0350,7,2024-03-30,Sunday,5,85,Bleisure,Standard,BAR,134.87,674.35,9.2,Promoter,True
R01829,G0350,8,2023-08-14,Friday,3,75,Leisure,Junior Suite,BAR,241.63,724.89,8.0,Passive,False
R01830,G0350,9,2024-09-19,Thursday,4,72,Leisure,Suite,Loyalty Rate,375.43,1501.72,8.1,Passive,False
R01831,G0350,10,2023-11-27,Saturday,6,50,Leisure,Junior Suite,Loyalty Rate,241.08,1446.48,8.7,Passive,True
R01832,G0351,1,2023-08-06,Monday,5,5,Business,Junior Suite,Corporate Rate,226.72,1133.6,7.0,Passive,False
R01833,G0352,1,2023-04-24,Friday,5,90,Leisure,Standard,BAR,148.6,743.0,7.6,Passive,False
R01834,G0352,2,2023-10-16,Saturday,2,63,Leisure,Standard,BAR,159.63,319.26,7.3,Passive,False
R01835,G0353,1,2023-01-16,Monday,2,2,Business,Standard,OTA Rate,151.86,303.72,5.8,Detractor,False
R01836,G0354,1,2023-08-15,Saturday,4,90,Leisure,Junior Suite,Loyalty Rate,243.35,973.4,8.7,Passive,True
R01837,G0354,2,2024-10-17,Saturday,6,63,Leisure,Junior Suite,Loyalty Rate,262.58,1575.48,7.8,Passive,False
R01838,G0354,3,2023-05-24,Friday,7,90,Leisure,Deluxe,Loyalty Rate,178.81,1251.67,8.8,Passive,False
R01839,G0354,4,2024-09-06,Monday,2,25,Business,Junior Suite,BAR,258.61,517.22,8.7,Passive,False
R01840,G0354,5,2024-01-03,Saturday,5,62,Leisure,Suite,Loyalty Rate,378.67,1893.35,8.5,Passive,True
R01841,G0354,6,2023-08-15,Saturday,2,41,Leisure,Deluxe,Loyalty Rate,172.27,344.54,8.6,Passive,True
R01842,G0354,7,2024-06-28,Sunday,2,37,Leisure,Deluxe,Loyalty Rate,182.51,365.02,7.2,Passive,False
R01843,G0354,8,2023-02-19,Tuesday,1,41,Business,Junior Suite,Loyalty Rate,254.01,254.01,8.3,Passive,False
R01844,G0354,9,2023-03-28,Monday,7,16,Leisure,Deluxe,BAR,175.95,1231.65,8.8,Passive,True
R01845,G0354,10,2023-05-30,Tuesday,3,49,Business,Suite,Loyalty Rate,368.67,1106.01,8.8,Passive,True
R01846,G0354,11,2024-09-06,Saturday,3,43,Bleisure,Standard,BAR,131.78,395.34,7.9,Passive,False
R01847,G0354,12,2023-08-11,Tuesday,2,73,Business,Suite,BAR,369.81,739.62,9.7,Promoter,True
R01848,G0354,13,2024-01-21,Saturday,3,70,Bleisure,Standard,BAR,135.81,407.43,8.0,Passive,False
R01849,G0354,14,2023-12-28,Wednesday,1,24,Business,Suite,Package,356.22,356.22,9.5,Promoter,True
R01850,G0355,1,2024-03-14,Friday,7,21,Leisure,Suite,OTA Rate,388.77,2721.39,6.6,Detractor,False
R01851,G0355,2,2023-05-09,Wednesday,3,27,Business,Junior Suite,OTA Rate,268.33,804.99,6.1,Detractor,False
R01852,G0356,1,2024-07-14,Thursday,3,4,Business,Standard,Corporate Rate,122.86,368.58,8.2,Passive,False
R01853,G0356,2,2024-11-22,Wednesday,3,17,Business,Standard,Corporate Rate,128.58,385.74,6.1,Detractor,False
R01854,G0357,1,2024-05-04,Wednesday,4,33,Leisure,Deluxe,BAR,205.14,820.56,7.9,Passive,False
R01855,G0357,2,2024-08-22,Sunday,7,50,Leisure,Junior Suite,BAR,274.29,1920.03,8.3,Passive,False
R01856,G0357,3,2024-05-24,Thursday,7,53,Bleisure,Deluxe,BAR,217.08,1519.56,7.0,Passive,False
R01857,G0358,1,2023-09-08,Friday,3,19,Leisure,Suite,OTA Rate,396.37,1189.11,9.0,Promoter,False
R01858,G0358,2,2023-09-07,Monday,3,9,Leisure,Junior Suite,OTA Rate,278.42,835.26,8.0,Passive,False
R01859,G0358,3,2024-10-03,Friday,6,7,Leisure,Deluxe,OTA Rate,195.47,1172.82,8.4,Passive,False
R01860,G0358,4,2024-07-02,Tuesday,7,18,Leisure,Junior Suite,OTA Rate,281.45,1970.15,8.4,Passive,False
R01861,G0358,5,2024-02-27,Monday,4,29,Bleisure,Junior Suite,OTA Rate,275.68,1102.72,8.1,Passive,False
R01862,G0358,6,2023-02-12,Thursday,3,28,Business,Standard,OTA Rate,144.59,433.77,8.8,Passive,True
R01863,G0358,7,2024-12-18,Thursday,5,15,Bleisure,Presidential Suite,OTA Rate,722.76,3613.8,8.8,Passive,False
R01864,G0358,8,2024-01-13,Monday,1,9,Business,Junior Suite,OTA Rate,269.21,269.21,6.8,Detractor,False
R01865,G0359,1,2023-09-12,Sunday,7,61,Leisure,Suite,BAR,407.14,2849.98,7.8,Passive,False
R01866,G0359,2,2024-02-25,Friday,7,75,Leisure,Deluxe,BAR,212.99,1490.93,5.8,Detractor,False
R01867,G0360,1,2023-10-22,Sunday,5,66,Leisure,Junior Suite,Loyalty Rate,263.89,1319.45,8.6,Passive,False
R01868,G0360,2,2024-08-04,Friday,4,32,Leisure,Suite,Loyalty Rate,355.98,1423.92,9.0,Promoter,True
R01869,G0360,3,2024-04-03,Saturday,7,43,Leisure,Junior Suite,BAR,254.28,1779.96,7.2,Passive,False
R01870,G0360,4,2024-08-21,Thursday,4,23,Leisure,Standard,Loyalty Rate,133.16,532.64,7.8,Passive,False
R01871,G0360,5,2024-11-03,Monday,4,51,Leisure,Suite,Loyalty Rate,378.41,1513.64,7.2,Passive,False
R01872,G0360,6,2024-12-07,Saturday,7,50,Leisure,Suite,Package,368.0,2576.0,7.9,Passive,False
R01873,G0360,7,2024-04-19,Tuesday,7,51,Leisure,Junior Suite,Loyalty Rate,237.83,1664.81,7.9,Passive,False
R01874,G0361,1,2023-08-24,Friday,2,10,Leisure,Deluxe,OTA Rate,200.69,401.38,7.3,Passive,False
R01875,G0361,2,2023-05-28,Wednesday,7,24,Leisure,Junior Suite,OTA Rate,281.83,1972.81,8.0,Passive,False
R01876,G0361,3,2024-08-04,Thursday,2,23,Leisure,Junior Suite,OTA Rate,274.39,548.78,8.1,Passive,False
R01877,G0361,4,2024-03-31,Monday,3,8,Business,Deluxe,OTA Rate,205.04,615.12,6.6,Detractor,False
R01878,G0361,5,2024-06-16,Monday,2,5,Bleisure,Junior Suite,OTA Rate,286.62,573.24,6.8,Detractor,False
R01879,G0362,1,2023-01-28,Sunday,7,80,Leisure,Standard,Promotional,144.38,1010.66,5.9,Detractor,False
R01880,G0362,2,2023-09-17,Sunday,3,40,Leisure,Presidential Suite,BAR,753.08,2259.24,6.9,Detractor,False
R01881,G0362,3,2024-11-22,Monday,6,35,Leisure,Suite,Package,415.27,2491.62,8.3,Passive,False
R01882,G0362,4,2024-05-25,Saturday,7,40,Leisure,Deluxe,Promotional,208.16,1457.12,8.8,Passive,True
R01883,G0363,1,2023-10-20,Sunday,6,31,Leisure,Standard,Promotional,162.05,972.3,6.2,Detractor,False
R01884,G0363,2,2023-10-14,Sunday,2,38,Leisure,Standard,Package,158.62,317.24,7.0,Passive,False
R01885,G0363,3,2023-04-06,Sunday,4,20,Leisure,Junior Suite,Promotional,301.65,1206.6,7.5,Passive,False
R01886,G0363,4,2023-03-21,Tuesday,2,28,Business,Deluxe,Package,204.89,409.78,7.7,Passive,False
R01887,G0364,1,2024-12-08,Saturday,4,19,Bleisure,Suite,Corporate Rate,342.23,1368.92,7.8,Passive,False
R01888,G0364,2,2023-02-06,Wednesday,5,4,Business,Junior Suite,Corporate Rate,224.98,1124.9,9.0,Promoter,True
R01889,G0364,3,2024-06-05,Thursday,4,19,Business,Suite,Corporate Rate,323.31,1293.24,8.3,Passive,False
R01890,G0364,4,2024-06-11,Wednesday,5,14,Business,Suite,Corporate Rate,327.06,1635.3,8.7,Passive,False
R01891,G0364,5,2023-01-13,Tuesday,6,12,Business,Junior Suite,Corporate Rate,236.79,1420.74,9.1,Promoter,False
R01892,G0364,6,2024-07-16,Monday,3,7,Business,Presidential Suite,Corporate Rate,614.44,1843.32,8.7,Passive,False
R01893,G0364,7,2024-02-19,Friday,6,6,Bleisure,Junior Suite,Corporate Rate,226.18,1357.08,8.4,Passive,False
R01894,G0364,8,2024-06-12,Friday,6,6,Leisure,Deluxe,Corporate Rate,170.57,1023.42,8.6,Passive,False
R01895,G0364,9,2024-01-30,Wednesday,7,9,Business,Suite,Corporate Rate,325.58,2279.06,8.6,Passive,True
R01896,G0364,10,2023-02-12,Sunday,7,9,Bleisure,Junior Suite,Corporate Rate,230.33,1612.31,8.4,Passive,False
R01897,G0365,1,2024-10-21,Wednesday,5,17,Business,Junior Suite,Corporate Rate,238.42,1192.1,6.6,Detractor,False
R01898,G0365,2,2023-09-10,Tuesday,7,21,Business,Junior Suite,Corporate Rate,237.41,1661.87,8.4,Passive,False
R01899,G0366,1,2023-10-17,Tuesday,1,4,Business,Deluxe,OTA Rate,203.18,203.18,7.1,Passive,False
R01900,G0366,2,2024-05-08,Monday,4,18,Bleisure,Junior Suite,OTA Rate,290.38,1161.52,6.8,Detractor,False
R01901,G0366,3,2024-03-14,Saturday,3,1,Leisure,Junior Suite,OTA Rate,284.84,854.52,7.6,Passive,False
R01902,G0366,4,2023-01-07,Wednesday,1,6,Business,Junior Suite,OTA Rate,273.44,273.44,6.7,Detractor,False
R01903,G0366,5,2024-05-05,Friday,6,26,Leisure,Deluxe,OTA Rate,189.68,1138.08,7.9,Passive,False
R01904,G0367,1,2023-03-13,Saturday,7,35,Leisure,Deluxe,Promotional,200.11,1400.77,7.5,Passive,False
R01905,G0367,2,2023-11-04,Sunday,7,73,Leisure,Suite,Promotional,379.51,2656.57,7.4,Passive,False
R01906,G0367,3,2024-07-31,Tuesday,7,72,Leisure,Junior Suite,BAR,301.25,2108.75,7.9,Passive,False
R01907,G0368,1,2023-06-20,Saturday,5,72,Leisure,Suite,Promotional,385.99,1929.95,5.5,Detractor,False
R01908,G0369,1,2024-05-28,Thursday,5,78,Bleisure,Suite,Loyalty Rate,370.28,1851.4,6.9,Detractor,False
R01909,G0369,2,2023-03-04,Friday,1,23,Business,Standard,Loyalty Rate,139.43,139.43,7.1,Passive,False
R01910,G0369,3,2023-05-25,Thursday,2,41,Business,Suite,Package,353.07,706.14,8.2,Passive,False
R01911,G0369,4,2024-11-05,Sunday,7,71,Leisure,Presidential Suite,Loyalty Rate,637.42,4461.94,9.5,Promoter,False
R01912,G0369,5,2024-12-29,Sunday,7,88,Leisure,Junior Suite,Loyalty Rate,247.65,1733.55,9.9,Promoter,False
R01913,G0369,6,2024-03-20,Friday,5,66,Bleisure,Deluxe,BAR,183.55,917.75,8.6,Passive,True
R01914,G0369,7,2023-08-29,Thursday,1,16,Business,Junior Suite,Loyalty Rate,241.66,241.66,8.5,Passive,False
R01915,G0370,1,2023-10-16,Sunday,5,7,Leisure,Junior Suite,OTA Rate,279.32,1396.6,4.9,Detractor,False
R01916,G0370,2,2024-12-12,Sunday,6,25,Leisure,Deluxe,OTA Rate,208.54,1251.24,6.2,Detractor,False
R01917,G0371,1,2024-12-21,Monday,3,50,Business,Deluxe,BAR,190.54,571.62,6.6,Detractor,False
R01918,G0371,2,2023-04-27,Saturday,2,24,Bleisure,Suite,BAR,423.65,847.3,7.0,Passive,False
R01919,G0371,3,2023-04-09,Tuesday,1,67,Business,Standard,BAR,144.56,144.56,7.4,Passive,False
R01920,G0371,4,2023-12-24,Saturday,7,47,Leisure,Junior Suite,Promotional,290.07,2030.49,7.1,Passive,False
R01921,G0372,1,2024-07-23,Wednesday,4,57,Leisure,Junior Suite,BAR,247.14,988.56,6.2,Detractor,False
R01922,G0372,2,2023-04-02,Tuesday,6,72,Leisure,Junior Suite,Loyalty Rate,244.18,1465.08,8.7,Passive,True
R01923,G0372,3,2024-12-28,Friday,7,70,Leisure,Suite,BAR,348.73,2441.11,7.2,Passive,False
R01924,G0372,4,2023-06-09,Monday,2,109,Business,Standard,BAR,132.96,265.92,8.3,Passive,False
R01925,G0372,5,2023-05-30,Tuesday,5,89,Leisure,Deluxe,Package,180.94,904.7,9.8,Promoter,True
R01926,G0372,6,2024-05-25,Thursday,2,25,Leisure,Junior Suite,BAR,255.5,511.0,7.4,Passive,False
R01927,G0372,7,2023-01-22,Saturday,2,59,Leisure,Junior Suite,Loyalty Rate,237.64,475.28,6.1,Detractor,False
R01928,G0372,8,2023-03-30,Saturday,4,56,Leisure,Deluxe,Loyalty Rate,186.61,746.44,7.9,Passive,False
R01929,G0372,9,2024-02-15,Wednesday,2,103,Leisure,Junior Suite,Loyalty Rate,243.69,487.38,9.0,Promoter,False
R01930,G0372,10,2024-11-02,Friday,7,118,Leisure,Suite,Loyalty Rate,339.66,2377.62,9.7,Promoter,False
R01931,G0373,1,2023-02-28,Saturday,3,5,Bleisure,Deluxe,Corporate Rate,169.57,508.71,5.8,Detractor,False
R01932,G0373,2,2023-01-04,Thursday,2,8,Bleisure,Deluxe,Corporate Rate,178.75,357.5,7.5,Passive,False
R01933,G0374,1,2023-08-25,Saturday,1,13,Business,Deluxe,Corporate Rate,177.97,177.97,6.8,Detractor,False
R01934,G0374,2,2023-07-04,Monday,3,10,Business,Standard,Corporate Rate,123.11,369.33,7.4,Passive,False
R01935,G0374,3,2023-08-14,Tuesday,1,10,Business,Junior Suite,Corporate Rate,234.19,234.19,9.6,Promoter,True
R01936,G0375,1,2024-10-20,Thursday,1,5,Business,Presidential Suite,OTA Rate,704.36,704.36,6.7,Detractor,False
R01937,G0375,2,2024-03-15,Friday,6,10,Leisure,Suite,OTA Rate,413.46,2480.76,8.4,Passive,False
R01938,G0375,3,2023-09-20,Sunday,4,30,Leisure,Suite,OTA Rate,370.9,1483.6,8.6,Passive,False
R01939,G0375,4,2023-04-01,Tuesday,3,7,Business,Suite,OTA Rate,405.55,1216.65,9.1,Promoter,True
R01940,G0375,5,2024-09-19,Sunday,5,20,Bleisure,Suite,OTA Rate,417.85,2089.25,8.3,Passive,False
R01941,G0375,6,2023-04-07,Sunday,7,10,Leisure,Deluxe,OTA Rate,194.0,1358.0,8.4,Passive,False
R01942,G0375,7,2023-08-27,Friday,4,21,Leisure,Standard,OTA Rate,151.19,604.76,7.9,Passive,False
R01943,G0375,8,2024-02-20,Friday,7,28,Leisure,Deluxe,OTA Rate,195.89,1371.23,8.4,Passive,False
R01944,G0375,9,2024-02-12,Tuesday,6,18,Leisure,Suite,OTA Rate,378.32,2269.92,7.9,Passive,False
R01945,G0375,10,2023-08-30,Friday,4,1,Bleisure,Deluxe,OTA Rate,200.02,800.08,8.7,Passive,False
R01946,G0375,11,2024-10-17,Friday,1,19,Business,Deluxe,OTA Rate,194.08,194.08,7.9,Passive,False
R01947,G0375,12,2024-03-21,Sunday,2,19,Bleisure,Suite,OTA Rate,377.18,754.36,8.5,Passive,False
R01948,G0375,13,2023-03-29,Sunday,4,6,Leisure,Deluxe,OTA Rate,206.8,827.2,8.2,Passive,False
R01949,G0375,14,2024-09-08,Saturday,6,1,Leisure,Suite,OTA Rate,397.21,2383.26,9.1,Promoter,True
R01950,G0375,15,2023-11-22,Tuesday,4,11,Leisure,Suite,OTA Rate,391.99,1567.96,8.2,Passive,False
R01951,G0375,16,2023-06-05,Sunday,5,13,Bleisure,Junior Suite,OTA Rate,276.59,1382.95,6.8,Detractor,False
R01952,G0375,17,2023-07-12,Friday,7,18,Leisure,Standard,OTA Rate,137.65,963.55,9.2,Promoter,True
R01953,G0375,18,2024-12-28,Thursday,5,4,Leisure,Presidential Suite,OTA Rate,714.02,3570.1,7.5,Passive,False
R01954,G0375,19,2023-12-04,Saturday,6,3,Leisure,Presidential Suite,OTA Rate,655.72,3934.32,7.7,Passive,False
R01955,G0375,20,2023-12-27,Friday,2,18,Leisure,Suite,OTA Rate,371.24,742.48,7.7,Passive,False
R01956,G0375,21,2023-04-27,Thursday,5,2,Leisure,Deluxe,OTA Rate,199.93,999.65,9.3,Promoter,False
R01957,G0376,1,2023-01-05,Wednesday,7,23,Leisure,Junior Suite,OTA Rate,275.64,1929.48,5.6,Detractor,False
R01958,G0376,2,2024-04-02,Sunday,6,2,Leisure,Junior Suite,OTA Rate,279.99,1679.94,10.0,Promoter,False
R01959,G0376,3,2024-08-26,Tuesday,7,11,Leisure,Junior Suite,OTA Rate,258.99,1812.93,8.4,Passive,False
R01960,G0376,4,2024-06-03,Saturday,5,6,Leisure,Junior Suite,OTA Rate,291.83,1459.15,7.8,Passive,False
R01961,G0376,5,2024-02-16,Saturday,4,6,Leisure,Deluxe,OTA Rate,187.97,751.88,7.6,Passive,False
R01962,G0377,1,2024-09-11,Tuesday,6,13,Leisure,Deluxe,OTA Rate,184.16,1104.96,6.5,Detractor,False
R01963,G0377,2,2024-05-25,Monday,5,26,Leisure,Deluxe,OTA Rate,193.04,965.2,7.0,Passive,False
R01964,G0378,1,2024-12-28,Thursday,5,12,Bleisure,Standard,OTA Rate,155.39,776.95,6.8,Detractor,False
R01965,G0379,1,2024-10-12,Monday,4,77,Bleisure,Suite,Package,427.33,1709.32,7.2,Passive,False
R01966,G0380,1,2023-10-11,Saturday,5,16,Business,Junior Suite,Corporate Rate,248.54,1242.7,6.9,Detractor,False
R01967,G0381,1,2023-09-19,Tuesday,4,60,Business,Junior Suite,Loyalty Rate,247.55,990.2,7.6,Passive,False
R01968,G0381,2,2023-09-18,Monday,6,84,Leisure,Presidential Suite,BAR,623.43,3740.58,8.0,Passive,False
R01969,G0381,3,2024-06-10,Saturday,7,39,Leisure,Suite,BAR,373.31,2613.17,7.9,Passive,False
R01970,G0381,4,2024-11-08,Friday,6,34,Leisure,Suite,Package,347.76,2086.56,9.0,Promoter,False
R01971,G0382,1,2023-11-03,Thursday,2,28,Leisure,Deluxe,OTA Rate,195.0,390.0,6.8,Detractor,False
R01972,G0382,2,2024-01-09,Monday,6,29,Leisure,Deluxe,OTA Rate,189.38,1136.28,4.2,Detractor,False
R01973,G0383,1,2024-10-28,Saturday,3,105,Bleisure,Junior Suite,BAR,275.26,825.78,7.7,Passive,False
R01974,G0383,2,2024-03-16,Saturday,6,25,Leisure,Deluxe,Package,212.64,1275.84,7.7,Passive,False
R01975,G0383,3,2023-11-23,Friday,7,25,Leisure,Deluxe,BAR,201.02,1407.14,7.5,Passive,False
R01976,G0384,1,2023-06-19,Monday,5,39,Leisure,Standard,Promotional,158.49,792.45,6.5,Detractor,False
R01977,G0385,1,2023-07-20,Saturday,5,8,Leisure,Presidential Suite,OTA Rate,687.61,3438.05,8.8,Passive,True
R01978,G0385,2,2024-08-27,Saturday,4,22,Bleisure,Suite,OTA Rate,402.64,1610.56,9.0,Promoter,True
R01979,G0385,3,2023-01-30,Monday,3,12,Business,Deluxe,OTA Rate,184.07,552.21,7.6,Passive,False
R01980,G0385,4,2023-05-16,Saturday,4,11,Leisure,Standard,OTA Rate,140.66,562.64,8.5,Passive,False
R01981,G0385,5,2023-11-16,Tuesday,1,5,Business,Presidential Suite,OTA Rate,697.3,697.3,7.4,Passive,False
R01982,G0385,6,2024-12-01,Saturday,3,25,Leisure,Suite,OTA Rate,411.61,1234.83,7.1,Passive,False
R01983,G0385,7,2023-12-05,Thursday,3,29,Business,Deluxe,OTA Rate,186.76,560.28,7.7,Passive,False
R01984,G0385,8,2024-11-03,Monday,3,13,Bleisure,Junior Suite,OTA Rate,288.78,866.34,8.9,Passive,False
R01985,G0385,9,2023-06-02,Sunday,5,29,Leisure,Deluxe,OTA Rate,200.36,1001.8,9.0,Promoter,True
R01986,G0385,10,2023-02-22,Friday,6,7,Leisure,Suite,OTA Rate,402.19,2413.14,8.6,Passive,True
R01987,G0386,1,2023-12-17,Thursday,5,19,Leisure,Junior Suite,Package,291.24,1456.2,7.8,Passive,False
R01988,G0386,2,2024-08-21,Monday,2,52,Business,Deluxe,BAR,211.61,423.22,7.9,Passive,False
R01989,G0386,3,2023-08-14,Saturday,5,31,Leisure,Deluxe,BAR,192.26,961.3,7.0,Passive,False
R01990,G0387,1,2024-04-11,Friday,5,27,Leisure,Deluxe,OTA Rate,185.33,926.65,7.0,Passive,False
R01991,G0387,2,2023-11-22,Friday,5,25,Leisure,Deluxe,OTA Rate,205.92,1029.6,7.6,Passive,False
R01992,G0387,3,2023-06-27,Monday,7,4,Leisure,Junior Suite,OTA Rate,285.1,1995.7,7.6,Passive,False
R01993,G0387,4,2024-03-28,Monday,6,14,Leisure,Junior Suite,OTA Rate,259.72,1558.32,8.0,Passive,False
R01994,G0387,5,2024-03-17,Saturday,7,20,Leisure,Deluxe,OTA Rate,184.99,1294.93,7.6,Passive,False
R01995,G0388,1,2024-05-20,Thursday,2,13,Leisure,Suite,Corporate Rate,351.98,703.96,8.7,Passive,True
R01996,G0388,2,2023-05-09,Saturday,5,17,Leisure,Junior Suite,Corporate Rate,245.63,1228.15,9.6,Promoter,False
R01997,G0388,3,2023-08-09,Tuesday,3,20,Business,Suite,Corporate Rate,320.74,962.22,8.7,Passive,True
R01998,G0388,4,2023-04-03,Saturday,2,7,Bleisure,Junior Suite,Corporate Rate,245.96,491.92,8.0,Passive,False
R01999,G0388,5,2024-02-15,Monday,3,7,Business,Suite,Corporate Rate,350.54,1051.62,8.6,Passive,True
R02000,G0388,6,2023-09-10,Wednesday,2,17,Business,Junior Suite,Corporate Rate,228.36,456.72,8.1,Passive,False
R02001,G0388,7,2024-09-16,Thursday,2,21,Business,Standard,Corporate Rate,123.45,246.9,8.2,Passive,False
R02002,G0388,8,2023-09-22,Monday,3,9,Business,Suite,Corporate Rate,329.12,987.36,8.6,Passive,False
R02003,G0388,9,2024-01-17,Thursday,1,8,Business,Suite,Corporate Rate,342.55,342.55,8.1,Passive,False
R02004,G0388,10,2024-05-10,Wednesday,2,3,Business,Junior Suite,Corporate Rate,242.26,484.52,8.5,Passive,True
R02005,G0388,11,2024-11-20,Saturday,5,13,Leisure,Suite,Corporate Rate,355.5,1777.5,7.2,Passive,False
R02006,G0388,12,2023-08-07,Friday,5,7,Bleisure,Suite,Corporate Rate,322.53,1612.65,8.9,Passive,True
R02007,G0388,13,2024-05-30,Thursday,1,8,Business,Deluxe,Corporate Rate,170.14,170.14,8.7,Passive,True
R02008,G0388,14,2023-03-19,Friday,5,16,Bleisure,Suite,Corporate Rate,323.74,1618.7,8.0,Passive,False
R02009,G0388,15,2023-01-28,Wednesday,3,17,Business,Suite,Corporate Rate,336.84,1010.52,9.2,Promoter,True
R02010,G0388,16,2024-09-01,Sunday,2,14,Bleisure,Presidential Suite,Corporate Rate,563.15,1126.3,9.5,Promoter,True
R02011,G0388,17,2023-02-22,Sunday,1,7,Business,Suite,Corporate Rate,334.25,334.25,7.4,Passive,False
R02012,G0389,1,2024-06-17,Friday,6,41,Leisure,Suite,Loyalty Rate,352.96,2117.76,7.8,Passive,False
R02013,G0389,2,2023-02-26,Thursday,6,64,Leisure,Standard,BAR,127.36,764.16,8.1,Passive,False
R02014,G0389,3,2023-01-09,Saturday,5,66,Leisure,Suite,Loyalty Rate,353.03,1765.15,7.9,Passive,False
R02015,G0389,4,2024-10-02,Saturday,4,68,Bleisure,Suite,Loyalty Rate,342.16,1368.64,9.4,Promoter,True
R02016,G0389,5,2024-07-16,Friday,3,54,Leisure,Deluxe,Loyalty Rate,176.62,529.86,8.5,Passive,True
R02017,G0389,6,2023-11-14,Monday,7,84,Leisure,Deluxe,BAR,172.61,1208.27,8.5,Passive,False
R02018,G0389,7,2023-07-21,Monday,7,80,Leisure,Deluxe,BAR,177.33,1241.31,7.1,Passive,False
R02019,G0389,8,2024-03-01,Thursday,6,75,Leisure,Presidential Suite,BAR,636.11,3816.66,9.2,Promoter,True
R02020,G0389,9,2024-06-06,Thursday,6,75,Leisure,Deluxe,Loyalty Rate,176.19,1057.14,7.7,Passive,False
R02021,G0389,10,2023-03-24,Saturday,6,15,Leisure,Suite,Loyalty Rate,349.88,2099.28,8.7,Passive,True
R02022,G0389,11,2023-01-29,Saturday,6,27,Leisure,Deluxe,Loyalty Rate,179.68,1078.08,8.9,Passive,True
R02023,G0390,1,2023-04-23,Saturday,2,47,Leisure,Suite,Loyalty Rate,349.51,699.02,8.9,Passive,True
R02024,G0390,2,2024-09-12,Saturday,4,57,Leisure,Deluxe,Loyalty Rate,172.85,691.4,7.1,Passive,False
R02025,G0390,3,2024-03-14,Thursday,5,28,Leisure,Junior Suite,BAR,251.11,1255.55,5.7,Detractor,False
R02026,G0390,4,2023-05-25,Thursday,4,65,Leisure,Standard,BAR,138.05,552.2,8.2,Passive,False
R02027,G0390,5,2024-01-26,Friday,3,17,Leisure,Deluxe,Loyalty Rate,178.28,534.84,9.5,Promoter,True
R02028,G0390,6,2024-06-21,Thursday,2,35,Leisure,Junior Suite,Loyalty Rate,255.43,510.86,9.1,Promoter,False
R02029,G0390,7,2023-10-23,Sunday,4,52,Leisure,Suite,Package,346.17,1384.68,8.3,Passive,False
R02030,G0390,8,2024-03-10,Monday,2,28,Business,Standard,Loyalty Rate,138.26,276.52,7.7,Passive,False
R02031,G0391,1,2024-12-01,Saturday,2,12,Bleisure,Deluxe,OTA Rate,196.31,392.62,8.5,Passive,True
R02032,G0391,2,2024-02-11,Saturday,3,29,Leisure,Presidential Suite,OTA Rate,666.88,2000.64,7.4,Passive,False
R02033,G0391,3,2023-01-28,Friday,5,18,Leisure,Presidential Suite,OTA Rate,678.29,3391.45,8.6,Passive,True
R02034,G0391,4,2024-05-09,Wednesday,6,18,Leisure,Suite,OTA Rate,379.08,2274.48,8.6,Passive,True
R02035,G0391,5,2024-07-08,Thursday,3,8,Business,Junior Suite,OTA Rate,264.91,794.73,9.0,Promoter,False
R02036,G0391,6,2023-12-19,Wednesday,3,25,Leisure,Presidential Suite,OTA Rate,732.84,2198.52,10.0,Promoter,False
R02037,G0391,7,2024-11-08,Friday,2,13,Leisure,Junior Suite,OTA Rate,264.77,529.54,8.5,Passive,True
R02038,G0391,8,2023-09-28,Thursday,3,5,Business,Suite,OTA Rate,371.33,1113.99,7.8,Passive,False
R02039,G0391,9,2024-04-07,Wednesday,2,16,Business,Deluxe,OTA Rate,188.06,376.12,8.2,Passive,False
R02040,G0392,1,2023-03-31,Friday,6,21,Leisure,Standard,OTA Rate,153.11,918.66,4.9,Detractor,False
R02041,G0392,2,2023-12-09,Friday,7,21,Leisure,Deluxe,OTA Rate,198.0,1386.0,6.0,Detractor,False
R02042,G0393,1,2023-10-19,Wednesday,3,4,Business,Deluxe,Corporate Rate,177.7,533.1,7.5,Passive,False
R02043,G0393,2,2023-05-19,Monday,2,20,Business,Suite,Corporate Rate,350.74,701.48,7.7,Passive,False
R02044,G0393,3,2024-03-03,Thursday,3,20,Business,Junior Suite,Corporate Rate,250.96,752.88,8.2,Passive,False
R02045,G0393,4,2023-01-10,Wednesday,3,13,Business,Deluxe,Corporate Rate,164.04,492.12,7.4,Passive,False
R02046,G0394,1,2024-02-22,Monday,6,14,Business,Suite,Corporate Rate,337.1,2022.6,8.7,Passive,True
R02047,G0394,2,2024-02-29,Wednesday,6,9,Business,Junior Suite,Corporate Rate,238.84,1433.04,8.1,Passive,False
R02048,G0394,3,2023-03-14,Thursday,7,21,Business,Junior Suite,Corporate Rate,247.95,1735.65,8.1,Passive,False
R02049,G0394,4,2023-02-24,Sunday,3,6,Business,Suite,Corporate Rate,344.86,1034.58,7.8,Passive,False
R02050,G0394,5,2023-01-14,Tuesday,5,9,Business,Suite,Corporate Rate,346.95,1734.75,8.2,Passive,False
R02051,G0394,6,2023-04-28,Thursday,4,16,Business,Suite,Corporate Rate,351.21,1404.84,8.8,Passive,True
R02052,G0395,1,2024-04-26,Wednesday,2,21,Business,Standard,Corporate Rate,131.83,263.66,6.1,Detractor,False
R02053,G0396,1,2023-11-14,Sunday,3,16,Leisure,Deluxe,OTA Rate,198.64,595.92,6.2,Detractor,False
R02054,G0396,2,2023-10-30,Saturday,3,11,Bleisure,Deluxe,OTA Rate,206.46,619.38,6.8,Detractor,False
R02055,G0396,3,2023-08-29,Sunday,6,25,Leisure,Junior Suite,OTA Rate,262.23,1573.38,5.9,Detractor,False
R02056,G0397,1,2023-10-13,Wednesday,7,5,Leisure,Standard,OTA Rate,143.32,1003.24,5.6,Detractor,False
R02057,G0397,2,2023-12-17,Thursday,1,27,Business,Deluxe,OTA Rate,202.22,202.22,6.2,Detractor,False
R02058,G0398,1,2023-11-27,Sunday,7,46,Leisure,Junior Suite,Promotional,302.63,2118.41,7.5,Passive,False
R02059,G0399,1,2023-04-19,Sunday,3,15,Bleisure,Suite,Corporate Rate,324.05,972.15,8.6,Passive,True
R02060,G0399,2,2023-08-27,Tuesday,2,6,Business,Suite,Corporate Rate,348.06,696.12,8.9,Passive,False
R02061,G0399,3,2023-11-22,Tuesday,1,4,Business,Suite,Corporate Rate,319.55,319.55,9.4,Promoter,False
R02062,G0399,4,2024-04-26,Wednesday,3,13,Business,Suite,Corporate Rate,344.01,1032.03,8.6,Passive,False
R02063,G0399,5,2024-03-14,Thursday,5,7,Bleisure,Suite,Corporate Rate,355.7,1778.5,9.0,Promoter,True
R02064,G0399,6,2024-09-17,Monday,1,17,Business,Suite,Corporate Rate,350.18,350.18,8.6,Passive,True
R02065,G0399,7,2024-10-28,Sunday,5,15,Leisure,Suite,Corporate Rate,321.86,1609.3,8.9,Passive,True
R02066,G0399,8,2024-09-28,Friday,2,3,Business,Suite,Corporate Rate,324.63,649.26,8.2,Passive,False
R02067,G0399,9,2024-05-05,Saturday,2,8,Bleisure,Junior Suite,Corporate Rate,241.35,482.7,6.7,Detractor,False
R02068,G0399,10,2024-10-23,Friday,2,6,Business,Suite,Corporate Rate,340.16,680.32,8.6,Passive,False
R02069,G0400,1,2023-08-24,Monday,7,30,Leisure,Standard,OTA Rate,151.29,1059.03,7.4,Passive,False
R02070,G0401,1,2024-03-20,Sunday,2,83,Bleisure,Standard,Package,148.04,296.08,7.9,Passive,False
R02071,G0401,2,2023-06-22,Sunday,4,33,Bleisure,Junior Suite,Package,271.63,1086.52,8.3,Passive,False
R02072,G0401,3,2023-10-14,Thursday,2,14,Business,Junior Suite,BAR,282.27,564.54,8.5,Passive,False
R02073,G0401,4,2023-04-04,Thursday,2,22,Business,Presidential Suite,BAR,692.78,1385.56,7.6,Passive,False
R02074,G0401,5,2024-09-19,Thursday,4,77,Leisure,Deluxe,Package,207.56,830.24,7.7,Passive,False
R02075,G0402,1,2023-03-08,Friday,4,10,Leisure,Junior Suite,OTA Rate,261.55,1046.2,5.8,Detractor,False
R02076,G0402,2,2023-11-29,Saturday,6,2,Leisure,Deluxe,OTA Rate,204.41,1226.46,6.3,Detractor,False
R02077,G0403,1,2024-01-30,Saturday,2,1,Leisure,Junior Suite,OTA Rate,268.22,536.44,7.8,Passive,False
R02078,G0403,2,2023-11-24,Wednesday,6,19,Leisure,Presidential Suite,OTA Rate,646.28,3877.68,8.6,Passive,False
R02079,G0403,3,2023-09-05,Saturday,5,19,Leisure,Junior Suite,OTA Rate,292.91,1464.55,7.5,Passive,False
R02080,G0403,4,2024-09-06,Monday,2,8,Business,Deluxe,OTA Rate,193.01,386.02,7.2,Passive,False
R02081,G0403,5,2024-08-05,Sunday,3,20,Bleisure,Junior Suite,OTA Rate,286.99,860.97,7.6,Passive,False
R02082,G0403,6,2023-08-25,Thursday,4,21,Leisure,Junior Suite,OTA Rate,262.08,1048.32,8.1,Passive,False
R02083,G0404,1,2023-01-03,Saturday,3,9,Bleisure,Deluxe,OTA Rate,188.29,564.87,6.1,Detractor,False
R02084,G0404,2,2023-11-04,Friday,3,8,Leisure,Deluxe,OTA Rate,195.31,585.93,5.8,Detractor,False
R02085,G0404,3,2023-04-15,Saturday,5,14,Leisure,Suite,OTA Rate,380.28,1901.4,7.2,Passive,False
R02086,G0404,4,2023-02-08,Saturday,4,26,Leisure,Deluxe,OTA Rate,190.43,761.72,6.6,Detractor,False
R02087,G0404,5,2024-07-29,Saturday,1,18,Business,Deluxe,OTA Rate,183.62,183.62,7.2,Passive,False
R02088,G0404,6,2023-10-03,Thursday,1,19,Business,Suite,OTA Rate,375.54,375.54,7.5,Passive,False
R02089,G0404,7,2024-07-26,Sunday,6,12,Leisure,Junior Suite,OTA Rate,288.57,1731.42,7.2,Passive,False
R02090,G0404,8,2024-05-06,Sunday,3,19,Leisure,Deluxe,OTA Rate,206.47,619.41,8.8,Passive,False
R02091,G0404,9,2024-03-08,Wednesday,2,27,Bleisure,Suite,OTA Rate,388.08,776.16,7.9,Passive,False
R02092,G0404,10,2023-02-15,Tuesday,3,1,Bleisure,Standard,OTA Rate,148.55,445.65,7.8,Passive,False
R02093,G0405,1,2024-08-25,Tuesday,6,41,Leisure,Suite,Promotional,423.31,2539.86,7.3,Passive,False
R02094,G0406,1,2024-09-17,Saturday,6,14,Leisure,Deluxe,OTA Rate,198.32,1189.92,6.4,Detractor,False
R02095,G0406,2,2024-09-17,Friday,5,23,Leisure,Standard,OTA Rate,150.64,753.2,8.4,Passive,False
R02096,G0406,3,2024-10-19,Friday,2,19,Business,Standard,OTA Rate,153.47,306.94,7.5,Passive,False
R02097,G0406,4,2024-09-28,Tuesday,2,25,Bleisure,Deluxe,OTA Rate,196.63,393.26,8.1,Passive,False
R02098,G0406,5,2024-04-03,Tuesday,2,14,Business,Deluxe,OTA Rate,191.51,383.02,6.7,Detractor,False
R02099,G0407,1,2024-10-30,Saturday,5,16,Bleisure,Junior Suite,Loyalty Rate,255.62,1278.1,6.6,Detractor,False
R02100,G0407,2,2023-09-25,Saturday,3,40,Leisure,Deluxe,Loyalty Rate,188.36,565.08,8.8,Passive,False
R02101,G0407,3,2024-10-17,Saturday,4,16,Leisure,Suite,Package,350.25,1401.0,8.4,Passive,False
R02102,G0407,4,2023-01-18,Saturday,5,87,Leisure,Suite,Loyalty Rate,352.84,1764.2,7.4,Passive,False
R02103,G0407,5,2023-02-16,Thursday,2,36,Business,Suite,Loyalty Rate,357.97,715.94,7.4,Passive,False
R02104,G0407,6,2024-12-20,Wednesday,4,71,Leisure,Standard,Package,139.23,556.92,9.0,Promoter,True
R02105,G0407,7,2024-11-29,Friday,7,76,Leisure,Deluxe,Loyalty Rate,176.64,1236.48,7.1,Passive,False
R02106,G0408,1,2023-11-05,Thursday,6,10,Business,Junior Suite,Corporate Rate,231.22,1387.32,8.5,Passive,True
R02107,G0408,2,2024-02-21,Sunday,5,13,Bleisure,Junior Suite,Corporate Rate,229.36,1146.8,6.8,Detractor,False
R02108,G0408,3,2023-03-28,Monday,6,20,Business,Junior Suite,Corporate Rate,239.97,1439.82,8.0,Passive,False
R02109,G0408,4,2023-03-28,Saturday,3,12,Leisure,Junior Suite,Corporate Rate,237.25,711.75,7.2,Passive,False
R02110,G0409,1,2024-01-13,Sunday,6,58,Bleisure,Junior Suite,Package,267.09,1602.54,7.7,Passive,False
R02111,G0409,2,2023-08-10,Friday,4,68,Leisure,Deluxe,BAR,197.45,789.8,7.1,Passive,False
R02112,G0409,3,2024-10-05,Friday,6,45,Leisure,Deluxe,BAR,209.18,1255.08,7.4,Passive,False
R02113,G0410,1,2023-06-04,Friday,7,3,Leisure,Junior Suite,OTA Rate,287.23,2010.61,6.3,Detractor,False
R02114,G0411,1,2023-02-18,Wednesday,2,71,Bleisure,Deluxe,Promotional,202.81,405.62,6.4,Detractor,False
R02115,G0411,2,2024-03-14,Tuesday,1,63,Business,Standard,BAR,153.58,153.58,8.1,Passive,False
R02116,G0411,3,2024-12-14,Wednesday,3,76,Business,Junior Suite,BAR,285.8,857.4,7.1,Passive,False
R02117,G0411,4,2024-01-19,Saturday,7,44,Leisure,Suite,Package,421.71,2951.97,7.3,Passive,False
R02118,G0411,5,2023-05-22,Sunday,5,72,Leisure,Junior Suite,Promotional,301.43,1507.15,6.7,Detractor,False
R02119,G0412,1,2023-09-03,Wednesday,6,12,Business,Standard,Corporate Rate,132.19,793.14,5.2,Detractor,False
R02120,G0412,2,2023-01-24,Friday,5,5,Leisure,Deluxe,Corporate Rate,168.06,840.3,7.3,Passive,False
R02121,G0412,3,2023-07-24,Monday,4,9,Business,Standard,Corporate Rate,127.97,511.88,9.4,Promoter,False
R02122,G0412,4,2024-10-20,Saturday,4,16,Bleisure,Deluxe,Corporate Rate,166.31,665.24,8.1,Passive,False
R02123,G0413,1,2024-06-02,Saturday,7,11,Leisure,Deluxe,OTA Rate,208.52,1459.64,6.3,Detractor,False
R02124,G0413,2,2023-12-08,Friday,5,6,Leisure,Suite,OTA Rate,411.94,2059.7,6.4,Detractor,False
R02125,G0414,1,2023-05-14,Friday,2,15,Leisure,Suite,BAR,406.96,813.92,7.2,Passive,False
R02126,G0414,2,2024-08-07,Monday,7,45,Leisure,Junior Suite,BAR,296.58,2076.06,7.9,Passive,False
R02127,G0414,3,2024-01-06,Monday,6,90,Leisure,Deluxe,BAR,200.96,1205.76,6.6,Detractor,False
R02128,G0414,4,2023-11-18,Tuesday,2,54,Leisure,Deluxe,Package,202.42,404.84,8.4,Passive,False
R02129,G0415,1,2023-10-11,Monday,3,12,Business,Junior Suite,Corporate Rate,235.06,705.18,8.4,Passive,False
R02130,G0415,2,2023-04-06,Thursday,2,19,Business,Junior Suite,Corporate Rate,223.2,446.4,8.7,Passive,False
R02131,G0415,3,2024-08-20,Thursday,2,20,Business,Suite,Corporate Rate,347.46,694.92,8.5,Passive,True
R02132,G0415,4,2024-01-17,Friday,4,21,Bleisure,Deluxe,Corporate Rate,169.68,678.72,8.1,Passive,False
R02133,G0415,5,2024-09-25,Thursday,3,10,Business,Junior Suite,Corporate Rate,223.3,669.9,8.6,Passive,True
R02134,G0415,6,2024-12-22,Tuesday,2,3,Business,Deluxe,Corporate Rate,175.88,351.76,8.6,Passive,False
R02135,G0415,7,2024-09-30,Monday,1,5,Business,Deluxe,Corporate Rate,166.26,166.26,7.8,Passive,False
R02136,G0415,8,2023-08-10,Friday,5,4,Bleisure,Deluxe,Corporate Rate,165.32,826.6,7.6,Passive,False
R02137,G0416,1,2023-09-07,Wednesday,1,9,Business,Deluxe,OTA Rate,202.24,202.24,6.4,Detractor,False
R02138,G0417,1,2023-12-14,Friday,4,14,Leisure,Deluxe,BAR,174.76,699.04,9.0,Promoter,True
R02139,G0417,2,2024-11-19,Saturday,6,42,Leisure,Suite,Package,360.59,2163.54,7.1,Passive,False
R02140,G0417,3,2024-11-29,Sunday,5,77,Leisure,Junior Suite,Loyalty Rate,239.67,1198.35,6.9,Detractor,False
R02141,G0417,4,2023-07-28,Monday,7,15,Leisure,Standard,BAR,129.56,906.92,8.2,Passive,False
R02142,G0418,1,2024-03-04,Friday,2,14,Bleisure,Junior Suite,Corporate Rate,240.55,481.1,8.4,Passive,False
R02143,G0418,2,2024-06-23,Friday,3,6,Bleisure,Suite,Corporate Rate,343.23,1029.69,8.8,Passive,True
R02144,G0418,3,2024-09-29,Monday,4,5,Bleisure,Presidential Suite,Corporate Rate,627.08,2508.32,8.9,Passive,False
R02145,G0418,4,2024-01-20,Thursday,1,15,Business,Suite,Corporate Rate,349.44,349.44,8.5,Passive,True
R02146,G0418,5,2024-07-04,Friday,3,10,Business,Junior Suite,Corporate Rate,244.47,733.41,9.9,Promoter,False
R02147,G0418,6,2024-07-14,Saturday,2,9,Bleisure,Presidential Suite,Corporate Rate,563.75,1127.5,7.4,Passive,False
R02148,G0418,7,2023-09-22,Wednesday,3,8,Bleisure,Junior Suite,Corporate Rate,227.58,682.74,8.0,Passive,False
R02149,G0418,8,2024-12-06,Tuesday,2,10,Business,Presidential Suite,Corporate Rate,618.4,1236.8,8.6,Passive,False
R02150,G0418,9,2023-04-15,Wednesday,1,18,Business,Presidential Suite,Corporate Rate,579.83,579.83,7.4,Passive,False
R02151,G0418,10,2023-03-31,Tuesday,1,10,Business,Deluxe,Corporate Rate,176.76,176.76,8.6,Passive,True
R02152,G0418,11,2023-07-20,Sunday,4,10,Bleisure,Standard,Corporate Rate,120.08,480.32,10.0,Promoter,True
R02153,G0418,12,2023-01-11,Wednesday,3,6,Business,Presidential Suite,Corporate Rate,602.3,1806.9,8.7,Passive,False
R02154,G0418,13,2024-02-22,Wednesday,3,13,Business,Junior Suite,Corporate Rate,234.55,703.65,8.9,Passive,False
R02155,G0418,14,2024-03-18,Thursday,2,12,Business,Deluxe,Corporate Rate,170.31,340.62,7.7,Passive,False
R02156,G0418,15,2023-07-08,Monday,2,11,Business,Junior Suite,Corporate Rate,224.74,449.48,8.2,Passive,False
R02157,G0418,16,2023-11-11,Sunday,2,3,Bleisure,Junior Suite,Corporate Rate,226.12,452.24,8.4,Passive,False
R02158,G0418,17,2024-12-12,Sunday,5,5,Bleisure,Standard,Corporate Rate,132.54,662.7,8.4,Passive,False
R02159,G0418,18,2024-12-20,Saturday,3,11,Bleisure,Deluxe,Corporate Rate,173.93,521.79,9.7,Promoter,True
R02160,G0418,19,2023-05-25,Wednesday,1,7,Business,Suite,Corporate Rate,344.45,344.45,9.1,Promoter,True
R02161,G0418,20,2024-10-15,Wednesday,2,21,Business,Suite,Corporate Rate,357.29,714.58,7.8,Passive,False
R02162,G0419,1,2023-02-01,Saturday,5,87,Leisure,Junior Suite,Package,296.26,1481.3,7.4,Passive,False
R02163,G0419,2,2023-01-12,Thursday,4,77,Bleisure,Standard,BAR,155.57,622.28,7.9,Passive,False
R02164,G0419,3,2023-02-20,Wednesday,2,19,Leisure,Suite,Package,433.69,867.38,8.4,Passive,False
R02165,G0420,1,2023-10-01,Saturday,7,5,Leisure,Standard,OTA Rate,140.79,985.53,7.6,Passive,False
R02166,G0421,1,2024-04-19,Tuesday,4,10,Leisure,Deluxe,OTA Rate,206.39,825.56,5.5,Detractor,False
R02167,G0422,1,2023-02-15,Sunday,7,32,Leisure,Suite,Package,355.09,2485.63,7.2,Passive,False
R02168,G0422,2,2024-01-25,Wednesday,4,47,Business,Standard,BAR,139.27,557.08,7.1,Passive,False
R02169,G0422,3,2024-05-03,Sunday,7,57,Leisure,Standard,BAR,130.48,913.36,7.9,Passive,False
R02170,G0422,4,2023-03-27,Sunday,7,56,Leisure,Deluxe,Package,174.32,1220.24,8.5,Passive,True
R02171,G0422,5,2024-02-03,Sunday,5,42,Leisure,Junior Suite,Loyalty Rate,251.34,1256.7,8.9,Passive,True
R02172,G0422,6,2024-01-26,Saturday,7,44,Leisure,Standard,Loyalty Rate,140.94,986.58,8.0,Passive,False
R02173,G0422,7,2024-03-02,Sunday,7,16,Leisure,Suite,Package,371.04,2597.28,7.8,Passive,False
R02174,G0423,1,2023-07-18,Monday,4,16,Leisure,Junior Suite,OTA Rate,266.73,1066.92,6.8,Detractor,False
R02175,G0423,2,2024-04-02,Monday,6,20,Leisure,Standard,OTA Rate,146.94,881.64,6.3,Detractor,False
R02176,G0423,3,2023-08-01,Saturday,4,28,Bleisure,Presidential Suite,OTA Rate,696.41,2785.64,8.7,Passive,False
R02177,G0423,4,2023-11-27,Saturday,7,19,Leisure,Standard,OTA Rate,138.5,969.5,5.7,Detractor,False
R02178,G0424,1,2024-12-29,Thursday,5,10,Bleisure,Deluxe,Corporate Rate,161.75,808.75,7.9,Passive,False
R02179,G0424,2,2023-09-03,Friday,6,18,Business,Deluxe,Corporate Rate,160.32,961.92,9.7,Promoter,False
R02180,G0424,3,2023-08-15,Thursday,3,20,Business,Deluxe,Corporate Rate,169.36,508.08,8.1,Passive,False
R02181,G0424,4,2024-06-13,Wednesday,6,13,Business,Deluxe,Corporate Rate,172.35,1034.1,7.9,Passive,False
R02182,G0424,5,2024-08-30,Friday,4,19,Bleisure,Suite,Corporate Rate,347.8,1391.2,7.8,Passive,False
R02183,G0424,6,2023-01-02,Tuesday,4,10,Bleisure,Deluxe,Corporate Rate,160.03,640.12,8.0,Passive,False
R02184,G0424,7,2024-06-06,Tuesday,5,16,Business,Junior Suite,Corporate Rate,234.63,1173.15,9.2,Promoter,True
R02185,G0424,8,2023-01-19,Tuesday,7,10,Business,Junior Suite,Corporate Rate,230.7,1614.9,6.3,Detractor,False
R02186,G0424,9,2023-10-15,Thursday,5,7,Business,Standard,Corporate Rate,124.53,622.65,9.3,Promoter,True
R02187,G0424,10,2024-05-04,Tuesday,5,8,Business,Suite,Corporate Rate,347.13,1735.65,7.0,Passive,False
R02188,G0425,1,2024-05-15,Saturday,4,3,Bleisure,Suite,OTA Rate,370.42,1481.68,6.1,Detractor,False
R02189,G0425,2,2024-10-13,Friday,3,14,Bleisure,Standard,OTA Rate,151.81,455.43,6.3,Detractor,False
R02190,G0426,1,2024-10-29,Wednesday,2,14,Business,Standard,OTA Rate,141.42,282.84,6.8,Detractor,False
R02191,G0426,2,2024-09-19,Saturday,2,25,Bleisure,Standard,OTA Rate,149.5,299.0,5.3,Detractor,False
R02192,G0427,1,2023-11-15,Saturday,7,20,Leisure,Deluxe,OTA Rate,207.28,1450.96,6.7,Detractor,False
R02193,G0428,1,2023-01-09,Monday,5,19,Leisure,Suite,Corporate Rate,321.63,1608.15,8.8,Passive,True
R02194,G0428,2,2023-07-16,Tuesday,7,18,Bleisure,Junior Suite,Corporate Rate,227.53,1592.71,6.4,Detractor,False
R02195,G0428,3,2023-10-15,Wednesday,4,12,Business,Junior Suite,Corporate Rate,239.95,959.8,7.7,Passive,False
R02196,G0429,1,2024-05-06,Saturday,4,69,Bleisure,Junior Suite,BAR,268.52,1074.08,6.3,Detractor,False
R02197,G0430,1,2024-10-10,Sunday,4,22,Leisure,Suite,Loyalty Rate,351.12,1404.48,8.1,Passive,False
R02198,G0430,2,2023-01-06,Friday,1,77,Business,Junior Suite,Loyalty Rate,261.73,261.73,8.1,Passive,False
R02199,G0430,3,2024-02-13,Saturday,2,65,Bleisure,Deluxe,Loyalty Rate,186.68,373.36,7.6,Passive,False
R02200,G0430,4,2023-12-20,Monday,2,26,Business,Junior Suite,Loyalty Rate,261.03,522.06,8.5,Passive,False
R02201,G0430,5,2024-02-17,Tuesday,3,27,Leisure,Junior Suite,BAR,248.17,744.51,9.5,Promoter,False
R02202,G0431,1,2023-11-03,Monday,6,23,Leisure,Deluxe,OTA Rate,196.81,1180.86,7.1,Passive,False
R02203,G0431,2,2023-12-24,Saturday,3,26,Bleisure,Junior Suite,OTA Rate,283.44,850.32,8.2,Passive,False
R02204,G0431,3,2023-06-24,Sunday,4,11,Leisure,Junior Suite,OTA Rate,287.5,1150.0,6.6,Detractor,False
R02205,G0431,4,2024-10-26,Wednesday,3,28,Leisure,Standard,OTA Rate,146.71,440.13,6.8,Detractor,False
R02206,G0431,5,2023-12-15,Saturday,2,30,Leisure,Deluxe,OTA Rate,187.8,375.6,8.0,Passive,False
R02207,G0431,6,2023-09-24,Wednesday,2,16,Business,Junior Suite,OTA Rate,266.36,532.72,8.8,Passive,False
R02208,G0431,7,2023-01-03,Saturday,2,27,Bleisure,Junior Suite,OTA Rate,269.13,538.26,7.9,Passive,False
R02209,G0431,8,2024-11-13,Saturday,6,4,Leisure,Junior Suite,OTA Rate,259.03,1554.18,7.3,Passive,False
R02210,G0431,9,2024-05-09,Monday,4,10,Bleisure,Standard,OTA Rate,143.02,572.08,7.6,Passive,False
R02211,G0432,1,2023-06-19,Saturday,5,100,Leisure,Junior Suite,BAR,255.93,1279.65,6.8,Detractor,False
R02212,G0432,2,2023-09-08,Saturday,7,81,Leisure,Deluxe,Loyalty Rate,176.13,1232.91,8.6,Passive,False
R02213,G0432,3,2024-08-19,Friday,5,59,Leisure,Junior Suite,Loyalty Rate,259.3,1296.5,8.8,Passive,True
R02214,G0432,4,2023-11-10,Saturday,6,105,Leisure,Junior Suite,Loyalty Rate,248.6,1491.6,7.7,Passive,False
R02215,G0432,5,2024-07-31,Tuesday,7,55,Leisure,Suite,Package,341.3,2389.1,7.7,Passive,False
R02216,G0432,6,2024-02-19,Saturday,4,65,Leisure,Deluxe,BAR,178.44,713.76,8.3,Passive,False
R02217,G0432,7,2023-02-22,Tuesday,5,80,Leisure,Junior Suite,Loyalty Rate,245.18,1225.9,7.8,Passive,False
R02218,G0432,8,2023-09-27,Monday,7,109,Leisure,Junior Suite,Loyalty Rate,246.98,1728.86,8.0,Passive,False
R02219,G0432,9,2024-01-10,Friday,5,34,Leisure,Deluxe,Loyalty Rate,188.38,941.9,9.8,Promoter,False
R02220,G0432,10,2023-11-13,Friday,6,48,Bleisure,Junior Suite,Loyalty Rate,243.78,1462.68,7.9,Passive,False
R02221,G0433,1,2023-05-29,Sunday,4,84,Leisure,Standard,Package,158.31,633.24,6.9,Detractor,False
R02222,G0433,2,2023-12-19,Saturday,5,60,Leisure,Suite,BAR,403.52,2017.6,7.0,Passive,False
R02223,G0433,3,2023-02-15,Friday,3,47,Business,Deluxe,BAR,194.82,584.46,8.1,Passive,False
R02224,G0433,4,2023-06-21,Thursday,3,52,Business,Deluxe,BAR,202.93,608.79,7.4,Passive,False
R02225,G0433,5,2023-09-15,Saturday,5,26,Bleisure,Standard,Promotional,156.51,782.55,7.0,Passive,False
R02226,G0434,1,2024-05-15,Saturday,7,45,Leisure,Presidential Suite,BAR,700.67,4904.69,8.3,Passive,False
R02227,G0434,2,2023-11-24,Sunday,6,41,Leisure,Deluxe,BAR,210.36,1262.16,8.6,Passive,True
R02228,G0434,3,2023-05-06,Wednesday,5,26,Leisure,Standard,BAR,155.31,776.55,7.0,Passive,False
R02229,G0435,1,2023-02-01,Monday,2,70,Leisure,Junior Suite,Promotional,284.3,568.6,5.7,Detractor,False
R02230,G0435,2,2024-10-23,Monday,5,90,Bleisure,Standard,BAR,148.56,742.8,8.3,Passive,False
R02231,G0435,3,2023-04-11,Saturday,2,60,Bleisure,Deluxe,Package,208.89,417.78,7.0,Passive,False
R02232,G0435,4,2024-08-22,Friday,3,59,Bleisure,Presidential Suite,Package,715.09,2145.27,8.1,Passive,False
R02233,G0435,5,2023-09-03,Saturday,4,81,Bleisure,Deluxe,BAR,190.78,763.12,5.9,Detractor,False
R02234,G0436,1,2023-05-12,Wednesday,2,24,Business,Suite,BAR,399.72,799.44,7.9,Passive,False
R02235,G0436,2,2023-04-20,Saturday,2,48,Leisure,Standard,Package,161.91,323.82,6.5,Detractor,False
R02236,G0436,3,2023-11-14,Wednesday,3,43,Business,Deluxe,Promotional,216.6,649.8,8.1,Passive,False
R02237,G0436,4,2023-11-18,Saturday,6,66,Leisure,Deluxe,Package,190.92,1145.52,7.5,Passive,False
R02238,G0437,1,2024-12-12,Sunday,3,20,Leisure,Suite,Package,392.72,1178.16,6.4,Detractor,False
R02239,G0437,2,2024-01-08,Friday,7,33,Leisure,Deluxe,BAR,194.25,1359.75,7.2,Passive,False
R02240,G0438,1,2023-12-17,Sunday,5,74,Leisure,Suite,Package,367.38,1836.9,8.3,Passive,False
R02241,G0438,2,2023-03-11,Friday,6,88,Bleisure,Standard,Package,136.67,820.02,8.2,Passive,False
R02242,G0438,3,2023-07-20,Wednesday,4,55,Leisure,Suite,Package,342.45,1369.8,8.6,Passive,True
R02243,G0438,4,2024-05-15,Saturday,5,53,Leisure,Deluxe,BAR,175.49,877.45,9.7,Promoter,False
R02244,G0438,5,2024-10-06,Friday,4,37,Leisure,Deluxe,Package,174.73,698.92,6.8,Detractor,False
R02245,G0438,6,2023-03-20,Tuesday,4,41,Bleisure,Deluxe,Loyalty Rate,179.32,717.28,9.4,Promoter,True
R02246,G0438,7,2023-12-13,Wednesday,7,41,Bleisure,Deluxe,Package,177.68,1243.76,8.2,Passive,False
R02247,G0438,8,2023-11-05,Friday,6,24,Leisure,Deluxe,BAR,172.45,1034.7,7.4,Passive,False
R02248,G0439,1,2023-03-18,Friday,3,8,Bleisure,Standard,OTA Rate,155.96,467.88,5.2,Detractor,False
R02249,G0440,1,2023-04-10,Wednesday,3,40,Business,Suite,BAR,379.15,1137.45,6.6,Detractor,False
R02250,G0440,2,2024-05-08,Friday,4,73,Leisure,Suite,BAR,413.34,1653.36,7.8,Passive,False
R02251,G0441,1,2024-03-07,Friday,2,18,Leisure,Standard,OTA Rate,146.09,292.18,6.2,Detractor,False
R02252,G0442,1,2023-05-28,Friday,6,75,Leisure,Junior Suite,Loyalty Rate,248.76,1492.56,9.0,Promoter,False
R02253,G0442,2,2024-05-25,Thursday,7,20,Bleisure,Junior Suite,Loyalty Rate,248.03,1736.21,6.9,Detractor,False
R02254,G0442,3,2024-08-11,Thursday,7,63,Leisure,Suite,BAR,370.9,2596.3,8.1,Passive,False
R02255,G0442,4,2023-09-20,Friday,7,24,Leisure,Deluxe,Loyalty Rate,187.18,1310.26,7.1,Passive,False
R02256,G0442,5,2023-08-25,Monday,7,18,Leisure,Presidential Suite,BAR,646.62,4526.34,8.4,Passive,False
R02257,G0442,6,2024-10-22,Tuesday,3,90,Business,Junior Suite,Loyalty Rate,252.56,757.68,8.8,Passive,False
R02258,G0442,7,2024-01-18,Tuesday,7,32,Leisure,Junior Suite,Loyalty Rate,237.45,1662.15,7.8,Passive,False
R02259,G0442,8,2023-10-11,Sunday,3,90,Leisure,Deluxe,Package,183.65,550.95,6.0,Detractor,False
R02260,G0443,1,2023-12-16,Friday,4,8,Leisure,Deluxe,Corporate Rate,170.57,682.28,7.0,Passive,False
R02261,G0443,2,2023-01-26,Wednesday,5,19,Business,Standard,Corporate Rate,132.09,660.45,7.4,Passive,False
R02262,G0444,1,2024-09-09,Thursday,2,18,Business,Standard,OTA Rate,146.83,293.66,7.0,Passive,False
R02263,G0444,2,2023-11-02,Thursday,3,3,Business,Standard,OTA Rate,144.09,432.27,8.0,Passive,False
R02264,G0444,3,2023-09-03,Friday,2,16,Leisure,Standard,OTA Rate,154.87,309.74,6.1,Detractor,False
R02265,G0445,1,2024-01-22,Thursday,3,14,Business,Standard,Corporate Rate,132.25,396.75,7.7,Passive,False
R02266,G0445,2,2023-03-25,Friday,1,7,Business,Suite,Corporate Rate,328.96,328.96,8.5,Passive,True
R02267,G0446,1,2023-12-05,Sunday,6,86,Leisure,Suite,Package,352.67,2116.02,7.0,Passive,False
R02268,G0446,2,2024-09-09,Friday,5,76,Leisure,Suite,Loyalty Rate,352.93,1764.65,9.0,Promoter,True
R02269,G0446,3,2023-02-28,Thursday,5,62,Leisure,Standard,Loyalty Rate,132.49,662.45,8.3,Passive,False
R02270,G0446,4,2024-07-07,Saturday,7,89,Leisure,Junior Suite,Loyalty Rate,247.9,1735.3,8.6,Passive,True
R02271,G0446,5,2024-07-24,Sunday,6,69,Leisure,Presidential Suite,Loyalty Rate,613.71,3682.26,9.0,Promoter,True
R02272,G0446,6,2024-11-02,Sunday,7,43,Leisure,Suite,BAR,358.0,2506.0,8.3,Passive,False
R02273,G0446,7,2023-08-31,Tuesday,7,67,Business,Suite,BAR,357.15,2500.05,8.2,Passive,False
R02274,G0446,8,2024-05-26,Thursday,4,14,Leisure,Junior Suite,Loyalty Rate,252.03,1008.12,8.7,Passive,True
R02275,G0446,9,2023-11-07,Sunday,7,28,Leisure,Suite,Package,354.59,2482.13,7.8,Passive,False
R02276,G0446,10,2023-12-16,Wednesday,6,90,Leisure,Suite,BAR,376.63,2259.78,7.8,Passive,False
R02277,G0446,11,2024-08-16,Thursday,6,29,Leisure,Deluxe,Loyalty Rate,188.12,1128.72,9.2,Promoter,False
R02278,G0446,12,2024-02-06,Friday,5,67,Leisure,Junior Suite,Loyalty Rate,252.92,1264.6,7.8,Passive,False
R02279,G0446,13,2024-04-11,Friday,6,51,Leisure,Suite,Loyalty Rate,378.61,2271.66,9.2,Promoter,True
R02280,G0447,1,2023-07-28,Saturday,4,22,Leisure,Standard,OTA Rate,153.7,614.8,6.7,Detractor,False
R02281,G0447,2,2024-03-02,Tuesday,3,19,Business,Deluxe,OTA Rate,187.79,563.37,5.2,Detractor,False
R02282,G0448,1,2024-10-27,Friday,7,30,Leisure,Suite,Package,407.56,2852.92,6.7,Detractor,False
R02283,G0448,2,2024-10-01,Friday,6,70,Leisure,Junior Suite,BAR,296.72,1780.32,8.5,Passive,True
R02284,G0449,1,2024-08-01,Friday,5,42,Leisure,Junior Suite,BAR,261.68,1308.4,7.0,Passive,False
R02285,G0449,2,2024-03-30,Thursday,1,70,Business,Suite,Package,344.07,344.07,7.7,Passive,False
R02286,G0449,3,2024-07-21,Wednesday,7,18,Leisure,Deluxe,Package,182.15,1275.05,8.5,Passive,True
R02287,G0449,4,2023-07-26,Monday,1,20,Business,Suite,Loyalty Rate,362.67,362.67,8.7,Passive,True
R02288,G0449,5,2023-10-14,Saturday,2,62,Bleisure,Junior Suite,Package,256.9,513.8,7.9,Passive,False
R02289,G0449,6,2024-11-27,Friday,4,30,Leisure,Deluxe,Loyalty Rate,186.66,746.64,7.6,Passive,False
R02290,G0450,1,2023-11-27,Saturday,2,31,Leisure,Suite,Loyalty Rate,367.69,735.38,9.5,Promoter,True
R02291,G0450,2,2024-01-27,Thursday,6,85,Leisure,Junior Suite,BAR,258.91,1553.46,10.0,Promoter,True
R02292,G0450,3,2023-04-20,Wednesday,3,15,Business,Junior Suite,Loyalty Rate,264.02,792.06,9.5,Promoter,False
R02293,G0450,4,2024-06-26,Friday,5,66,Leisure,Suite,Loyalty Rate,344.42,1722.1,8.8,Passive,True
R02294,G0450,5,2023-01-31,Sunday,5,84,Leisure,Suite,Package,360.87,1804.35,8.1,Passive,False
R02295,G0450,6,2023-01-29,Monday,7,89,Leisure,Presidential Suite,Loyalty Rate,611.56,4280.92,8.0,Passive,False
R02296,G0450,7,2023-03-18,Monday,2,55,Leisure,Suite,Package,375.96,751.92,9.1,Promoter,False
R02297,G0450,8,2024-08-13,Friday,5,86,Leisure,Suite,Loyalty Rate,375.85,1879.25,9.0,Promoter,True
R02298,G0450,9,2023-07-27,Saturday,4,34,Leisure,Suite,BAR,370.96,1483.84,9.8,Promoter,True
R02299,G0450,10,2023-04-26,Saturday,5,53,Leisure,Junior Suite,Loyalty Rate,243.69,1218.45,9.2,Promoter,False
R02300,G0450,11,2024-07-08,Monday,2,16,Leisure,Junior Suite,BAR,242.14,484.28,7.5,Passive,False
R02301,G0450,12,2024-05-14,Saturday,3,16,Bleisure,Deluxe,Loyalty Rate,183.15,549.45,9.5,Promoter,False
R02302,G0450,13,2023-03-26,Friday,4,60,Leisure,Presidential Suite,Loyalty Rate,613.4,2453.6,7.9,Passive,False
R02303,G0450,14,2024-05-25,Saturday,7,22,Leisure,Deluxe,Package,177.23,1240.61,8.4,Passive,False
R02304,G0450,15,2023-05-15,Thursday,7,16,Leisure,Suite,Loyalty Rate,355.34,2487.38,8.9,Passive,False
R02305,G0450,16,2024-04-03,Wednesday,2,43,Bleisure,Presidential Suite,Loyalty Rate,627.79,1255.58,10.0,Promoter,False
R02306,G0450,17,2023-12-16,Saturday,3,39,Bleisure,Standard,Package,134.21,402.63,10.0,Promoter,True
R02307,G0450,18,2023-09-01,Wednesday,6,15,Leisure,Junior Suite,BAR,261.27,1567.62,9.2,Promoter,True
R02308,G0450,19,2024-08-31,Monday,2,23,Business,Junior Suite,BAR,246.7,493.4,8.6,Passive,False
R02309,G0450,20,2024-09-27,Monday,4,19,Leisure,Suite,BAR,358.95,1435.8,9.1,Promoter,False
R02310,G0451,1,2024-05-09,Monday,3,12,Leisure,Standard,OTA Rate,139.61,418.83,7.4,Passive,False
R02311,G0451,2,2023-05-03,Wednesday,7,24,Leisure,Standard,OTA Rate,141.7,991.9,6.7,Detractor,False
R02312,G0451,3,2024-12-22,Wednesday,1,27,Business,Standard,OTA Rate,149.62,149.62,8.4,Passive,False
R02313,G0451,4,2023-07-22,Saturday,6,6,Leisure,Deluxe,OTA Rate,185.75,1114.5,7.2,Passive,False
R02314,G0451,5,2024-07-02,Saturday,4,30,Leisure,Standard,OTA Rate,139.5,558.0,7.4,Passive,False
R02315,G0452,1,2024-03-15,Saturday,7,70,Leisure,Deluxe,BAR,188.52,1319.64,8.9,Passive,False
R02316,G0452,2,2024-04-22,Sunday,4,28,Bleisure,Presidential Suite,Package,658.09,2632.36,9.0,Promoter,True
R02317,G0452,3,2024-04-23,Saturday,3,63,Leisure,Deluxe,BAR,179.44,538.32,9.4,Promoter,True
R02318,G0452,4,2024-12-10,Tuesday,3,74,Business,Suite,Loyalty Rate,376.02,1128.06,8.2,Passive,False
R02319,G0452,5,2024-03-20,Friday,3,47,Leisure,Junior Suite,BAR,242.66,727.98,8.3,Passive,False
R02320,G0452,6,2023-12-17,Saturday,5,80,Leisure,Suite,BAR,373.74,1868.7,7.8,Passive,False
R02321,G0452,7,2024-01-06,Friday,5,53,Leisure,Junior Suite,BAR,256.02,1280.1,9.1,Promoter,True
R02322,G0452,8,2023-06-10,Saturday,3,48,Leisure,Presidential Suite,BAR,638.94,1916.82,9.3,Promoter,True
R02323,G0452,9,2024-04-27,Friday,2,17,Leisure,Suite,BAR,339.53,679.06,9.1,Promoter,True
R02324,G0452,10,2024-12-16,Thursday,5,30,Bleisure,Junior Suite,Loyalty Rate,247.81,1239.05,10.0,Promoter,False
R02325,G0452,11,2024-12-11,Tuesday,4,90,Leisure,Deluxe,Loyalty Rate,177.36,709.44,8.7,Passive,False
R02326,G0452,12,2023-02-24,Tuesday,4,21,Leisure,Presidential Suite,BAR,604.52,2418.08,9.2,Promoter,True
R02327,G0453,1,2024-12-28,Wednesday,1,13,Business,Standard,OTA Rate,138.36,138.36,5.4,Detractor,False
R02328,G0453,2,2024-05-18,Friday,6,26,Leisure,Standard,OTA Rate,137.3,823.8,6.3,Detractor,False
R02329,G0454,1,2023-03-09,Monday,3,10,Business,Junior Suite,Corporate Rate,232.41,697.23,9.0,Promoter,True
R02330,G0454,2,2023-10-07,Tuesday,1,21,Business,Suite,Corporate Rate,328.87,328.87,9.4,Promoter,False
R02331,G0454,3,2024-10-24,Saturday,5,18,Bleisure,Suite,Corporate Rate,351.01,1755.05,8.5,Passive,True
R02332,G0454,4,2023-12-28,Wednesday,1,8,Business,Junior Suite,Corporate Rate,248.67,248.67,8.6,Passive,False
R02333,G0454,5,2024-04-21,Thursday,4,3,Bleisure,Standard,Corporate Rate,122.22,488.88,7.5,Passive,False
R02334,G0454,6,2024-09-11,Wednesday,3,4,Business,Junior Suite,Corporate Rate,246.7,740.1,8.4,Passive,False
R02335,G0454,7,2024-02-21,Friday,2,12,Business,Deluxe,Corporate Rate,169.21,338.42,9.4,Promoter,True
R02336,G0454,8,2024-12-23,Tuesday,1,12,Business,Deluxe,Corporate Rate,164.15,164.15,9.2,Promoter,True
R02337,G0454,9,2024-05-19,Thursday,3,4,Business,Suite,Corporate Rate,336.87,1010.61,9.1,Promoter,True
R02338,G0454,10,2023-10-02,Thursday,3,12,Leisure,Presidential Suite,Corporate Rate,607.01,1821.03,8.7,Passive,True
R02339,G0454,11,2023-01-20,Friday,3,21,Business,Presidential Suite,Corporate Rate,614.5,1843.5,8.7,Passive,False
R02340,G0454,12,2023-06-28,Wednesday,1,13,Business,Suite,Corporate Rate,329.1,329.1,8.2,Passive,False
R02341,G0454,13,2024-06-07,Tuesday,1,18,Business,Junior Suite,Corporate Rate,232.7,232.7,9.3,Promoter,False
R02342,G0454,14,2024-11-26,Monday,1,16,Business,Junior Suite,Corporate Rate,246.78,246.78,9.0,Promoter,True
R02343,G0454,15,2024-05-02,Monday,6,20,Leisure,Junior Suite,Corporate Rate,243.14,1458.84,9.1,Promoter,True
R02344,G0454,16,2023-02-26,Tuesday,2,5,Business,Junior Suite,Corporate Rate,226.7,453.4,8.3,Passive,False
R02345,G0454,17,2023-05-16,Thursday,2,5,Business,Junior Suite,Corporate Rate,233.15,466.3,7.0,Passive,False
R02346,G0455,1,2024-07-01,Monday,4,4,Bleisure,Deluxe,Corporate Rate,162.23,648.92,8.7,Passive,False
R02347,G0455,2,2024-12-04,Sunday,5,12,Bleisure,Standard,Corporate Rate,128.05,640.25,7.7,Passive,False
R02348,G0455,3,2023-06-10,Tuesday,1,7,Business,Deluxe,Corporate Rate,169.36,169.36,7.4,Passive,False
R02349,G0455,4,2023-02-06,Saturday,2,21,Leisure,Standard,Corporate Rate,122.92,245.84,8.7,Passive,False
R02350,G0455,5,2023-12-20,Friday,7,10,Leisure,Junior Suite,Corporate Rate,231.85,1622.95,7.8,Passive,False
R02351,G0455,6,2023-09-18,Sunday,6,18,Leisure,Standard,Corporate Rate,129.51,777.06,8.9,Passive,False
R02352,G0455,7,2023-11-18,Saturday,2,16,Business,Suite,Corporate Rate,326.13,652.26,8.6,Passive,True
R02353,G0455,8,2024-10-27,Tuesday,1,3,Business,Suite,Corporate Rate,336.38,336.38,8.6,Passive,False
R02354,G0456,1,2023-05-18,Monday,4,16,Bleisure,Junior Suite,Corporate Rate,226.87,907.48,7.3,Passive,False
R02355,G0456,2,2023-01-01,Friday,2,4,Business,Junior Suite,Corporate Rate,224.73,449.46,9.7,Promoter,False
R02356,G0456,3,2024-11-06,Thursday,3,16,Business,Suite,Corporate Rate,337.58,1012.74,8.9,Passive,True
R02357,G0456,4,2023-07-14,Saturday,5,3,Bleisure,Presidential Suite,Corporate Rate,594.51,2972.55,8.4,Passive,False
R02358,G0456,5,2024-08-30,Monday,2,16,Business,Suite,Corporate Rate,353.1,706.2,8.8,Passive,False
R02359,G0456,6,2024-09-06,Thursday,3,19,Business,Suite,Corporate Rate,340.66,1021.98,7.3,Passive,False
R02360,G0456,7,2023-08-01,Thursday,2,6,Business,Junior Suite,Corporate Rate,229.98,459.96,9.0,Promoter,True
R02361,G0456,8,2024-02-22,Friday,6,14,Leisure,Deluxe,Corporate Rate,175.46,1052.76,7.9,Passive,False
R02362,G0457,1,2023-12-28,Sunday,2,58,Leisure,Junior Suite,BAR,247.8,495.6,6.7,Detractor,False
R02363,G0457,2,2024-02-14,Friday,3,62,Leisure,Junior Suite,BAR,237.49,712.47,6.9,Detractor,False
R02364,G0457,3,2023-06-09,Wednesday,2,84,Leisure,Standard,BAR,139.54,279.08,9.0,Promoter,True
R02365,G0457,4,2024-10-09,Monday,2,50,Business,Standard,BAR,137.48,274.96,7.6,Passive,False
R02366,G0457,5,2024-12-30,Sunday,3,20,Leisure,Suite,BAR,377.15,1131.45,9.3,Promoter,True
R02367,G0457,6,2024-09-04,Sunday,4,27,Leisure,Junior Suite,Loyalty Rate,245.08,980.32,7.7,Passive,False
R02368,G0458,1,2024-07-15,Wednesday,5,15,Business,Suite,Corporate Rate,341.72,1708.6,7.0,Passive,False
R02369,G0458,2,2024-03-21,Wednesday,6,14,Business,Deluxe,Corporate Rate,170.37,1022.22,7.8,Passive,False
R02370,G0458,3,2024-05-18,Tuesday,5,16,Bleisure,Standard,Corporate Rate,129.17,645.85,9.7,Promoter,False
R02371,G0458,4,2024-02-16,Tuesday,7,4,Business,Presidential Suite,Corporate Rate,605.04,4235.28,8.6,Passive,True
R02372,G0458,5,2023-05-31,Monday,7,14,Business,Junior Suite,Corporate Rate,244.36,1710.52,8.3,Passive,False
R02373,G0458,6,2023-08-08,Wednesday,6,10,Business,Standard,Corporate Rate,122.18,733.08,8.8,Passive,True
R02374,G0458,7,2024-12-05,Monday,6,6,Business,Junior Suite,Corporate Rate,238.48,1430.88,9.1,Promoter,False
R02375,G0458,8,2023-01-13,Tuesday,4,14,Bleisure,Presidential Suite,Corporate Rate,579.48,2317.92,9.6,Promoter,True
R02376,G0458,9,2024-11-04,Tuesday,3,19,Business,Presidential Suite,Corporate Rate,609.52,1828.56,9.9,Promoter,False
R02377,G0458,10,2024-08-23,Sunday,6,15,Leisure,Suite,Corporate Rate,328.65,1971.9,8.4,Passive,False
R02378,G0458,11,2024-06-06,Tuesday,6,9,Business,Standard,Corporate Rate,131.1,786.6,7.6,Passive,False
R02379,G0458,12,2023-10-16,Monday,3,3,Business,Standard,Corporate Rate,120.38,361.14,8.4,Passive,False
R02380,G0458,13,2023-08-17,Wednesday,4,3,Business,Suite,Corporate Rate,358.05,1432.2,8.9,Passive,True
R02381,G0458,14,2024-03-24,Saturday,7,13,Leisure,Presidential Suite,Corporate Rate,588.09,4116.63,7.9,Passive,False
R02382,G0458,15,2024-02-01,Wednesday,4,14,Business,Deluxe,Corporate Rate,171.25,685.0,7.9,Passive,False
R02383,G0459,1,2024-01-22,Tuesday,2,55,Business,Deluxe,BAR,194.0,388.0,7.5,Passive,False
R02384,G0459,2,2023-09-13,Tuesday,2,18,Business,Deluxe,Package,202.53,405.06,7.5,Passive,False
R02385,G0460,1,2023-04-15,Monday,7,19,Leisure,Junior Suite,OTA Rate,286.64,2006.48,7.3,Passive,False
R02386,G0460,2,2023-04-15,Sunday,7,29,Leisure,Suite,OTA Rate,384.55,2691.85,7.0,Passive,False
R02387,G0460,3,2024-02-27,Monday,6,28,Leisure,Deluxe,OTA Rate,198.06,1188.36,7.4,Passive,False
R02388,G0460,4,2024-05-14,Thursday,6,21,Leisure,Junior Suite,OTA Rate,277.85,1667.1,6.9,Detractor,False
R02389,G0461,1,2024-01-26,Friday,4,5,Leisure,Deluxe,OTA Rate,198.9,795.6,7.0,Passive,False
R02390,G0462,1,2024-07-18,Sunday,5,52,Leisure,Deluxe,Loyalty Rate,185.05,925.25,8.6,Passive,True
R02391,G0462,2,2024-07-22,Friday,5,23,Bleisure,Deluxe,Loyalty Rate,178.34,891.7,6.6,Detractor,False
R02392,G0462,3,2023-11-04,Thursday,3,82,Leisure,Standard,Loyalty Rate,136.77,410.31,7.4,Passive,False
R02393,G0462,4,2024-10-08,Tuesday,4,45,Leisure,Junior Suite,Loyalty Rate,247.84,991.36,6.9,Detractor,False
R02394,G0462,5,2023-01-26,Sunday,7,86,Leisure,Suite,Loyalty Rate,343.22,2402.54,7.6,Passive,False
R02395,G0462,6,2024-08-17,Saturday,7,62,Leisure,Presidential Suite,BAR,604.15,4229.05,8.0,Passive,False
R02396,G0462,7,2023-11-08,Friday,6,51,Leisure,Standard,Loyalty Rate,130.55,783.3,6.9,Detractor,False
R02397,G0462,8,2023-10-15,Saturday,3,85,Bleisure,Junior Suite,Loyalty Rate,263.62,790.86,7.4,Passive,False
R02398,G0462,9,2023-12-17,Saturday,4,54,Leisure,Junior Suite,Loyalty Rate,253.53,1014.12,7.3,Passive,False
R02399,G0463,1,2023-01-03,Friday,4,74,Bleisure,Standard,BAR,138.46,553.84,8.0,Passive,False
R02400,G0463,2,2024-01-31,Thursday,6,79,Leisure,Junior Suite,Loyalty Rate,242.67,1456.02,8.2,Passive,False
R02401,G0463,3,2023-09-26,Friday,5,55,Leisure,Deluxe,Loyalty Rate,184.36,921.8,7.5,Passive,False
R02402,G0463,4,2024-04-13,Sunday,4,27,Bleisure,Junior Suite,Loyalty Rate,243.36,973.44,8.2,Passive,False
R02403,G0463,5,2024-04-05,Saturday,5,21,Bleisure,Junior Suite,Loyalty Rate,254.13,1270.65,7.7,Passive,False
R02404,G0464,1,2024-12-26,Thursday,3,50,Business,Standard,Package,150.59,451.77,7.0,Passive,False
R02405,G0464,2,2023-11-04,Thursday,1,42,Business,Standard,Package,151.63,151.63,8.8,Passive,True
R02406,G0465,1,2023-03-08,Saturday,4,76,Leisure,Presidential Suite,Loyalty Rate,600.27,2401.08,9.5,Promoter,False
R02407,G0465,2,2023-03-25,Wednesday,2,56,Business,Junior Suite,BAR,241.77,483.54,7.7,Passive,False
R02408,G0465,3,2023-08-20,Friday,4,16,Bleisure,Deluxe,Loyalty Rate,188.07,752.28,9.4,Promoter,True
R02409,G0465,4,2024-09-05,Saturday,4,79,Bleisure,Junior Suite,Loyalty Rate,237.49,949.96,9.3,Promoter,False
R02410,G0465,5,2024-02-20,Monday,2,72,Leisure,Suite,Loyalty Rate,342.02,684.04,7.8,Passive,False
R02411,G0465,6,2024-05-12,Saturday,3,75,Leisure,Junior Suite,Package,253.76,761.28,9.4,Promoter,False
R02412,G0465,7,2023-02-07,Tuesday,2,70,Bleisure,Deluxe,BAR,177.57,355.14,9.9,Promoter,True
R02413,G0465,8,2023-02-07,Monday,2,48,Bleisure,Junior Suite,Loyalty Rate,264.26,528.52,7.8,Passive,False
R02414,G0466,1,2024-01-01,Wednesday,2,11,Business,Standard,Corporate Rate,122.68,245.36,6.1,Detractor,False
R02415,G0467,1,2024-11-08,Saturday,7,66,Leisure,Presidential Suite,Promotional,703.27,4922.89,8.0,Passive,False
R02416,G0467,2,2023-06-15,Sunday,2,17,Business,Junior Suite,Package,280.12,560.24,7.7,Passive,False
R02417,G0467,3,2023-01-02,Saturday,4,88,Leisure,Deluxe,BAR,201.12,804.48,7.9,Passive,False
R02418,G0467,4,2023-12-23,Tuesday,1,75,Business,Deluxe,BAR,192.15,192.15,7.8,Passive,False
R02419,G0468,1,2024-04-10,Wednesday,2,25,Business,Standard,OTA Rate,154.77,309.54,6.6,Detractor,False
R02420,G0468,2,2023-10-07,Saturday,3,30,Leisure,Junior Suite,OTA Rate,285.43,856.29,5.5,Detractor,False
R02421,G0469,1,2024-07-27,Sunday,5,45,Leisure,Suite,BAR,407.73,2038.65,7.6,Passive,False
R02422,G0470,1,2024-02-02,Thursday,3,10,Business,Deluxe,Corporate Rate,163.2,489.6,8.7,Passive,True
R02423,G0470,2,2024-05-08,Friday,6,3,Leisure,Deluxe,Corporate Rate,170.33,1021.98,7.9,Passive,False
R02424,G0470,3,2023-04-14,Tuesday,6,7,Business,Standard,Corporate Rate,129.88,779.28,8.1,Passive,False
R02425,G0470,4,2024-02-02,Monday,7,20,Business,Junior Suite,Corporate Rate,249.27,1744.89,6.9,Detractor,False
R02426,G0470,5,2024-01-15,Friday,5,21,Bleisure,Junior Suite,Corporate Rate,239.83,1199.15,8.5,Passive,True
R02427,G0470,6,2023-10-31,Saturday,5,18,Bleisure,Standard,Corporate Rate,132.22,661.1,8.6,Passive,False
R02428,G0470,7,2023-09-01,Monday,3,20,Business,Presidential Suite,Corporate Rate,586.99,1760.97,8.1,Passive,False
R02429,G0470,8,2024-08-20,Friday,7,4,Leisure,Deluxe,Corporate Rate,171.56,1200.92,9.0,Promoter,True
R02430,G0470,9,2023-02-24,Thursday,3,5,Business,Suite,Corporate Rate,336.12,1008.36,7.8,Passive,False
R02431,G0470,10,2024-03-01,Wednesday,7,11,Business,Suite,Corporate Rate,357.82,2504.74,8.6,Passive,False
R02432,G0471,1,2024-10-03,Tuesday,2,28,Leisure,Deluxe,OTA Rate,184.29,368.58,6.5,Detractor,False
R02433,G0471,2,2024-07-23,Saturday,3,17,Leisure,Suite,OTA Rate,401.63,1204.89,7.6,Passive,False
R02434,G0471,3,2024-01-20,Saturday,7,22,Leisure,Presidential Suite,OTA Rate,726.06,5082.42,7.5,Passive,False
R02435,G0471,4,2024-07-28,Friday,3,22,Leisure,Suite,OTA Rate,370.9,1112.7,7.8,Passive,False
R02436,G0471,5,2023-09-28,Friday,5,22,Leisure,Suite,OTA Rate,417.86,2089.3,7.3,Passive,False
R02437,G0472,1,2024-10-05,Sunday,2,54,Business,Junior Suite,Loyalty Rate,241.01,482.02,7.7,Passive,False
R02438,G0472,2,2023-03-15,Friday,3,31,Leisure,Standard,Loyalty Rate,127.87,383.61,8.8,Passive,False
R02439,G0472,3,2024-02-12,Tuesday,5,22,Leisure,Junior Suite,BAR,257.18,1285.9,7.8,Passive,False
R02440,G0472,4,2023-01-30,Tuesday,1,69,Business,Junior Suite,Loyalty Rate,242.43,242.43,6.8,Detractor,False
R02441,G0472,5,2024-10-02,Monday,5,69,Leisure,Deluxe,Package,172.08,860.4,9.5,Promoter,False
R02442,G0472,6,2024-11-13,Wednesday,1,36,Business,Presidential Suite,Loyalty Rate,657.04,657.04,9.2,Promoter,True
R02443,G0472,7,2024-10-12,Saturday,2,36,Leisure,Deluxe,BAR,178.33,356.66,7.1,Passive,False
R02444,G0473,1,2023-09-24,Saturday,4,28,Leisure,Junior Suite,OTA Rate,290.64,1162.56,6.9,Detractor,False
R02445,G0474,1,2023-11-17,Wednesday,2,9,Business,Standard,OTA Rate,147.16,294.32,6.3,Detractor,False
R02446,G0474,2,2023-09-12,Saturday,5,25,Leisure,Deluxe,OTA Rate,197.1,985.5,7.2,Passive,False
R02447,G0474,3,2024-06-03,Sunday,1,3,Business,Standard,OTA Rate,155.89,155.89,7.2,Passive,False
R02448,G0475,1,2023-08-15,Tuesday,3,19,Business,Standard,Corporate Rate,127.57,382.71,6.6,Detractor,False
R02449,G0476,1,2024-05-05,Tuesday,3,12,Business,Junior Suite,OTA Rate,280.62,841.86,6.7,Detractor,False
R02450,G0476,2,2024-12-11,Wednesday,2,23,Business,Suite,OTA Rate,407.54,815.08,7.0,Passive,False
R02451,G0476,3,2024-06-27,Saturday,3,30,Leisure,Deluxe,OTA Rate,185.61,556.83,6.9,Detractor,False
R02452,G0476,4,2023-06-05,Thursday,2,8,Business,Junior Suite,OTA Rate,260.9,521.8,6.9,Detractor,False
R02453,G0476,5,2023-07-02,Sunday,5,24,Leisure,Standard,OTA Rate,139.9,699.5,7.5,Passive,False
R02454,G0476,6,2023-11-28,Monday,2,6,Leisure,Junior Suite,OTA Rate,269.18,538.36,7.0,Passive,False
R02455,G0476,7,2024-09-26,Sunday,5,25,Leisure,Deluxe,OTA Rate,194.86,974.3,8.1,Passive,False
R02456,G0477,1,2024-08-07,Thursday,2,28,Business,Deluxe,OTA Rate,202.84,405.68,7.9,Passive,False
R02457,G0477,2,2023-03-11,Saturday,3,9,Leisure,Deluxe,OTA Rate,190.05,570.15,6.5,Detractor,False
R02458,G0477,3,2023-03-29,Wednesday,1,13,Business,Suite,OTA Rate,390.74,390.74,7.2,Passive,False
R02459,G0477,4,2023-08-12,Friday,4,13,Leisure,Suite,OTA Rate,391.1,1564.4,7.4,Passive,False
R02460,G0478,1,2024-03-17,Monday,5,8,Business,Deluxe,Corporate Rate,159.81,799.05,7.2,Passive,False
R02461,G0478,2,2023-01-15,Tuesday,3,19,Business,Junior Suite,Corporate Rate,239.33,717.99,7.2,Passive,False
R02462,G0479,1,2023-06-20,Sunday,6,79,Leisure,Junior Suite,Promotional,300.14,1800.84,7.4,Passive,False
R02463,G0479,2,2023-06-25,Monday,7,81,Leisure,Deluxe,BAR,202.23,1415.61,7.5,Passive,False
R02464,G0480,1,2024-03-13,Saturday,4,83,Leisure,Deluxe,BAR,203.14,812.56,6.2,Detractor,False
R02465,G0480,2,2023-01-07,Wednesday,1,84,Business,Standard,BAR,147.21,147.21,8.2,Passive,False
R02466,G0480,3,2024-11-20,Thursday,1,76,Business,Deluxe,BAR,215.56,215.56,8.2,Passive,False
R02467,G0480,4,2024-10-06,Monday,4,59,Bleisure,Deluxe,Package,189.63,758.52,6.9,Detractor,False
R02468,G0480,5,2024-01-08,Monday,2,52,Leisure,Junior Suite,Package,294.76,589.52,7.5,Passive,False
R02469,G0481,1,2023-05-12,Wednesday,2,15,Bleisure,Junior Suite,Loyalty Rate,249.76,499.52,8.9,Passive,True
R02470,G0481,2,2023-11-26,Thursday,3,43,Business,Standard,Package,136.63,409.89,8.5,Passive,False
R02471,G0481,3,2024-10-17,Sunday,4,40,Bleisure,Suite,Package,369.77,1479.08,9.6,Promoter,True
R02472,G0481,4,2024-07-27,Wednesday,2,64,Business,Junior Suite,Loyalty Rate,262.26,524.52,10.0,Promoter,True
R02473,G0481,5,2024-01-30,Friday,7,53,Leisure,Standard,Loyalty Rate,126.67,886.69,8.1,Passive,False
R02474,G0481,6,2024-01-18,Thursday,2,63,Bleisure,Deluxe,Loyalty Rate,180.7,361.4,7.6,Passive,False
R02475,G0481,7,2023-01-05,Wednesday,2,56,Business,Suite,Loyalty Rate,368.23,736.46,8.9,Passive,True
R02476,G0481,8,2024-02-21,Saturday,5,35,Bleisure,Suite,BAR,350.95,1754.75,9.3,Promoter,True
R02477,G0481,9,2023-01-07,Monday,5,87,Bleisure,Presidential Suite,Loyalty Rate,645.23,3226.15,8.5,Passive,False
R02478,G0481,10,2023-05-06,Wednesday,4,61,Bleisure,Deluxe,Loyalty Rate,172.39,689.56,9.9,Promoter,False
R02479,G0481,11,2024-07-19,Friday,6,38,Leisure,Presidential Suite,BAR,638.6,3831.6,7.6,Passive,False
R02480,G0481,12,2023-08-29,Thursday,2,53,Bleisure,Suite,Loyalty Rate,376.59,753.18,9.3,Promoter,False
R02481,G0481,13,2024-11-23,Tuesday,1,25,Business,Deluxe,Loyalty Rate,172.32,172.32,8.2,Passive,False
R02482,G0481,14,2023-11-29,Saturday,3,73,Bleisure,Junior Suite,BAR,252.17,756.51,10.0,Promoter,True
R02483,G0481,15,2023-08-15,Wednesday,3,89,Business,Standard,Loyalty Rate,130.45,391.35,10.0,Promoter,False
R02484,G0481,16,2024-06-30,Friday,7,89,Leisure,Suite,Package,356.38,2494.66,8.1,Passive,False
R02485,G0481,17,2023-11-13,Tuesday,6,42,Leisure,Junior Suite,BAR,263.92,1583.52,8.3,Passive,False
R02486,G0481,18,2023-10-30,Friday,3,19,Leisure,Junior Suite,BAR,252.87,758.61,9.4,Promoter,True
R02487,G0481,19,2024-03-31,Saturday,2,27,Leisure,Suite,BAR,378.63,757.26,8.4,Passive,False
R02488,G0481,20,2024-07-15,Thursday,2,73,Business,Junior Suite,Loyalty Rate,261.54,523.08,8.7,Passive,True
R02489,G0482,1,2024-11-30,Sunday,1,20,Business,Junior Suite,Corporate Rate,248.09,248.09,7.8,Passive,False
R02490,G0482,2,2024-01-01,Saturday,2,6,Leisure,Suite,Corporate Rate,345.51,691.02,6.6,Detractor,False
R02491,G0482,3,2023-06-21,Thursday,1,15,Business,Junior Suite,Corporate Rate,239.8,239.8,8.1,Passive,False
R02492,G0482,4,2024-01-20,Friday,1,11,Business,Junior Suite,Corporate Rate,242.19,242.19,7.5,Passive,False
R02493,G0482,5,2023-03-14,Wednesday,3,19,Business,Junior Suite,Corporate Rate,243.33,729.99,7.7,Passive,False
R02494,G0482,6,2023-01-08,Sunday,4,15,Bleisure,Suite,Corporate Rate,348.74,1394.96,9.3,Promoter,False
R02495,G0482,7,2024-08-08,Wednesday,3,7,Business,Junior Suite,Corporate Rate,240.87,722.61,7.1,Passive,False
R02496,G0482,8,2023-12-03,Sunday,3,9,Bleisure,Junior Suite,Corporate Rate,236.75,710.25,8.8,Passive,True
R02497,G0483,1,2024-06-15,Sunday,3,79,Leisure,Deluxe,BAR,187.92,563.76,7.6,Passive,False
R02498,G0483,2,2024-09-21,Friday,2,83,Leisure,Suite,Loyalty Rate,348.52,697.04,7.9,Passive,False
R02499,G0483,3,2024-08-12,Saturday,2,86,Leisure,Standard,Loyalty Rate,130.18,260.36,8.7,Passive,False
R02500,G0483,4,2024-09-22,Saturday,7,52,Leisure,Suite,Loyalty Rate,366.44,2565.08,8.4,Passive,False
R02501,G0483,5,2024-10-19,Sunday,4,49,Leisure,Standard,Package,133.38,533.52,8.6,Passive,False
R02502,G0483,6,2023-06-24,Tuesday,7,57,Leisure,Deluxe,Loyalty Rate,184.44,1291.08,8.9,Passive,False
R02503,G0483,7,2024-08-04,Tuesday,3,47,Business,Deluxe,BAR,187.45,562.35,7.8,Passive,False
R02504,G0483,8,2023-08-03,Friday,7,86,Leisure,Junior Suite,Loyalty Rate,254.06,1778.42,7.6,Passive,False
R02505,G0483,9,2024-08-09,Friday,4,71,Leisure,Junior Suite,Loyalty Rate,255.9,1023.6,7.2,Passive,False
R02506,G0484,1,2023-12-04,Sunday,6,62,Leisure,Junior Suite,Loyalty Rate,260.13,1560.78,7.1,Passive,False
R02507,G0484,2,2023-11-10,Friday,7,21,Leisure,Presidential Suite,BAR,600.99,4206.93,10.0,Promoter,False
R02508,G0484,3,2024-04-22,Friday,7,54,Leisure,Junior Suite,BAR,237.22,1660.54,9.1,Promoter,True
R02509,G0484,4,2023-08-12,Wednesday,4,78,Leisure,Deluxe,Loyalty Rate,187.14,748.56,7.0,Passive,False
R02510,G0485,1,2024-02-23,Saturday,3,18,Leisure,Standard,OTA Rate,151.91,455.73,5.2,Detractor,False
R02511,G0486,1,2023-07-11,Saturday,6,11,Leisure,Deluxe,OTA Rate,194.94,1169.64,7.1,Passive,False
R02512,G0486,2,2023-11-18,Saturday,5,20,Leisure,Junior Suite,OTA Rate,266.2,1331.0,7.4,Passive,False
R02513,G0486,3,2024-12-07,Tuesday,4,9,Bleisure,Junior Suite,OTA Rate,259.39,1037.56,7.4,Passive,False
R02514,G0486,4,2024-03-10,Friday,7,8,Leisure,Junior Suite,OTA Rate,268.07,1876.49,6.8,Detractor,False
R02515,G0486,5,2023-12-19,Sunday,4,2,Leisure,Standard,OTA Rate,139.28,557.12,6.9,Detractor,False
R02516,G0487,1,2023-09-15,Tuesday,2,9,Business,Junior Suite,OTA Rate,285.44,570.88,6.6,Detractor,False
R02517,G0488,1,2024-07-31,Wednesday,2,6,Business,Junior Suite,Corporate Rate,226.21,452.42,6.9,Detractor,False
R02518,G0489,1,2024-07-31,Saturday,4,75,Leisure,Junior Suite,Package,265.65,1062.6,5.4,Detractor,False
R02519,G0489,2,2024-03-04,Friday,5,33,Leisure,Deluxe,BAR,218.26,1091.3,7.3,Passive,False
R02520,G0489,3,2024-10-26,Saturday,5,63,Leisure,Deluxe,BAR,209.79,1048.95,6.8,Detractor,False
R02521,G0489,4,2023-09-12,Sunday,5,55,Leisure,Suite,BAR,398.98,1994.9,7.6,Passive,False
R02522,G0489,5,2023-05-10,Wednesday,6,14,Leisure,Junior Suite,BAR,287.6,1725.6,9.9,Promoter,False
R02523,G0490,1,2023-11-16,Wednesday,7,7,Leisure,Junior Suite,Corporate Rate,247.13,1729.91,8.1,Passive,False
R02524,G0490,2,2023-07-16,Wednesday,2,16,Business,Standard,Corporate Rate,126.94,253.88,7.8,Passive,False
R02525,G0490,3,2024-12-11,Thursday,5,7,Bleisure,Suite,Corporate Rate,336.12,1680.6,8.8,Passive,False
R02526,G0490,4,2023-01-18,Thursday,1,4,Business,Junior Suite,Corporate Rate,233.65,233.65,8.5,Passive,True
R02527,G0490,5,2023-01-24,Wednesday,3,4,Business,Deluxe,Corporate Rate,177.88,533.64,8.4,Passive,False
R02528,G0490,6,2024-04-18,Thursday,2,6,Business,Deluxe,Corporate Rate,160.31,320.62,8.6,Passive,False
R02529,G0491,1,2023-08-02,Saturday,5,69,Bleisure,Suite,Package,375.55,1877.75,10.0,Promoter,True
R02530,G0491,2,2023-03-17,Wednesday,3,43,Leisure,Suite,BAR,372.63,1117.89,7.8,Passive,False
R02531,G0491,3,2024-09-02,Friday,3,32,Business,Deluxe,Package,173.61,520.83,9.1,Promoter,True
R02532,G0491,4,2023-06-13,Tuesday,1,85,Business,Deluxe,Loyalty Rate,173.79,173.79,8.0,Passive,False
R02533,G0491,5,2024-04-19,Thursday,5,20,Bleisure,Junior Suite,BAR,246.19,1230.95,9.1,Promoter,False
R02534,G0491,6,2024-07-02,Saturday,6,32,Leisure,Deluxe,Loyalty Rate,172.31,1033.86,8.0,Passive,False
R02535,G0491,7,2024-11-07,Saturday,7,17,Leisure,Presidential Suite,Package,605.85,4240.95,8.4,Passive,False
R02536,G0491,8,2024-08-13,Sunday,4,67,Leisure,Suite,Loyalty Rate,362.28,1449.12,8.5,Passive,True
R02537,G0491,9,2023-10-05,Monday,6,67,Leisure,Suite,Package,364.95,2189.7,9.5,Promoter,False
R02538,G0491,10,2023-09-29,Saturday,4,57,Bleisure,Deluxe,Loyalty Rate,178.17,712.68,9.4,Promoter,True
R02539,G0491,11,2023-09-14,Saturday,6,47,Leisure,Standard,Loyalty Rate,137.03,822.18,7.7,Passive,False
R02540,G0491,12,2024-09-12,Thursday,5,72,Bleisure,Suite,Loyalty Rate,356.47,1782.35,8.7,Passive,True
R02541,G0491,13,2024-09-21,Saturday,3,83,Leisure,Junior Suite,Loyalty Rate,238.86,716.58,8.1,Passive,False
R02542,G0491,14,2024-09-05,Thursday,1,65,Business,Suite,Loyalty Rate,364.84,364.84,7.7,Passive,False
R02543,G0491,15,2024-01-22,Friday,2,57,Bleisure,Deluxe,Loyalty Rate,181.99,363.98,8.5,Passive,False
R02544,G0492,1,2023-02-04,Saturday,7,17,Leisure,Standard,OTA Rate,140.98,986.86,6.1,Detractor,False
R02545,G0493,1,2024-12-07,Saturday,5,74,Leisure,Presidential Suite,BAR,619.85,3099.25,9.7,Promoter,True
R02546,G0493,2,2024-04-22,Wednesday,4,47,Leisure,Standard,BAR,130.2,520.8,8.4,Passive,False
R02547,G0493,3,2024-01-18,Thursday,5,24,Leisure,Junior Suite,Loyalty Rate,254.36,1271.8,7.0,Passive,False
R02548,G0493,4,2024-11-28,Monday,5,29,Leisure,Junior Suite,BAR,258.9,1294.5,7.6,Passive,False
R02549,G0493,5,2024-12-02,Sunday,5,35,Leisure,Standard,Loyalty Rate,128.19,640.95,8.9,Passive,False
R02550,G0494,1,2024-04-27,Monday,3,42,Leisure,Junior Suite,BAR,247.56,742.68,10.0,Promoter,True
R02551,G0494,2,2024-01-24,Wednesday,4,66,Leisure,Deluxe,Loyalty Rate,188.54,754.16,7.4,Passive,False
R02552,G0494,3,2023-04-04,Thursday,1,20,Business,Suite,Loyalty Rate,343.38,343.38,7.2,Passive,False
R02553,G0494,4,2024-07-22,Monday,3,15,Leisure,Junior Suite,Loyalty Rate,255.71,767.13,10.0,Promoter,False
R02554,G0494,5,2023-06-17,Sunday,3,36,Leisure,Standard,Loyalty Rate,136.7,410.1,9.0,Promoter,False
R02555,G0494,6,2024-04-26,Saturday,5,48,Bleisure,Suite,BAR,365.24,1826.2,8.0,Passive,False
R02556,G0494,7,2023-12-08,Sunday,5,55,Leisure,Suite,BAR,357.16,1785.8,9.1,Promoter,True
R02557,G0494,8,2023-06-21,Friday,4,35,Bleisure,Deluxe,Loyalty Rate,174.81,699.24,6.6,Detractor,False
R02558,G0494,9,2023-12-24,Wednesday,4,19,Leisure,Presidential Suite,BAR,653.62,2614.48,8.7,Passive,True
R02559,G0494,10,2023-07-12,Friday,3,43,Business,Presidential Suite,BAR,649.81,1949.43,9.0,Promoter,True
R02560,G0494,11,2024-08-10,Saturday,5,62,Leisure,Suite,BAR,375.08,1875.4,9.4,Promoter,False
R02561,G0494,12,2023-01-05,Friday,5,25,Leisure,Suite,Loyalty Rate,363.04,1815.2,7.9,Passive,False
R02562,G0495,1,2023-02-17,Friday,6,64,Leisure,Deluxe,BAR,197.2,1183.2,7.3,Passive,False
R02563,G0495,2,2024-09-18,Monday,2,78,Business,Deluxe,BAR,190.4,380.8,6.8,Detractor,False
R02564,G0495,3,2023-12-31,Thursday,2,86,Bleisure,Deluxe,BAR,195.29,390.58,7.7,Passive,False
R02565,G0495,4,2023-09-22,Thursday,3,70,Bleisure,Junior Suite,BAR,302.77,908.31,6.8,Detractor,False
R02566,G0496,1,2023-04-03,Monday,7,61,Leisure,Suite,Promotional,436.64,3056.48,6.9,Detractor,False
R02567,G0496,2,2023-09-14,Friday,7,84,Leisure,Junior Suite,Package,290.01,2030.07,6.7,Detractor,False
R02568,G0496,3,2023-06-19,Friday,5,78,Bleisure,Junior Suite,BAR,292.63,1463.15,8.0,Passive,False
R02569,G0496,4,2024-12-12,Thursday,6,19,Leisure,Suite,BAR,430.43,2582.58,8.2,Passive,False
R02570,G0497,1,2023-09-29,Wednesday,2,22,Business,Junior Suite,OTA Rate,256.99,513.98,6.1,Detractor,False
R02571,G0498,1,2023-12-06,Sunday,5,91,Bleisure,Suite,Package,387.48,1937.4,6.8,Detractor,False
R02572,G0499,1,2023-03-07,Saturday,5,83,Leisure,Deluxe,BAR,189.2,946.0,6.0,Detractor,False
R02573,G0499,2,2023-06-28,Sunday,6,84,Leisure,Suite,Package,438.1,2628.6,7.3,Passive,False
R02574,G0500,1,2023-07-04,Tuesday,2,6,Business,Junior Suite,OTA Rate,276.1,552.2,7.3,Passive,False
R02575,G0500,2,2023-10-05,Tuesday,3,14,Bleisure,Deluxe,OTA Rate,207.47,622.41,9.7,Promoter,True
R02576,G0500,3,2024-05-30,Saturday,6,18,Leisure,Junior Suite,OTA Rate,290.8,1744.8,6.7,Detractor,False
R02577,G0500,4,2023-12-05,Friday,4,29,Bleisure,Junior Suite,OTA Rate,267.38,1069.52,8.8,Passive,True
R02578,G0500,5,2023-10-12,Friday,1,24,Business,Suite,OTA Rate,418.49,418.49,8.4,Passive,False
R02579,G0500,6,2023-08-07,Sunday,2,23,Bleisure,Deluxe,OTA Rate,198.66,397.32,7.8,Passive,False
R02580,G0500,7,2023-07-06,Friday,2,23,Leisure,Junior Suite,OTA Rate,265.79,531.58,9.0,Promoter,False
R02581,G0500,8,2024-06-12,Tuesday,4,27,Leisure,Presidential Suite,OTA Rate,669.1,2676.4,7.9,Passive,False
R02582,G0501,1,2023-10-29,Tuesday,3,14,Business,Deluxe,Corporate Rate,177.53,532.59,7.1,Passive,False
R02583,G0501,2,2023-03-13,Friday,5,7,Leisure,Junior Suite,Corporate Rate,242.76,1213.8,7.1,Passive,False
R02584,G0502,1,2023-09-03,Monday,5,67,Leisure,Deluxe,BAR,189.95,949.75,7.8,Passive,False
R02585,G0503,1,2023-11-20,Tuesday,2,5,Leisure,Deluxe,OTA Rate,194.71,389.42,7.6,Passive,False
R02586,G0503,2,2023-11-03,Monday,2,22,Business,Standard,OTA Rate,154.22,308.44,6.5,Detractor,False
R02587,G0504,1,2024-10-28,Sunday,2,18,Leisure,Junior Suite,OTA Rate,280.21,560.42,6.8,Detractor,False
R02588,G0504,2,2023-10-19,Sunday,4,14,Bleisure,Deluxe,OTA Rate,184.7,738.8,8.0,Passive,False
R02589,G0504,3,2023-04-18,Monday,3,23,Business,Standard,OTA Rate,147.63,442.89,7.6,Passive,False
R02590,G0504,4,2023-07-10,Friday,2,29,Leisure,Junior Suite,OTA Rate,259.49,518.98,8.1,Passive,False
R02591,G0504,5,2024-12-14,Friday,6,11,Leisure,Suite,OTA Rate,386.62,2319.72,9.2,Promoter,True
R02592,G0504,6,2023-11-30,Thursday,6,30,Leisure,Standard,OTA Rate,149.25,895.5,7.8,Passive,False
R02593,G0504,7,2024-07-18,Wednesday,3,3,Leisure,Presidential Suite,OTA Rate,726.21,2178.63,8.2,Passive,False
R02594,G0504,8,2024-06-19,Friday,6,2,Leisure,Presidential Suite,OTA Rate,671.8,4030.8,8.2,Passive,False
R02595,G0505,1,2024-09-20,Wednesday,3,19,Business,Junior Suite,Corporate Rate,228.1,684.3,7.9,Passive,False
R02596,G0505,2,2024-05-28,Sunday,4,17,Bleisure,Suite,Corporate Rate,332.3,1329.2,5.7,Detractor,False
R02597,G0505,3,2023-02-15,Thursday,3,8,Business,Junior Suite,Corporate Rate,238.28,714.84,7.0,Passive,False
R02598,G0505,4,2024-04-16,Thursday,1,9,Business,Junior Suite,Corporate Rate,248.81,248.81,7.7,Passive,False
R02599,G0506,1,2023-08-01,Sunday,6,10,Leisure,Deluxe,OTA Rate,194.53,1167.18,7.7,Passive,False
R02600,G0506,2,2024-05-07,Tuesday,6,6,Leisure,Junior Suite,OTA Rate,275.87,1655.22,6.6,Detractor,False
R02601,G0506,3,2024-01-23,Saturday,3,17,Leisure,Presidential Suite,OTA Rate,686.98,2060.94,5.5,Detractor,False
R02602,G0506,4,2024-07-28,Thursday,3,14,Leisure,Deluxe,OTA Rate,196.97,590.91,7.5,Passive,False
R02603,G0506,5,2023-08-16,Saturday,7,16,Leisure,Deluxe,OTA Rate,206.12,1442.84,6.5,Detractor,False
R02604,G0507,1,2023-06-27,Wednesday,2,16,Business,Deluxe,OTA Rate,202.92,405.84,5.3,Detractor,False
R02605,G0507,2,2023-02-27,Wednesday,4,23,Bleisure,Deluxe,OTA Rate,188.73,754.92,6.1,Detractor,False
R02606,G0508,1,2023-05-09,Thursday,7,106,Leisure,Suite,Loyalty Rate,352.89,2470.23,8.3,Passive,False
R02607,G0508,2,2024-04-03,Monday,7,41,Leisure,Suite,Loyalty Rate,368.15,2577.05,8.2,Passive,False
R02608,G0508,3,2023-06-06,Friday,5,87,Bleisure,Suite,BAR,366.44,1832.2,6.9,Detractor,False
R02609,G0508,4,2024-08-15,Sunday,5,104,Leisure,Standard,Loyalty Rate,132.84,664.2,9.4,Promoter,False
R02610,G0508,5,2024-07-04,Monday,6,74,Leisure,Suite,Package,355.1,2130.6,9.7,Promoter,False
R02611,G0508,6,2023-08-27,Sunday,4,69,Leisure,Suite,Loyalty Rate,377.67,1510.68,9.2,Promoter,True
R02612,G0508,7,2023-09-28,Friday,7,50,Leisure,Junior Suite,BAR,254.55,1781.85,7.8,Passive,False
R02613,G0508,8,2023-03-14,Wednesday,6,98,Leisure,Junior Suite,BAR,262.76,1576.56,8.5,Passive,True
R02614,G0508,9,2023-01-11,Friday,3,51,Leisure,Suite,Loyalty Rate,351.63,1054.89,8.7,Passive,False
R02615,G0508,10,2024-11-24,Sunday,5,56,Leisure,Standard,Loyalty Rate,136.13,680.65,9.2,Promoter,False
R02616,G0508,11,2023-07-31,Monday,3,27,Business,Junior Suite,Package,253.22,759.66,9.2,Promoter,True
R02617,G0509,1,2023-05-01,Saturday,2,5,Business,Suite,Corporate Rate,334.2,668.4,6.6,Detractor,False
R02618,G0509,2,2024-07-11,Tuesday,3,4,Business,Deluxe,Corporate Rate,176.86,530.58,7.6,Passive,False
R02619,G0509,3,2023-03-19,Thursday,1,14,Business,Junior Suite,Corporate Rate,228.97,228.97,7.9,Passive,False
R02620,G0509,4,2023-10-14,Wednesday,5,17,Bleisure,Standard,Corporate Rate,128.67,643.35,8.7,Passive,True
R02621,G0509,5,2023-06-19,Wednesday,2,15,Business,Deluxe,Corporate Rate,167.79,335.58,8.1,Passive,False
R02622,G0510,1,2024-09-27,Thursday,3,12,Business,Deluxe,Corporate Rate,169.04,507.12,8.4,Passive,False
R02623,G0510,2,2024-08-04,Wednesday,2,3,Business,Suite,Corporate Rate,332.14,664.28,8.2,Passive,False
R02624,G0510,3,2024-10-26,Wednesday,1,21,Business,Junior Suite,Corporate Rate,225.52,225.52,9.2,Promoter,True
R02625,G0510,4,2024-06-10,Friday,2,5,Business,Junior Suite,Corporate Rate,240.62,481.24,8.4,Passive,False
R02626,G0510,5,2023-06-14,Tuesday,4,7,Bleisure,Suite,Corporate Rate,321.66,1286.64,7.4,Passive,False
R02627,G0510,6,2024-04-09,Saturday,3,5,Bleisure,Deluxe,Corporate Rate,165.44,496.32,9.2,Promoter,False
R02628,G0510,7,2024-09-16,Monday,2,14,Business,Junior Suite,Corporate Rate,243.02,486.04,8.7,Passive,True
R02629,G0510,8,2023-03-03,Monday,3,18,Bleisure,Junior Suite,Corporate Rate,244.54,733.62,7.7,Passive,False
R02630,G0510,9,2023-09-26,Monday,3,20,Business,Standard,Corporate Rate,133.37,400.11,7.7,Passive,False
R02631,G0510,10,2023-07-13,Friday,3,8,Bleisure,Junior Suite,Corporate Rate,225.75,677.25,8.3,Passive,False
R02632,G0511,1,2023-06-22,Thursday,4,3,Bleisure,Junior Suite,Corporate Rate,228.02,912.08,8.2,Passive,False
R02633,G0511,2,2023-07-25,Friday,4,3,Leisure,Junior Suite,Corporate Rate,225.72,902.88,8.3,Passive,False
R02634,G0511,3,2023-04-01,Sunday,4,8,Bleisure,Deluxe,Corporate Rate,170.58,682.32,8.3,Passive,False
R02635,G0511,4,2024-08-19,Thursday,2,18,Business,Junior Suite,Corporate Rate,230.26,460.52,9.5,Promoter,True
R02636,G0512,1,2024-11-02,Monday,2,66,Business,Standard,BAR,135.51,271.02,9.3,Promoter,False
R02637,G0512,2,2023-04-27,Tuesday,3,43,Business,Junior Suite,BAR,247.39,742.17,8.9,Passive,True
R02638,G0512,3,2023-08-08,Saturday,5,36,Leisure,Presidential Suite,Loyalty Rate,623.23,3116.15,9.5,Promoter,True
R02639,G0512,4,2023-09-02,Tuesday,2,33,Bleisure,Standard,Loyalty Rate,127.94,255.88,7.9,Passive,False
R02640,G0512,5,2024-12-13,Friday,3,19,Leisure,Deluxe,BAR,175.23,525.69,9.0,Promoter,True
R02641,G0512,6,2024-09-24,Saturday,6,83,Leisure,Suite,BAR,362.23,2173.38,10.0,Promoter,False
R02642,G0512,7,2023-11-06,Wednesday,2,87,Leisure,Deluxe,BAR,180.89,361.78,8.5,Passive,True
R02643,G0512,8,2023-03-13,Wednesday,5,85,Leisure,Suite,BAR,342.9,1714.5,8.0,Passive,False
R02644,G0512,9,2023-06-05,Tuesday,3,65,Business,Suite,Package,378.0,1134.0,8.2,Passive,False
R02645,G0512,10,2024-12-29,Sunday,5,24,Leisure,Standard,BAR,136.94,684.7,7.8,Passive,False
R02646,G0512,11,2024-07-30,Monday,3,75,Business,Junior Suite,Loyalty Rate,261.33,783.99,8.1,Passive,False
R02647,G0512,12,2023-04-25,Monday,1,16,Business,Suite,Package,350.02,350.02,8.4,Passive,False
R02648,G0512,13,2023-09-27,Friday,5,23,Leisure,Junior Suite,BAR,258.63,1293.15,7.6,Passive,False
R02649,G0512,14,2023-12-20,Thursday,2,58,Business,Suite,Loyalty Rate,367.38,734.76,8.7,Passive,False
R02650,G0512,15,2023-06-05,Thursday,3,40,Business,Deluxe,Loyalty Rate,173.05,519.15,9.4,Promoter,True
R02651,G0512,16,2024-10-19,Monday,7,21,Leisure,Junior Suite,Package,258.22,1807.54,8.0,Passive,False
R02652,G0512,17,2023-02-01,Saturday,6,62,Leisure,Presidential Suite,Loyalty Rate,623.82,3742.92,9.9,Promoter,False
R02653,G0513,1,2023-01-24,Wednesday,2,72,Business,Suite,Promotional,436.98,873.96,7.2,Passive,False
R02654,G0513,2,2024-02-11,Thursday,7,38,Leisure,Presidential Suite,BAR,736.4,5154.8,7.9,Passive,False
R02655,G0514,1,2023-03-02,Monday,5,87,Business,Suite,BAR,362.29,1811.45,7.3,Passive,False
R02656,G0514,2,2023-03-09,Monday,5,52,Leisure,Deluxe,Loyalty Rate,185.95,929.75,8.8,Passive,False
R02657,G0514,3,2024-02-20,Friday,5,57,Leisure,Suite,BAR,360.14,1800.7,7.2,Passive,False
R02658,G0514,4,2023-07-17,Saturday,6,63,Leisure,Junior Suite,Loyalty Rate,253.27,1519.62,8.8,Passive,True
R02659,G0514,5,2024-06-21,Friday,6,108,Leisure,Deluxe,Package,183.93,1103.58,8.2,Passive,False
R02660,G0514,6,2023-12-31,Sunday,7,119,Leisure,Standard,BAR,132.92,930.44,8.5,Passive,True
R02661,G0514,7,2023-08-08,Friday,4,75,Leisure,Junior Suite,BAR,242.9,971.6,7.2,Passive,False
R02662,G0514,8,2024-12-28,Friday,6,39,Leisure,Presidential Suite,BAR,596.42,3578.52,7.4,Passive,False
R02663,G0515,1,2024-12-12,Tuesday,2,80,Business,Deluxe,Loyalty Rate,185.06,370.12,8.3,Passive,False
R02664,G0515,2,2024-06-13,Friday,4,26,Bleisure,Deluxe,Loyalty Rate,170.91,683.64,7.3,Passive,False
R02665,G0515,3,2023-02-09,Tuesday,4,58,Bleisure,Suite,BAR,358.33,1433.32,8.5,Passive,True
R02666,G0515,4,2023-09-24,Thursday,2,28,Bleisure,Junior Suite,Loyalty Rate,259.45,518.9,7.0,Passive,False
R02667,G0515,5,2024-01-14,Saturday,4,41,Bleisure,Junior Suite,Package,239.18,956.72,8.8,Passive,True
R02668,G0515,6,2023-05-02,Tuesday,1,39,Business,Suite,Loyalty Rate,359.75,359.75,7.1,Passive,False
R02669,G0515,7,2023-06-20,Saturday,4,57,Bleisure,Deluxe,BAR,176.69,706.76,8.5,Passive,True
R02670,G0516,1,2023-09-22,Tuesday,1,15,Business,Suite,Corporate Rate,329.39,329.39,8.9,Passive,False
R02671,G0516,2,2023-08-26,Monday,2,3,Business,Deluxe,Corporate Rate,176.66,353.32,8.1,Passive,False
R02672,G0516,3,2024-11-23,Thursday,2,13,Business,Suite,Corporate Rate,333.33,666.66,9.2,Promoter,True
R02673,G0516,4,2024-03-10,Tuesday,1,5,Business,Deluxe,Corporate Rate,178.21,178.21,8.9,Passive,False
R02674,G0516,5,2023-05-21,Thursday,1,19,Business,Junior Suite,Corporate Rate,239.58,239.58,8.3,Passive,False
R02675,G0516,6,2023-10-01,Saturday,5,9,Bleisure,Junior Suite,Corporate Rate,238.0,1190.0,7.9,Passive,False
R02676,G0516,7,2024-07-01,Thursday,1,21,Business,Junior Suite,Corporate Rate,242.15,242.15,7.1,Passive,False
R02677,G0516,8,2024-04-06,Thursday,1,11,Business,Standard,Corporate Rate,129.87,129.87,9.0,Promoter,False
R02678,G0516,9,2024-02-21,Sunday,2,20,Bleisure,Deluxe,Corporate Rate,162.96,325.92,7.4,Passive,False
R02679,G0516,10,2024-12-10,Sunday,2,10,Bleisure,Junior Suite,Corporate Rate,237.92,475.84,8.8,Passive,True
R02680,G0516,11,2023-10-06,Thursday,2,17,Business,Standard,Corporate Rate,129.5,259.0,8.5,Passive,True
R02681,G0516,12,2024-05-13,Friday,7,21,Leisure,Junior Suite,Corporate Rate,243.0,1701.0,9.2,Promoter,True
R02682,G0516,13,2023-07-05,Tuesday,2,15,Business,Junior Suite,Corporate Rate,232.39,464.78,8.5,Passive,True
R02683,G0517,1,2023-03-28,Saturday,5,59,Leisure,Junior Suite,BAR,279.4,1397.0,6.9,Detractor,False
R02684,G0517,2,2024-05-27,Monday,2,22,Business,Deluxe,BAR,197.14,394.28,8.1,Passive,False
R02685,G0517,3,2024-04-17,Saturday,7,54,Leisure,Deluxe,BAR,209.17,1464.19,7.8,Passive,False
R02686,G0518,1,2024-02-24,Saturday,6,49,Leisure,Suite,BAR,408.16,2448.96,7.1,Passive,False
R02687,G0519,1,2023-04-04,Saturday,2,2,Leisure,Standard,OTA Rate,137.33,274.66,6.7,Detractor,False
R02688,G0520,1,2024-07-23,Tuesday,7,12,Leisure,Junior Suite,Corporate Rate,232.63,1628.41,6.6,Detractor,False
R02689,G0520,2,2024-02-19,Saturday,3,11,Leisure,Suite,Corporate Rate,350.25,1050.75,8.7,Passive,False
R02690,G0520,3,2023-11-05,Monday,4,10,Business,Deluxe,Corporate Rate,166.18,664.72,8.6,Passive,True
R02691,G0520,4,2024-07-08,Monday,7,18,Business,Junior Suite,Corporate Rate,247.18,1730.26,7.3,Passive,False
R02692,G0520,5,2024-11-05,Sunday,4,4,Business,Suite,Corporate Rate,335.74,1342.96,7.9,Passive,False
R02693,G0520,6,2023-11-30,Wednesday,6,6,Business,Suite,Corporate Rate,332.83,1996.98,8.1,Passive,False
R02694,G0520,7,2024-07-27,Thursday,7,17,Business,Presidential Suite,Corporate Rate,606.39,4244.73,8.0,Passive,False
R02695,G0520,8,2024-06-18,Thursday,6,21,Bleisure,Standard,Corporate Rate,133.93,803.58,8.4,Passive,False
R02696,G0520,9,2023-05-03,Friday,5,15,Business,Junior Suite,Corporate Rate,225.48,1127.4,9.2,Promoter,True
R02697,G0521,1,2024-08-19,Thursday,6,60,Leisure,Suite,Loyalty Rate,369.77,2218.62,8.7,Passive,False
R02698,G0521,2,2024-05-16,Saturday,7,83,Leisure,Suite,BAR,377.86,2645.02,7.1,Passive,False
R02699,G0521,3,2023-07-09,Sunday,7,51,Leisure,Junior Suite,Package,257.46,1802.22,8.6,Passive,True
R02700,G0521,4,2023-02-27,Saturday,4,57,Leisure,Deluxe,Loyalty Rate,171.04,684.16,9.2,Promoter,True
R02701,G0522,1,2024-10-27,Saturday,2,18,Leisure,Suite,OTA Rate,406.24,812.48,7.0,Passive,False
R02702,G0522,2,2024-02-20,Sunday,2,20,Leisure,Standard,OTA Rate,144.94,289.88,7.9,Passive,False
R02703,G0522,3,2023-01-20,Tuesday,3,27,Business,Standard,OTA Rate,156.31,468.93,8.6,Passive,False
R02704,G0523,1,2024-10-24,Friday,5,13,Leisure,Junior Suite,OTA Rate,280.93,1404.65,7.1,Passive,False
R02705,G0523,2,2023-05-17,Saturday,3,7,Leisure,Junior Suite,OTA Rate,283.7,851.1,6.8,Detractor,False
R02706,G0524,1,2023-01-10,Saturday,2,17,Bleisure,Standard,Corporate Rate,122.86,245.72,9.2,Promoter,True
R02707,G0524,2,2023-03-04,Wednesday,3,16,Business,Presidential Suite,Corporate Rate,608.48,1825.44,8.8,Passive,True
R02708,G0524,3,2024-08-16,Monday,3,4,Business,Suite,Corporate Rate,354.68,1064.04,8.7,Passive,True
R02709,G0524,4,2023-10-07,Wednesday,3,16,Business,Suite,Corporate Rate,331.35,994.05,8.4,Passive,False
R02710,G0524,5,2024-03-26,Sunday,3,16,Bleisure,Junior Suite,Corporate Rate,246.98,740.94,10.0,Promoter,False
R02711,G0524,6,2024-11-20,Saturday,5,13,Bleisure,Junior Suite,Corporate Rate,235.12,1175.6,8.0,Passive,False
R02712,G0524,7,2024-02-09,Tuesday,3,19,Business,Deluxe,Corporate Rate,161.25,483.75,9.9,Promoter,False
R02713,G0524,8,2023-10-05,Wednesday,1,4,Business,Deluxe,Corporate Rate,165.84,165.84,9.1,Promoter,True
R02714,G0524,9,2023-06-02,Tuesday,1,15,Business,Suite,Corporate Rate,358.17,358.17,7.6,Passive,False
R02715,G0524,10,2023-03-01,Friday,2,11,Business,Junior Suite,Corporate Rate,249.79,499.58,9.0,Promoter,True
R02716,G0524,11,2024-03-29,Monday,3,4,Business,Presidential Suite,Corporate Rate,591.46,1774.38,7.0,Passive,False
R02717,G0524,12,2023-09-22,Monday,5,10,Bleisure,Junior Suite,Corporate Rate,235.27,1176.35,9.2,Promoter,True
R02718,G0525,1,2024-10-24,Friday,5,4,Bleisure,Deluxe,OTA Rate,201.4,1007.0,7.0,Passive,False
R02719,G0525,2,2023-07-24,Saturday,6,2,Leisure,Junior Suite,OTA Rate,269.67,1618.02,6.1,Detractor,False
R02720,G0526,1,2023-08-03,Sunday,5,20,Bleisure,Junior Suite,OTA Rate,263.72,1318.6,6.4,Detractor,False
R02721,G0526,2,2024-05-19,Wednesday,4,5,Bleisure,Standard,OTA Rate,155.36,621.44,8.2,Passive,False
R02722,G0527,1,2024-12-14,Saturday,3,73,Bleisure,Standard,BAR,139.39,418.17,7.4,Passive,False
R02723,G0527,2,2023-08-13,Wednesday,4,88,Leisure,Deluxe,Loyalty Rate,185.27,741.08,7.3,Passive,False
R02724,G0527,3,2024-04-27,Saturday,7,20,Leisure,Standard,BAR,131.3,919.1,9.3,Promoter,False
R02725,G0527,4,2023-09-15,Monday,7,71,Leisure,Standard,Loyalty Rate,130.13,910.91,9.7,Promoter,False
R02726,G0527,5,2024-11-30,Wednesday,3,40,Business,Junior Suite,Loyalty Rate,254.86,764.58,8.1,Passive,False
R02727,G0528,1,2023-03-26,Wednesday,3,101,Business,Suite,Loyalty Rate,347.89,1043.67,8.6,Passive,True
R02728,G0528,2,2024-06-20,Saturday,4,117,Leisure,Suite,BAR,358.2,1432.8,9.2,Promoter,True
R02729,G0528,3,2024-11-05,Monday,5,58,Bleisure,Deluxe,BAR,175.26,876.3,7.5,Passive,False
R02730,G0528,4,2024-12-08,Tuesday,3,110,Business,Junior Suite,Loyalty Rate,254.47,763.41,7.7,Passive,False
R02731,G0528,5,2023-06-11,Monday,3,112,Bleisure,Standard,Package,129.6,388.8,9.1,Promoter,False
R02732,G0528,6,2024-09-08,Friday,3,54,Bleisure,Junior Suite,Loyalty Rate,264.83,794.49,9.4,Promoter,True
R02733,G0528,7,2024-08-08,Wednesday,3,98,Business,Junior Suite,Package,255.9,767.7,8.6,Passive,False
R02734,G0529,1,2024-11-24,Thursday,1,44,Business,Standard,BAR,149.91,149.91,6.1,Detractor,False
R02735,G0530,1,2024-08-18,Friday,4,26,Leisure,Deluxe,OTA Rate,185.17,740.68,8.9,Passive,False
R02736,G0530,2,2023-01-31,Monday,2,14,Business,Suite,OTA Rate,405.28,810.56,7.2,Passive,False
R02737,G0530,3,2024-06-20,Saturday,2,13,Bleisure,Junior Suite,OTA Rate,264.77,529.54,7.3,Passive,False
R02738,G0530,4,2023-11-01,Friday,4,27,Leisure,Junior Suite,OTA Rate,281.29,1125.16,7.9,Passive,False
R02739,G0530,5,2024-03-14,Wednesday,2,24,Business,Junior Suite,OTA Rate,288.98,577.96,8.8,Passive,True
R02740,G0530,6,2024-06-24,Thursday,5,13,Bleisure,Deluxe,OTA Rate,185.75,928.75,8.3,Passive,False
R02741,G0530,7,2023-12-27,Friday,7,15,Leisure,Deluxe,OTA Rate,197.9,1385.3,7.9,Passive,False
R02742,G0530,8,2024-02-29,Wednesday,3,11,Business,Suite,OTA Rate,382.07,1146.21,8.0,Passive,False
R02743,G0530,9,2023-07-25,Friday,7,10,Leisure,Deluxe,OTA Rate,194.35,1360.45,7.6,Passive,False
R02744,G0531,1,2024-11-09,Wednesday,5,21,Leisure,Suite,Loyalty Rate,341.29,1706.45,8.8,Passive,False
R02745,G0531,2,2023-04-04,Monday,2,40,Business,Junior Suite,Loyalty Rate,256.2,512.4,6.7,Detractor,False
R02746,G0531,3,2023-06-21,Friday,5,40,Bleisure,Suite,Package,345.93,1729.65,8.5,Passive,False
R02747,G0531,4,2023-10-19,Friday,6,41,Leisure,Suite,Loyalty Rate,365.78,2194.68,8.9,Passive,True
R02748,G0531,5,2023-04-09,Monday,2,52,Leisure,Suite,Loyalty Rate,367.88,735.76,7.8,Passive,False
R02749,G0531,6,2023-01-24,Wednesday,7,33,Leisure,Junior Suite,Loyalty Rate,258.23,1807.61,9.0,Promoter,False
R02750,G0531,7,2024-07-25,Saturday,3,74,Leisure,Suite,BAR,364.29,1092.87,8.5,Passive,True
R02751,G0531,8,2024-05-10,Saturday,6,16,Leisure,Suite,Loyalty Rate,375.8,2254.8,10.0,Promoter,True
R02752,G0531,9,2024-12-25,Friday,6,27,Leisure,Standard,Loyalty Rate,133.96,803.76,10.0,Promoter,True
R02753,G0531,10,2023-10-06,Sunday,4,46,Bleisure,Presidential Suite,BAR,642.29,2569.16,8.3,Passive,False
R02754,G0531,11,2023-08-28,Saturday,2,55,Leisure,Deluxe,Package,169.75,339.5,8.6,Passive,True
R02755,G0531,12,2024-03-23,Sunday,3,70,Bleisure,Suite,Package,368.68,1106.04,8.6,Passive,True
R02756,G0531,13,2024-08-30,Saturday,6,44,Leisure,Presidential Suite,Loyalty Rate,651.14,3906.84,8.3,Passive,False
R02757,G0531,14,2023-12-30,Thursday,3,54,Business,Suite,BAR,354.91,1064.73,8.9,Passive,False
R02758,G0531,15,2023-03-01,Monday,3,89,Business,Suite,Loyalty Rate,354.84,1064.52,8.1,Passive,False
R02759,G0531,16,2024-09-14,Wednesday,3,52,Leisure,Suite,Loyalty Rate,349.17,1047.51,7.8,Passive,False
R02760,G0531,17,2024-02-20,Wednesday,2,37,Leisure,Suite,BAR,354.67,709.34,9.2,Promoter,False
R02761,G0531,18,2024-05-31,Monday,6,19,Leisure,Junior Suite,Package,248.86,1493.16,9.2,Promoter,True
R02762,G0531,19,2024-03-13,Tuesday,1,41,Business,Suite,Loyalty Rate,350.17,350.17,8.1,Passive,False
R02763,G0531,20,2024-03-16,Saturday,7,24,Leisure,Junior Suite,Loyalty Rate,240.38,1682.66,9.4,Promoter,True
R02764,G0531,21,2023-09-01,Saturday,5,54,Leisure,Presidential Suite,BAR,622.72,3113.6,8.2,Passive,False
R02765,G0531,22,2024-05-29,Saturday,7,86,Leisure,Presidential Suite,Loyalty Rate,649.22,4544.54,8.9,Passive,True
R02766,G0531,23,2023-11-18,Thursday,3,61,Leisure,Deluxe,BAR,183.37,550.11,9.4,Promoter,False
R02767,G0532,1,2023-01-02,Tuesday,2,54,Business,Junior Suite,BAR,237.87,475.74,7.8,Passive,False
R02768,G0532,2,2024-08-23,Sunday,3,80,Bleisure,Standard,Package,139.83,419.49,8.5,Passive,True
R02769,G0532,3,2023-10-29,Sunday,2,83,Leisure,Standard,Loyalty Rate,127.47,254.94,7.7,Passive,False
R02770,G0532,4,2024-10-31,Saturday,6,86,Leisure,Suite,Loyalty Rate,375.59,2253.54,7.9,Passive,False
R02771,G0532,5,2024-10-02,Friday,4,57,Leisure,Standard,Loyalty Rate,138.76,555.04,7.9,Passive,False
R02772,G0532,6,2024-08-30,Friday,2,82,Business,Deluxe,BAR,184.97,369.94,7.5,Passive,False
R02773,G0533,1,2024-05-19,Monday,5,32,Bleisure,Suite,Loyalty Rate,345.65,1728.25,8.3,Passive,False
R02774,G0533,2,2024-07-25,Sunday,4,76,Leisure,Presidential Suite,BAR,636.1,2544.4,7.5,Passive,False
R02775,G0533,3,2023-03-27,Saturday,4,23,Leisure,Suite,Loyalty Rate,353.24,1412.96,8.3,Passive,False
R02776,G0533,4,2023-05-19,Friday,3,20,Business,Presidential Suite,Package,627.56,1882.68,8.5,Passive,False
R02777,G0533,5,2024-04-27,Friday,6,33,Leisure,Suite,Loyalty Rate,339.43,2036.58,8.5,Passive,True
R02778,G0533,6,2023-03-11,Sunday,6,30,Leisure,Suite,BAR,375.73,2254.38,8.5,Passive,False
R02779,G0533,7,2024-08-29,Friday,6,54,Leisure,Suite,Loyalty Rate,343.55,2061.3,8.7,Passive,False
R02780,G0533,8,2023-02-19,Monday,3,30,Leisure,Presidential Suite,BAR,648.67,1946.01,9.1,Promoter,False
R02781,G0534,1,2024-09-21,Sunday,3,2,Leisure,Standard,OTA Rate,144.0,432.0,7.0,Passive,False
R02782,G0534,2,2024-06-04,Saturday,3,2,Leisure,Standard,OTA Rate,140.0,420.0,6.1,Detractor,False
R02783,G0535,1,2023-04-28,Saturday,4,90,Leisure,Deluxe,Package,204.12,816.48,5.8,Detractor,False
R02784,G0536,1,2024-09-11,Saturday,2,21,Leisure,Suite,Corporate Rate,344.47,688.94,7.6,Passive,False
R02785,G0536,2,2024-08-07,Sunday,2,12,Bleisure,Junior Suite,Corporate Rate,232.79,465.58,8.3,Passive,False
R02786,G0536,3,2023-04-02,Thursday,1,16,Business,Standard,Corporate Rate,121.02,121.02,8.4,Passive,False
R02787,G0536,4,2023-10-08,Sunday,2,11,Bleisure,Junior Suite,Corporate Rate,245.42,490.84,8.1,Passive,False
R02788,G0536,5,2024-02-21,Sunday,2,18,Bleisure,Presidential Suite,Corporate Rate,577.14,1154.28,7.7,Passive,False
R02789,G0536,6,2024-07-19,Thursday,4,11,Bleisure,Junior Suite,Corporate Rate,247.62,990.48,8.3,Passive,False
R02790,G0536,7,2023-01-31,Monday,4,19,Bleisure,Standard,Corporate Rate,131.53,526.12,8.8,Passive,False
R02791,G0536,8,2024-04-12,Tuesday,3,20,Business,Junior Suite,Corporate Rate,240.45,721.35,9.2,Promoter,True
R02792,G0536,9,2023-12-23,Monday,2,7,Business,Suite,Corporate Rate,330.14,660.28,8.3,Passive,False
R02793,G0536,10,2023-11-09,Wednesday,1,12,Business,Suite,Corporate Rate,337.33,337.33,8.4,Passive,False
R02794,G0536,11,2024-10-28,Tuesday,2,9,Business,Suite,Corporate Rate,344.22,688.44,8.0,Passive,False
R02795,G0537,1,2023-10-22,Saturday,6,3,Leisure,Junior Suite,OTA Rate,285.93,1715.58,6.3,Detractor,False
R02796,G0538,1,2023-07-19,Tuesday,6,5,Business,Junior Suite,OTA Rate,279.53,1677.18,6.0,Detractor,False
R02797,G0538,2,2023-05-07,Thursday,7,29,Leisure,Junior Suite,OTA Rate,277.81,1944.67,7.5,Passive,False
R02798,G0538,3,2023-01-15,Saturday,5,20,Bleisure,Suite,OTA Rate,416.74,2083.7,5.6,Detractor,False
R02799,G0539,1,2023-03-28,Tuesday,1,83,Business,Deluxe,Loyalty Rate,172.92,172.92,7.5,Passive,False
R02800,G0539,2,2024-09-03,Thursday,5,84,Leisure,Junior Suite,BAR,259.08,1295.4,8.3,Passive,False
R02801,G0539,3,2024-02-27,Monday,5,61,Leisure,Deluxe,Package,184.0,920.0,8.2,Passive,False
R02802,G0539,4,2024-12-01,Wednesday,4,77,Bleisure,Presidential Suite,Loyalty Rate,644.25,2577.0,10.0,Promoter,True
R02803,G0539,5,2023-06-01,Sunday,4,33,Bleisure,Deluxe,BAR,185.69,742.76,8.4,Passive,False
R02804,G0539,6,2023-01-01,Saturday,6,53,Leisure,Junior Suite,Package,249.78,1498.68,7.3,Passive,False
R02805,G0540,1,2023-04-21,Friday,4,3,Business,Junior Suite,Corporate Rate,248.54,994.16,7.1,Passive,False
R02806,G0540,2,2023-08-22,Thursday,3,19,Business,Deluxe,Corporate Rate,177.48,532.44,6.1,Detractor,False
R02807,G0541,1,2023-01-18,Saturday,3,10,Business,Deluxe,Corporate Rate,162.17,486.51,7.7,Passive,False
R02808,G0541,2,2023-06-03,Thursday,1,3,Business,Junior Suite,Corporate Rate,247.84,247.84,7.4,Passive,False
R02809,G0541,3,2024-08-15,Tuesday,3,10,Business,Junior Suite,Corporate Rate,245.32,735.96,8.8,Passive,True
R02810,G0541,4,2024-12-16,Monday,1,20,Business,Suite,Corporate Rate,338.57,338.57,7.7,Passive,False
R02811,G0541,5,2023-08-16,Friday,1,17,Business,Suite,Corporate Rate,338.42,338.42,8.0,Passive,False
R02812,G0541,6,2024-07-11,Friday,1,7,Business,Standard,Corporate Rate,120.91,120.91,7.6,Passive,False
R02813,G0542,1,2024-06-27,Monday,2,20,Business,Suite,OTA Rate,411.97,823.94,8.7,Passive,False
R02814,G0542,2,2024-06-13,Monday,1,2,Business,Suite,OTA Rate,396.48,396.48,7.3,Passive,False
R02815,G0542,3,2023-06-04,Wednesday,5,12,Leisure,Presidential Suite,OTA Rate,690.27,3451.35,9.1,Promoter,False
R02816,G0542,4,2024-03-21,Saturday,4,17,Leisure,Junior Suite,OTA Rate,291.95,1167.8,8.3,Passive,False
R02817,G0542,5,2023-12-22,Friday,7,10,Leisure,Junior Suite,OTA Rate,291.15,2038.05,8.0,Passive,False
R02818,G0542,6,2023-05-28,Thursday,2,27,Business,Junior Suite,OTA Rate,268.09,536.18,7.9,Passive,False
R02819,G0542,7,2023-10-30,Tuesday,4,7,Leisure,Deluxe,OTA Rate,184.83,739.32,7.9,Passive,False
R02820,G0542,8,2024-04-22,Saturday,3,18,Leisure,Standard,OTA Rate,137.97,413.91,6.1,Detractor,False
R02821,G0542,9,2023-09-13,Friday,3,17,Bleisure,Presidential Suite,OTA Rate,657.51,1972.53,7.4,Passive,False
R02822,G0543,1,2023-09-26,Friday,5,30,Bleisure,Standard,OTA Rate,137.94,689.7,7.4,Passive,False
R02823,G0543,2,2023-05-12,Sunday,4,11,Leisure,Deluxe,OTA Rate,204.5,818.0,7.0,Passive,False
R02824,G0543,3,2024-04-02,Thursday,1,21,Business,Deluxe,OTA Rate,188.45,188.45,5.9,Detractor,False
R02825,G0543,4,2024-12-01,Wednesday,5,18,Leisure,Standard,OTA Rate,140.75,703.75,7.0,Passive,False
R02826,G0544,1,2024-01-16,Saturday,5,30,Leisure,Deluxe,BAR,178.72,893.6,9.8,Promoter,True
R02827,G0544,2,2023-03-26,Sunday,3,14,Bleisure,Suite,Loyalty Rate,371.28,1113.84,9.7,Promoter,True
R02828,G0544,3,2023-10-21,Saturday,5,53,Bleisure,Junior Suite,Loyalty Rate,244.72,1223.6,8.7,Passive,True
R02829,G0544,4,2023-03-12,Saturday,5,26,Leisure,Suite,BAR,353.61,1768.05,9.5,Promoter,True
R02830,G0544,5,2023-09-06,Saturday,5,35,Leisure,Suite,Package,357.8,1789.0,8.4,Passive,False
R02831,G0544,6,2023-04-05,Monday,1,52,Business,Junior Suite,Loyalty Rate,253.88,253.88,7.3,Passive,False
R02832,G0544,7,2024-01-09,Saturday,4,84,Leisure,Suite,BAR,368.42,1473.68,8.0,Passive,False
R02833,G0544,8,2024-06-20,Sunday,5,79,Leisure,Junior Suite,Package,264.94,1324.7,10.0,Promoter,False
R02834,G0544,9,2023-05-14,Wednesday,1,77,Business,Suite,Loyalty Rate,356.59,356.59,8.5,Passive,False
R02835,G0544,10,2024-06-11,Friday,3,19,Business,Presidential Suite,Loyalty Rate,602.36,1807.08,8.5,Passive,True
R02836,G0544,11,2023-08-23,Friday,6,19,Leisure,Presidential Suite,Loyalty Rate,614.41,3686.46,8.5,Passive,True
R02837,G0544,12,2023-05-01,Saturday,7,81,Leisure,Junior Suite,Loyalty Rate,250.08,1750.56,10.0,Promoter,True
R02838,G0544,13,2024-05-23,Friday,3,65,Bleisure,Junior Suite,Package,264.55,793.65,10.0,Promoter,True
R02839,G0544,14,2023-01-13,Saturday,2,31,Business,Deluxe,Package,186.11,372.22,10.0,Promoter,True
R02840,G0544,15,2023-07-05,Saturday,3,29,Leisure,Suite,Package,373.41,1120.23,8.6,Passive,True
R02841,G0544,16,2024-07-04,Wednesday,2,70,Business,Deluxe,Loyalty Rate,184.88,369.76,8.9,Passive,False
R02842,G0544,17,2023-07-22,Sunday,7,60,Leisure,Suite,Package,356.34,2494.38,7.5,Passive,False
R02843,G0544,18,2023-06-20,Monday,5,65,Leisure,Suite,Loyalty Rate,374.56,1872.8,9.9,Promoter,True
R02844,G0544,19,2023-08-26,Monday,3,47,Business,Junior Suite,Loyalty Rate,259.79,779.37,7.8,Passive,False
R02845,G0544,20,2023-10-11,Sunday,2,28,Leisure,Presidential Suite,BAR,662.75,1325.5,8.9,Passive,False
R02846,G0544,21,2023-12-26,Saturday,1,29,Business,Standard,Loyalty Rate,130.15,130.15,7.8,Passive,False
R02847,G0544,22,2024-07-24,Friday,7,16,Leisure,Junior Suite,BAR,263.32,1843.24,8.2,Passive,False
R02848,G0544,23,2024-01-21,Sunday,2,24,Bleisure,Suite,BAR,362.27,724.54,8.0,Passive,False
R02849,G0544,24,2024-01-06,Sunday,7,61,Leisure,Suite,Loyalty Rate,342.07,2394.49,8.2,Passive,False
R02850,G0544,25,2023-09-10,Saturday,2,40,Leisure,Suite,Loyalty Rate,375.44,750.88,8.3,Passive,False
R02851,G0545,1,2024-02-08,Friday,6,73,Leisure,Deluxe,BAR,203.62,1221.72,6.8,Detractor,False
R02852,G0545,2,2024-08-04,Saturday,5,40,Leisure,Suite,BAR,408.11,2040.55,8.2,Passive,False
R02853,G0545,3,2024-09-01,Friday,7,83,Bleisure,Junior Suite,BAR,297.97,2085.79,6.6,Detractor,False
R02854,G0545,4,2023-05-14,Saturday,6,65,Leisure,Deluxe,Promotional,190.04,1140.24,7.7,Passive,False
R02855,G0545,5,2023-03-18,Saturday,5,81,Bleisure,Suite,BAR,390.03,1950.15,8.5,Passive,True
R02856,G0546,1,2023-09-15,Monday,1,11,Business,Presidential Suite,Corporate Rate,601.4,601.4,6.8,Detractor,False
R02857,G0546,2,2023-03-31,Thursday,2,6,Business,Junior Suite,Corporate Rate,233.93,467.86,6.9,Detractor,False
R02858,G0546,3,2023-09-14,Saturday,2,12,Bleisure,Junior Suite,Corporate Rate,250.56,501.12,7.3,Passive,False
R02859,G0547,1,2024-11-05,Saturday,6,10,Business,Junior Suite,Corporate Rate,248.93,1493.58,8.1,Passive,False
R02860,G0547,2,2024-01-26,Friday,6,10,Business,Deluxe,Corporate Rate,162.81,976.86,7.7,Passive,False
R02861,G0548,1,2023-02-07,Friday,4,25,Leisure,Deluxe,OTA Rate,187.77,751.08,5.9,Detractor,False
R02862,G0548,2,2023-11-09,Wednesday,7,26,Leisure,Deluxe,OTA Rate,197.72,1384.04,7.0,Passive,False
R02863,G0549,1,2023-06-12,Sunday,6,16,Leisure,Standard,OTA Rate,153.43,920.58,5.8,Detractor,False
R02864,G0549,2,2024-10-23,Sunday,5,20,Bleisure,Standard,OTA Rate,151.96,759.8,7.5,Passive,False
R02865,G0549,3,2024-05-15,Tuesday,7,11,Leisure,Standard,OTA Rate,149.06,1043.42,7.3,Passive,False
R02866,G0550,1,2024-04-22,Wednesday,6,14,Leisure,Suite,BAR,359.42,2156.52,8.2,Passive,False
R02867,G0550,2,2024-02-21,Saturday,7,67,Leisure,Suite,Loyalty Rate,369.32,2585.24,8.0,Passive,False
R02868,G0550,3,2023-12-18,Friday,7,62,Leisure,Presidential Suite,Loyalty Rate,652.16,4565.12,8.0,Passive,False
R02869,G0550,4,2024-08-28,Wednesday,7,66,Leisure,Junior Suite,Package,238.57,1669.99,9.1,Promoter,True
R02870,G0550,5,2023-06-03,Sunday,7,58,Leisure,Suite,Package,371.01,2597.07,9.7,Promoter,False
R02871,G0550,6,2024-06-14,Saturday,7,47,Leisure,Suite,BAR,377.95,2645.65,8.2,Passive,False
R02872,G0550,7,2023-03-22,Sunday,7,49,Leisure,Presidential Suite,Package,654.51,4581.57,9.1,Promoter,False
R02873,G0550,8,2024-10-15,Monday,4,70,Bleisure,Suite,BAR,339.37,1357.48,7.0,Passive,False
R02874,G0550,9,2023-10-07,Saturday,6,54,Leisure,Presidential Suite,BAR,612.23,3673.38,8.2,Passive,False
R02875,G0550,10,2023-01-28,Saturday,5,84,Leisure,Presidential Suite,Loyalty Rate,661.8,3309.0,8.7,Passive,True
R02876,G0550,11,2024-01-19,Wednesday,7,61,Leisure,Presidential Suite,BAR,607.19,4250.33,8.0,Passive,False
R02877,G0550,12,2024-09-13,Friday,5,81,Bleisure,Standard,Package,138.74,693.7,8.0,Passive,False
R02878,G0550,13,2023-01-30,Friday,5,25,Leisure,Junior Suite,BAR,247.93,1239.65,8.2,Passive,False
R02879,G0550,14,2023-06-30,Saturday,5,27,Leisure,Standard,BAR,128.75,643.75,8.9,Passive,True
R02880,G0550,15,2023-08-24,Friday,6,40,Leisure,Junior Suite,Loyalty Rate,248.16,1488.96,8.6,Passive,True
R02881,G0550,16,2024-03-13,Sunday,6,18,Leisure,Junior Suite,Package,263.7,1582.2,6.9,Detractor,False
R02882,G0550,17,2024-05-12,Saturday,6,47,Leisure,Deluxe,BAR,184.72,1108.32,7.0,Passive,False
R02883,G0550,18,2024-12-26,Saturday,3,25,Leisure,Standard,BAR,133.15,399.45,8.2,Passive,False
R02884,G0550,19,2024-05-09,Tuesday,6,28,Leisure,Junior Suite,Package,244.47,1466.82,9.1,Promoter,False
R02885,G0550,20,2024-05-02,Friday,6,44,Leisure,Presidential Suite,Loyalty Rate,600.24,3601.44,6.5,Detractor,False
R02886,G0550,21,2023-09-15,Friday,7,48,Leisure,Suite,Loyalty Rate,362.69,2538.83,8.3,Passive,False
R02887,G0550,22,2023-12-16,Thursday,4,66,Business,Standard,BAR,127.08,508.32,8.3,Passive,False
R02888,G0550,23,2024-02-18,Friday,6,21,Leisure,Suite,BAR,375.63,2253.78,9.8,Promoter,True
R02889,G0550,24,2023-05-03,Saturday,6,26,Leisure,Presidential Suite,BAR,603.05,3618.3,8.4,Passive,False
R02890,G0551,1,2024-05-18,Friday,7,89,Leisure,Suite,Loyalty Rate,365.97,2561.79,8.7,Passive,False
R02891,G0551,2,2023-08-01,Thursday,5,78,Leisure,Junior Suite,Loyalty Rate,256.5,1282.5,8.8,Passive,False
R02892,G0551,3,2023-01-12,Monday,2,65,Leisure,Suite,Loyalty Rate,374.52,749.04,7.0,Passive,False
R02893,G0551,4,2024-03-13,Friday,5,81,Bleisure,Junior Suite,BAR,255.16,1275.8,9.3,Promoter,True
R02894,G0551,5,2023-10-03,Wednesday,2,43,Leisure,Junior Suite,Package,246.95,493.9,8.9,Passive,True
R02895,G0551,6,2023-12-03,Saturday,2,51,Leisure,Presidential Suite,BAR,627.65,1255.3,9.1,Promoter,True
R02896,G0551,7,2024-09-21,Monday,2,84,Business,Presidential Suite,BAR,649.5,1299.0,10.0,Promoter,False
R02897,G0551,8,2023-09-20,Saturday,2,77,Business,Suite,Loyalty Rate,364.05,728.1,7.0,Passive,False
R02898,G0551,9,2023-10-01,Sunday,2,84,Leisure,Suite,BAR,351.74,703.48,10.0,Promoter,False
R02899,G0551,10,2023-08-09,Sunday,3,18,Business,Suite,Package,356.53,1069.59,8.5,Passive,False
R02900,G0551,11,2023-12-17,Wednesday,1,29,Business,Suite,Loyalty Rate,372.4,372.4,8.9,Passive,False
R02901,G0552,1,2023-05-14,Saturday,6,13,Leisure,Deluxe,OTA Rate,183.63,1101.78,6.3,Detractor,False
R02902,G0552,2,2024-09-06,Wednesday,5,28,Leisure,Suite,OTA Rate,385.37,1926.85,6.3,Detractor,False
R02903,G0553,1,2023-01-04,Monday,6,89,Leisure,Standard,BAR,159.54,957.24,6.7,Detractor,False
R02904,G0553,2,2023-03-03,Saturday,3,34,Leisure,Standard,BAR,163.33,489.99,7.8,Passive,False
R02905,G0554,1,2024-09-15,Tuesday,4,1,Bleisure,Standard,OTA Rate,139.56,558.24,5.1,Detractor,False
R02906,G0555,1,2023-03-22,Friday,7,18,Leisure,Junior Suite,Package,281.14,1967.98,7.4,Passive,False
R02907,G0555,2,2024-06-13,Friday,2,81,Business,Suite,Package,381.0,762.0,6.8,Detractor,False
R02908,G0556,1,2023-09-01,Monday,4,52,Leisure,Junior Suite,BAR,243.22,972.88,6.9,Detractor,False
R02909,G0556,2,2024-06-12,Saturday,5,90,Bleisure,Deluxe,Loyalty Rate,185.3,926.5,7.7,Passive,False
R02910,G0556,3,2023-06-03,Saturday,4,44,Bleisure,Junior Suite,Loyalty Rate,261.09,1044.36,9.1,Promoter,True
R02911,G0556,4,2024-05-12,Thursday,3,31,Business,Deluxe,Loyalty Rate,171.77,515.31,7.7,Passive,False
R02912,G0556,5,2023-12-30,Tuesday,4,37,Leisure,Suite,Loyalty Rate,357.78,1431.12,8.4,Passive,False
R02913,G0557,1,2024-03-04,Saturday,7,24,Leisure,Standard,OTA Rate,154.61,1082.27,5.7,Detractor,False
R02914,G0558,1,2024-08-28,Monday,3,21,Business,Deluxe,Corporate Rate,173.66,520.98,7.4,Passive,False
R02915,G0559,1,2024-09-27,Tuesday,7,17,Business,Deluxe,Corporate Rate,172.64,1208.48,7.3,Passive,False
R02916,G0559,2,2023-12-13,Thursday,7,20,Business,Deluxe,Corporate Rate,173.92,1217.44,8.6,Passive,False
R02917,G0560,1,2023-11-30,Friday,5,10,Leisure,Deluxe,OTA Rate,190.59,952.95,6.6,Detractor,False
R02918,G0560,2,2023-09-01,Monday,7,30,Leisure,Deluxe,OTA Rate,203.36,1423.52,7.5,Passive,False
R02919,G0560,3,2024-09-07,Saturday,5,28,Leisure,Deluxe,OTA Rate,196.29,981.45,7.1,Passive,False
R02920,G0560,4,2023-03-05,Saturday,7,15,Leisure,Deluxe,OTA Rate,191.61,1341.27,8.0,Passive,False
R02921,G0561,1,2024-04-02,Friday,5,77,Leisure,Junior Suite,BAR,242.17,1210.85,7.8,Passive,False
R02922,G0561,2,2023-10-18,Tuesday,3,79,Leisure,Junior Suite,Package,257.7,773.1,9.3,Promoter,False
R02923,G0561,3,2023-09-12,Friday,2,16,Leisure,Suite,BAR,374.03,748.06,8.5,Passive,False
R02924,G0561,4,2024-09-06,Saturday,4,86,Leisure,Suite,Loyalty Rate,374.92,1499.68,8.6,Passive,False
R02925,G0561,5,2023-04-19,Tuesday,4,67,Bleisure,Suite,Loyalty Rate,345.3,1381.2,8.8,Passive,True
R02926,G0561,6,2023-08-15,Monday,3,71,Bleisure,Junior Suite,Loyalty Rate,257.64,772.92,8.9,Passive,True
R02927,G0561,7,2023-11-05,Monday,1,76,Business,Deluxe,Loyalty Rate,176.32,176.32,8.6,Passive,False
R02928,G0561,8,2023-10-17,Sunday,7,39,Leisure,Junior Suite,Loyalty Rate,263.07,1841.49,8.9,Passive,False
R02929,G0561,9,2023-02-27,Sunday,4,85,Bleisure,Junior Suite,Loyalty Rate,247.07,988.28,10.0,Promoter,False
R02930,G0561,10,2024-01-08,Saturday,2,68,Leisure,Presidential Suite,Package,640.53,1281.06,9.5,Promoter,True
R02931,G0561,11,2024-11-04,Sunday,5,67,Leisure,Suite,BAR,370.36,1851.8,9.4,Promoter,True
R02932,G0561,12,2023-01-08,Saturday,2,17,Bleisure,Suite,BAR,341.18,682.36,8.3,Passive,False
R02933,G0561,13,2023-07-25,Monday,2,74,Business,Suite,BAR,342.88,685.76,8.0,Passive,False
R02934,G0561,14,2024-08-15,Thursday,5,85,Leisure,Junior Suite,Loyalty Rate,263.32,1316.6,9.5,Promoter,False
R02935,G0561,15,2023-09-06,Saturday,5,18,Leisure,Suite,Package,374.4,1872.0,9.4,Promoter,False
R02936,G0561,16,2024-07-13,Saturday,2,18,Bleisure,Junior Suite,BAR,252.55,505.1,9.9,Promoter,False
R02937,G0561,17,2023-04-06,Friday,1,19,Business,Deluxe,Loyalty Rate,169.81,169.81,8.2,Passive,False
R02938,G0561,18,2024-12-26,Thursday,1,41,Business,Presidential Suite,Loyalty Rate,629.08,629.08,8.5,Passive,True
R02939,G0561,19,2023-01-03,Sunday,6,85,Leisure,Suite,BAR,376.8,2260.8,7.4,Passive,False
R02940,G0561,20,2023-03-06,Saturday,6,52,Leisure,Junior Suite,Package,251.65,1509.9,8.4,Passive,False
R02941,G0562,1,2024-02-27,Friday,3,24,Leisure,Junior Suite,OTA Rate,288.62,865.86,7.5,Passive,False
R02942,G0562,2,2023-05-19,Saturday,4,17,Leisure,Deluxe,OTA Rate,187.88,751.52,6.6,Detractor,False
R02943,G0562,3,2023-07-10,Friday,4,16,Leisure,Standard,OTA Rate,151.18,604.72,7.5,Passive,False
R02944,G0563,1,2024-02-27,Sunday,4,15,Bleisure,Deluxe,OTA Rate,188.1,752.4,6.5,Detractor,False
R02945,G0563,2,2024-12-01,Saturday,6,27,Leisure,Standard,OTA Rate,141.72,850.32,7.3,Passive,False
R02946,G0563,3,2024-08-31,Friday,2,22,Leisure,Deluxe,OTA Rate,195.35,390.7,6.1,Detractor,False
R02947,G0564,1,2023-11-06,Saturday,6,81,Leisure,Deluxe,BAR,216.88,1301.28,7.3,Passive,False
R02948,G0564,2,2023-09-21,Saturday,7,56,Leisure,Deluxe,Package,198.91,1392.37,5.1,Detractor,False
R02949,G0564,3,2024-03-23,Saturday,7,49,Leisure,Standard,BAR,150.02,1050.14,7.4,Passive,False
R02950,G0564,4,2024-08-20,Sunday,6,48,Leisure,Junior Suite,BAR,281.39,1688.34,6.2,Detractor,False
R02951,G0564,5,2024-11-14,Friday,7,37,Leisure,Suite,BAR,426.37,2984.59,8.5,Passive,True
R02952,G0565,1,2024-10-27,Sunday,3,9,Leisure,Standard,OTA Rate,146.58,439.74,6.9,Detractor,False
R02953,G0566,1,2023-07-10,Thursday,4,18,Leisure,Junior Suite,Corporate Rate,244.78,979.12,7.6,Passive,False
R02954,G0566,2,2023-02-24,Saturday,4,19,Leisure,Deluxe,Corporate Rate,177.51,710.04,8.7,Passive,False
R02955,G0566,3,2024-06-17,Friday,3,11,Leisure,Junior Suite,Corporate Rate,232.35,697.05,6.7,Detractor,False
R02956,G0566,4,2024-01-30,Sunday,6,15,Bleisure,Junior Suite,Corporate Rate,241.78,1450.68,8.9,Passive,False
R02957,G0566,5,2024-01-16,Friday,7,3,Bleisure,Standard,Corporate Rate,124.45,871.15,8.2,Passive,False
R02958,G0567,1,2023-03-10,Tuesday,5,75,Leisure,Junior Suite,BAR,275.74,1378.7,7.0,Passive,False
R02959,G0567,2,2024-09-08,Sunday,3,35,Bleisure,Deluxe,BAR,192.26,576.78,8.4,Passive,False
R02960,G0567,3,2024-03-20,Sunday,4,36,Bleisure,Standard,BAR,143.51,574.04,6.6,Detractor,False
R02961,G0568,1,2024-12-02,Friday,5,28,Leisure,Deluxe,OTA Rate,184.39,921.95,5.6,Detractor,False
R02962,G0568,2,2023-11-30,Saturday,4,26,Bleisure,Deluxe,OTA Rate,192.76,771.04,6.1,Detractor,False
R02963,G0569,1,2023-04-14,Tuesday,3,13,Business,Standard,Corporate Rate,120.51,361.53,6.4,Detractor,False
R02964,G0570,1,2023-09-27,Sunday,7,78,Leisure,Suite,BAR,404.39,2830.73,6.0,Detractor,False
R02965,G0570,2,2024-12-28,Wednesday,7,20,Leisure,Junior Suite,BAR,273.61,1915.27,8.1,Passive,False
R02966,G0571,1,2023-04-09,Monday,3,78,Business,Deluxe,BAR,213.63,640.89,7.0,Passive,False
R02967,G0571,2,2023-02-14,Monday,3,24,Business,Deluxe,BAR,215.92,647.76,7.8,Passive,False
R02968,G0571,3,2024-11-01,Sunday,6,66,Leisure,Deluxe,BAR,199.01,1194.06,7.0,Passive,False
R02969,G0571,4,2023-05-16,Saturday,4,68,Leisure,Standard,BAR,148.03,592.12,6.0,Detractor,False
R02970,G0571,5,2023-11-21,Friday,3,19,Leisure,Deluxe,Promotional,207.78,623.34,7.7,Passive,False
R02971,G0572,1,2024-05-05,Saturday,4,29,Leisure,Standard,BAR,141.79,567.16,5.3,Detractor,False
R02972,G0572,2,2023-06-06,Sunday,2,65,Leisure,Deluxe,BAR,199.17,398.34,7.0,Passive,False
R02973,G0573,1,2023-07-25,Tuesday,5,8,Leisure,Suite,OTA Rate,375.12,1875.6,5.6,Detractor,False
R02974,G0573,2,2023-10-18,Wednesday,2,10,Business,Standard,OTA Rate,138.76,277.52,8.6,Passive,True
R02975,G0573,3,2024-02-26,Sunday,3,8,Bleisure,Standard,OTA Rate,138.75,416.25,7.7,Passive,False
R02976,G0573,4,2024-02-28,Friday,2,14,Leisure,Deluxe,OTA Rate,189.56,379.12,7.1,Passive,False
R02977,G0574,1,2023-11-30,Tuesday,5,27,Leisure,Junior Suite,BAR,302.37,1511.85,8.2,Passive,False
R02978,G0574,2,2023-02-28,Saturday,3,21,Bleisure,Suite,BAR,423.84,1271.52,6.8,Detractor,False
R02979,G0575,1,2024-12-02,Saturday,6,19,Leisure,Standard,OTA Rate,146.04,876.24,6.7,Detractor,False
R02980,G0576,1,2023-03-19,Sunday,2,23,Leisure,Suite,OTA Rate,411.14,822.28,8.1,Passive,False
R02981,G0576,2,2024-04-09,Saturday,3,8,Leisure,Junior Suite,OTA Rate,285.54,856.62,8.4,Passive,False
R02982,G0576,3,2024-08-11,Saturday,3,1,Leisure,Suite,OTA Rate,386.3,1158.9,9.2,Promoter,True
R02983,G0576,4,2024-08-19,Sunday,5,11,Leisure,Suite,OTA Rate,369.99,1849.95,8.8,Passive,True
R02984,G0576,5,2023-10-31,Friday,3,17,Business,Junior Suite,OTA Rate,262.04,786.12,8.4,Passive,False
R02985,G0576,6,2023-06-30,Thursday,4,21,Bleisure,Presidential Suite,OTA Rate,673.15,2692.6,6.9,Detractor,False
R02986,G0576,7,2023-04-24,Tuesday,2,10,Leisure,Deluxe,OTA Rate,203.12,406.24,7.4,Passive,False
R02987,G0576,8,2023-03-08,Thursday,2,25,Bleisure,Junior Suite,OTA Rate,258.49,516.98,8.1,Passive,False
R02988,G0576,9,2023-08-15,Tuesday,2,24,Business,Junior Suite,OTA Rate,292.24,584.48,8.3,Passive,False
R02989,G0576,10,2023-07-27,Monday,5,23,Leisure,Suite,OTA Rate,403.38,2016.9,7.3,Passive,False
R02990,G0576,11,2023-07-18,Sunday,2,19,Leisure,Suite,OTA Rate,413.75,827.5,10.0,Promoter,True
R02991,G0576,12,2023-09-27,Friday,1,21,Business,Suite,OTA Rate,372.05,372.05,9.4,Promoter,True
R02992,G0576,13,2023-10-04,Tuesday,3,11,Bleisure,Suite,OTA Rate,412.41,1237.23,8.7,Passive,True
R02993,G0576,14,2024-11-27,Thursday,3,30,Leisure,Presidential Suite,OTA Rate,717.57,2152.71,8.3,Passive,False
R02994,G0576,15,2024-04-26,Wednesday,3,12,Business,Junior Suite,OTA Rate,260.61,781.83,8.0,Passive,False
R02995,G0576,16,2024-01-23,Friday,4,20,Leisure,Deluxe,OTA Rate,207.7,830.8,7.4,Passive,False
R02996,G0576,17,2023-08-31,Saturday,3,1,Leisure,Suite,OTA Rate,370.67,1112.01,8.3,Passive,False
R02997,G0576,18,2023-02-28,Saturday,6,3,Leisure,Suite,OTA Rate,398.54,2391.24,8.4,Passive,False
R02998,G0576,19,2024-07-15,Thursday,1,16,Business,Suite,OTA Rate,418.69,418.69,7.2,Passive,False
R02999,G0577,1,2024-01-20,Wednesday,3,11,Business,Junior Suite,Corporate Rate,224.4,673.2,8.1,Passive,False
R03000,G0577,2,2023-12-25,Saturday,4,14,Bleisure,Suite,Corporate Rate,358.27,1433.08,8.0,Passive,False
R03001,G0577,3,2023-12-09,Friday,2,17,Business,Standard,Corporate Rate,126.61,253.22,6.6,Detractor,False
R03002,G0577,4,2024-01-27,Monday,4,15,Bleisure,Deluxe,Corporate Rate,159.45,637.8,7.4,Passive,False
R03003,G0577,5,2024-07-04,Friday,3,8,Bleisure,Junior Suite,Corporate Rate,239.41,718.23,7.8,Passive,False
R03004,G0577,6,2023-06-13,Thursday,3,15,Business,Suite,Corporate Rate,351.88,1055.64,9.6,Promoter,True
R03005,G0577,7,2024-07-28,Friday,1,6,Business,Standard,Corporate Rate,128.23,128.23,8.5,Passive,False
R03006,G0577,8,2023-08-14,Monday,3,5,Business,Junior Suite,Corporate Rate,246.76,740.28,7.0,Passive,False
R03007,G0577,9,2023-01-04,Monday,5,4,Bleisure,Standard,Corporate Rate,122.12,610.6,8.5,Passive,True
R03008,G0578,1,2024-12-07,Wednesday,2,12,Bleisure,Junior Suite,OTA Rate,285.78,571.56,5.1,Detractor,False
R03009,G0578,2,2024-11-13,Friday,5,28,Leisure,Deluxe,OTA Rate,184.37,921.85,7.5,Passive,False
R03010,G0579,1,2023-10-12,Friday,7,7,Bleisure,Presidential Suite,Corporate Rate,566.23,3963.61,8.0,Passive,False
R03011,G0579,2,2024-07-30,Wednesday,7,15,Business,Junior Suite,Corporate Rate,223.99,1567.93,8.6,Passive,True
R03012,G0579,3,2023-07-27,Saturday,6,21,Business,Suite,Corporate Rate,358.72,2152.32,9.8,Promoter,False
R03013,G0579,4,2023-06-02,Friday,4,14,Business,Junior Suite,Corporate Rate,247.07,988.28,7.7,Passive,False
R03014,G0579,5,2024-08-05,Saturday,7,8,Leisure,Junior Suite,Corporate Rate,224.56,1571.92,7.6,Passive,False
R03015,G0579,6,2024-01-01,Wednesday,7,16,Business,Suite,Corporate Rate,326.75,2287.25,8.2,Passive,False
R03016,G0579,7,2024-07-08,Monday,6,18,Business,Junior Suite,Corporate Rate,235.73,1414.38,9.5,Promoter,False
R03017,G0579,8,2024-05-26,Tuesday,7,13,Business,Suite,Corporate Rate,331.45,2320.15,7.5,Passive,False
R03018,G0579,9,2024-07-03,Tuesday,7,18,Business,Suite,Corporate Rate,326.28,2283.96,6.4,Detractor,False
R03019,G0579,10,2023-05-29,Sunday,3,15,Bleisure,Presidential Suite,Corporate Rate,588.96,1766.88,8.3,Passive,False
R03020,G0579,11,2024-08-14,Tuesday,3,21,Business,Deluxe,Corporate Rate,167.56,502.68,9.1,Promoter,False
R03021,G0579,12,2023-07-13,Tuesday,4,5,Business,Junior Suite,Corporate Rate,238.69,954.76,9.7,Promoter,False
R03022,G0579,13,2023-02-10,Tuesday,7,18,Business,Junior Suite,Corporate Rate,229.77,1608.39,8.3,Passive,False
R03023,G0579,14,2023-12-06,Thursday,4,11,Business,Suite,Corporate Rate,357.35,1429.4,8.4,Passive,False
R03024,G0579,15,2023-09-17,Monday,7,8,Business,Junior Suite,Corporate Rate,247.04,1729.28,9.6,Promoter,False
R03025,G0579,16,2023-10-25,Tuesday,7,8,Bleisure,Suite,Corporate Rate,324.68,2272.76,7.2,Passive,False
R03026,G0580,1,2023-08-15,Wednesday,3,76,Business,Junior Suite,Package,259.28,777.84,8.1,Passive,False
R03027,G0580,2,2024-08-04,Saturday,5,68,Leisure,Suite,BAR,341.36,1706.8,8.9,Passive,True
R03028,G0580,3,2024-05-08,Friday,5,120,Leisure,Suite,Loyalty Rate,351.15,1755.75,9.1,Promoter,True
R03029,G0580,4,2023-05-09,Wednesday,7,61,Leisure,Junior Suite,Loyalty Rate,262.96,1840.72,8.3,Passive,False
R03030,G0580,5,2023-03-20,Tuesday,2,25,Business,Presidential Suite,Loyalty Rate,661.86,1323.72,8.7,Passive,True
R03031,G0580,6,2024-09-25,Monday,3,69,Bleisure,Suite,Package,357.13,1071.39,6.7,Detractor,False
R03032,G0580,7,2023-12-27,Wednesday,6,53,Leisure,Deluxe,BAR,177.25,1063.5,8.2,Passive,False
R03033,G0580,8,2024-01-22,Saturday,2,87,Leisure,Suite,Loyalty Rate,355.1,710.2,9.1,Promoter,False
R03034,G0580,9,2023-08-22,Saturday,4,55,Leisure,Suite,Loyalty Rate,367.75,1471.0,7.9,Passive,False
R03035,G0580,10,2023-01-17,Sunday,5,54,Bleisure,Suite,Loyalty Rate,372.73,1863.65,8.7,Passive,True
R03036,G0580,11,2023-01-02,Wednesday,1,85,Business,Suite,BAR,355.73,355.73,9.1,Promoter,False
R03037,G0580,12,2024-09-29,Wednesday,3,118,Leisure,Suite,BAR,348.94,1046.82,8.4,Passive,False
R03038,G0580,13,2024-04-04,Friday,6,60,Leisure,Suite,Package,342.24,2053.44,8.8,Passive,True
R03039,G0580,14,2024-05-26,Monday,2,68,Business,Junior Suite,BAR,261.44,522.88,7.9,Passive,False
R03040,G0580,15,2024-02-26,Sunday,3,70,Bleisure,Deluxe,Package,175.8,527.4,8.5,Passive,True
R03041,G0580,16,2024-03-02,Monday,3,36,Leisure,Suite,Loyalty Rate,349.15,1047.45,9.2,Promoter,True
R03042,G0580,17,2024-12-27,Tuesday,3,93,Leisure,Junior Suite,Loyalty Rate,261.15,783.45,8.8,Passive,False
R03043,G0580,18,2023-09-10,Thursday,5,70,Leisure,Presidential Suite,Package,650.17,3250.85,8.2,Passive,False
R03044,G0580,19,2023-12-15,Thursday,7,27,Leisure,Suite,Loyalty Rate,341.17,2388.19,8.9,Passive,False
R03045,G0580,20,2024-08-07,Sunday,2,77,Leisure,Suite,BAR,343.47,686.94,9.3,Promoter,True
R03046,G0581,1,2023-05-17,Wednesday,3,24,Business,Suite,Loyalty Rate,345.95,1037.85,6.8,Detractor,False
R03047,G0581,2,2023-10-26,Friday,5,22,Leisure,Junior Suite,Loyalty Rate,254.1,1270.5,9.6,Promoter,True
R03048,G0581,3,2024-11-11,Friday,4,48,Leisure,Deluxe,Loyalty Rate,173.07,692.28,8.4,Passive,False
R03049,G0581,4,2024-02-06,Saturday,3,80,Bleisure,Junior Suite,Package,259.47,778.41,9.0,Promoter,True
R03050,G0581,5,2024-03-17,Sunday,6,28,Leisure,Junior Suite,BAR,255.76,1534.56,9.7,Promoter,False
R03051,G0581,6,2024-07-15,Monday,2,36,Business,Suite,Loyalty Rate,346.26,692.52,7.6,Passive,False
R03052,G0581,7,2023-03-29,Sunday,7,27,Leisure,Suite,Loyalty Rate,362.41,2536.87,8.1,Passive,False
R03053,G0581,8,2024-09-14,Tuesday,2,50,Bleisure,Standard,Loyalty Rate,138.8,277.6,8.5,Passive,False
R03054,G0581,9,2024-12-11,Sunday,6,38,Leisure,Suite,Loyalty Rate,345.87,2075.22,8.1,Passive,False
R03055,G0581,10,2023-11-26,Friday,1,17,Business,Deluxe,Loyalty Rate,170.0,170.0,10.0,Promoter,True
R03056,G0581,11,2024-06-02,Saturday,5,78,Leisure,Suite,BAR,355.24,1776.2,8.0,Passive,False
R03057,G0581,12,2024-10-01,Monday,3,73,Bleisure,Deluxe,BAR,171.63,514.89,8.3,Passive,False
R03058,G0581,13,2024-11-08,Sunday,4,27,Bleisure,Presidential Suite,Loyalty Rate,613.24,2452.96,8.9,Passive,False
R03059,G0581,14,2023-05-07,Sunday,3,33,Leisure,Suite,BAR,340.16,1020.48,7.7,Passive,False
R03060,G0581,15,2023-04-08,Monday,2,31,Business,Junior Suite,Loyalty Rate,260.27,520.54,8.4,Passive,False
R03061,G0581,16,2024-06-30,Sunday,3,51,Leisure,Deluxe,Loyalty Rate,183.38,550.14,9.0,Promoter,True
R03062,G0582,1,2023-05-09,Saturday,6,6,Bleisure,Suite,OTA Rate,391.8,2350.8,6.4,Detractor,False
R03063,G0582,2,2023-03-25,Sunday,3,5,Leisure,Deluxe,OTA Rate,207.33,621.99,6.9,Detractor,False
R03064,G0582,3,2023-09-17,Friday,5,27,Leisure,Deluxe,OTA Rate,193.04,965.2,6.6,Detractor,False
R03065,G0582,4,2023-11-15,Saturday,7,21,Leisure,Presidential Suite,OTA Rate,727.92,5095.44,5.8,Detractor,False
R03066,G0582,5,2024-11-07,Friday,7,23,Leisure,Deluxe,OTA Rate,195.23,1366.61,7.3,Passive,False
R03067,G0583,1,2023-02-23,Saturday,5,76,Leisure,Suite,BAR,405.91,2029.55,8.2,Passive,False
R03068,G0584,1,2023-12-13,Tuesday,3,3,Business,Deluxe,Corporate Rate,163.55,490.65,7.8,Passive,False
R03069,G0584,2,2023-02-06,Friday,3,18,Bleisure,Presidential Suite,Corporate Rate,569.31,1707.93,8.3,Passive,False
R03070,G0584,3,2024-04-18,Tuesday,4,16,Bleisure,Deluxe,Corporate Rate,176.82,707.28,8.7,Passive,True
R03071,G0584,4,2024-11-13,Saturday,7,8,Leisure,Junior Suite,Corporate Rate,246.75,1727.25,7.1,Passive,False
R03072,G0584,5,2024-12-27,Saturday,4,10,Bleisure,Junior Suite,Corporate Rate,226.08,904.32,9.5,Promoter,False
R03073,G0585,1,2024-06-07,Sunday,7,45,Leisure,Presidential Suite,Package,745.53,5218.71,7.4,Passive,False
R03074,G0585,2,2024-04-15,Friday,2,82,Leisure,Suite,Package,381.43,762.86,8.8,Passive,True
R03075,G0585,3,2023-08-26,Sunday,3,31,Bleisure,Deluxe,Package,206.33,618.99,6.9,Detractor,False
R03076,G0586,1,2023-03-14,Saturday,7,88,Leisure,Deluxe,Package,208.48,1459.36,8.3,Passive,False
R03077,G0587,1,2023-11-23,Saturday,7,58,Leisure,Standard,Loyalty Rate,139.38,975.66,8.4,Passive,False
R03078,G0587,2,2024-11-02,Wednesday,7,84,Business,Suite,Package,361.75,2532.25,8.5,Passive,False
R03079,G0587,3,2024-09-16,Sunday,5,72,Leisure,Deluxe,Loyalty Rate,188.22,941.1,8.3,Passive,False
R03080,G0587,4,2023-05-09,Thursday,5,88,Leisure,Deluxe,BAR,185.53,927.65,7.9,Passive,False
R03081,G0588,1,2024-07-19,Friday,3,34,Bleisure,Suite,BAR,399.2,1197.6,8.2,Passive,False
R03082,G0588,2,2023-07-20,Sunday,7,18,Leisure,Junior Suite,Package,279.74,1958.18,7.6,Passive,False
R03083,G0588,3,2023-04-09,Wednesday,7,59,Leisure,Standard,Package,162.2,1135.4,5.9,Detractor,False
R03084,G0588,4,2023-04-12,Tuesday,2,57,Business,Standard,BAR,160.78,321.56,6.6,Detractor,False
R03085,G0588,5,2024-03-15,Thursday,3,15,Business,Suite,BAR,380.87,1142.61,7.4,Passive,False
R03086,G0589,1,2023-03-08,Wednesday,4,10,Business,Deluxe,Corporate Rate,167.55,670.2,7.4,Passive,False
R03087,G0589,2,2024-12-19,Wednesday,3,9,Business,Suite,Corporate Rate,352.16,1056.48,7.5,Passive,False
R03088,G0589,3,2023-06-26,Thursday,4,19,Business,Standard,Corporate Rate,120.14,480.56,8.5,Passive,False
R03089,G0590,1,2024-06-22,Saturday,6,43,Leisure,Deluxe,Promotional,209.19,1255.14,5.6,Detractor,False
R03090,G0590,2,2024-11-29,Friday,3,29,Leisure,Standard,BAR,158.29,474.87,7.6,Passive,False
R03091,G0591,1,2024-08-18,Saturday,5,23,Leisure,Standard,Package,162.87,814.35,5.7,Detractor,False
R03092,G0591,2,2023-09-02,Tuesday,7,78,Leisure,Deluxe,Promotional,190.66,1334.62,8.1,Passive,False
R03093,G0591,3,2024-03-18,Friday,6,17,Leisure,Standard,Package,153.45,920.7,7.4,Passive,False
R03094,G0591,4,2024-06-05,Thursday,5,84,Leisure,Suite,Package,419.6,2098.0,7.8,Passive,False
R03095,G0592,1,2023-02-15,Friday,4,46,Bleisure,Standard,Loyalty Rate,127.33,509.32,7.7,Passive,False
R03096,G0592,2,2024-06-14,Friday,7,74,Leisure,Suite,BAR,364.38,2550.66,9.7,Promoter,True
R03097,G0592,3,2023-03-07,Saturday,5,40,Leisure,Suite,Package,350.33,1751.65,9.5,Promoter,False
R03098,G0592,4,2024-11-11,Wednesday,5,53,Leisure,Deluxe,Loyalty Rate,176.34,881.7,9.2,Promoter,False
R03099,G0592,5,2023-01-22,Friday,3,51,Leisure,Deluxe,Loyalty Rate,175.84,527.52,8.6,Passive,True
R03100,G0592,6,2024-04-11,Tuesday,7,32,Leisure,Suite,Loyalty Rate,348.41,2438.87,9.2,Promoter,False
R03101,G0592,7,2024-03-09,Sunday,5,24,Leisure,Suite,BAR,342.21,1711.05,8.1,Passive,False
R03102,G0592,8,2024-06-19,Saturday,7,84,Leisure,Suite,BAR,373.02,2611.14,9.4,Promoter,True
R03103,G0593,1,2024-03-09,Friday,4,22,Leisure,Junior Suite,Loyalty Rate,255.46,1021.84,9.7,Promoter,True
R03104,G0593,2,2023-08-07,Tuesday,6,42,Leisure,Suite,BAR,371.07,2226.42,9.6,Promoter,True
R03105,G0593,3,2024-06-02,Monday,4,28,Leisure,Suite,Loyalty Rate,368.65,1474.6,8.1,Passive,False
R03106,G0593,4,2024-02-24,Saturday,2,72,Leisure,Suite,Loyalty Rate,343.68,687.36,9.0,Promoter,False
R03107,G0593,5,2024-12-03,Saturday,3,65,Business,Suite,BAR,340.75,1022.25,7.7,Passive,False
R03108,G0593,6,2024-10-03,Tuesday,5,54,Leisure,Suite,BAR,375.35,1876.75,9.2,Promoter,True
R03109,G0593,7,2024-07-06,Thursday,5,31,Leisure,Standard,Package,138.98,694.9,9.1,Promoter,False
R03110,G0593,8,2023-08-30,Friday,7,86,Leisure,Junior Suite,Loyalty Rate,248.61,1740.27,7.2,Passive,False
R03111,G0593,9,2024-06-12,Friday,5,15,Bleisure,Deluxe,Loyalty Rate,178.47,892.35,7.8,Passive,False
R03112,G0593,10,2024-10-12,Tuesday,2,85,Business,Suite,Loyalty Rate,366.55,733.1,8.5,Passive,True
R03113,G0593,11,2024-11-29,Saturday,3,54,Leisure,Junior Suite,Package,260.85,782.55,8.5,Passive,True
R03114,G0593,12,2024-06-12,Saturday,5,73,Leisure,Suite,BAR,360.12,1800.6,7.7,Passive,False
R03115,G0593,13,2024-08-24,Wednesday,7,31,Leisure,Presidential Suite,BAR,647.43,4532.01,9.0,Promoter,True
R03116,G0593,14,2023-02-09,Tuesday,7,15,Leisure,Presidential Suite,Loyalty Rate,647.0,4529.0,8.9,Passive,True
R03117,G0593,15,2023-03-11,Saturday,4,65,Leisure,Deluxe,Loyalty Rate,182.46,729.84,8.5,Passive,True
R03118,G0593,16,2023-01-16,Thursday,2,53,Leisure,Suite,Loyalty Rate,342.41,684.82,8.1,Passive,False
R03119,G0593,17,2024-03-04,Thursday,5,30,Bleisure,Suite,Loyalty Rate,376.94,1884.7,9.5,Promoter,True
R03120,G0593,18,2024-12-13,Saturday,5,24,Bleisure,Deluxe,Loyalty Rate,171.49,857.45,10.0,Promoter,True
R03121,G0593,19,2023-01-15,Monday,2,20,Business,Suite,BAR,348.09,696.18,8.3,Passive,False
R03122,G0594,1,2023-01-30,Tuesday,6,81,Leisure,Suite,BAR,358.42,2150.52,7.9,Passive,False
R03123,G0594,2,2023-09-20,Saturday,4,21,Leisure,Junior Suite,Package,251.47,1005.88,9.1,Promoter,True
R03124,G0594,3,2024-04-20,Saturday,7,89,Leisure,Suite,Loyalty Rate,372.73,2609.11,8.4,Passive,False
R03125,G0594,4,2023-06-14,Monday,6,27,Leisure,Presidential Suite,BAR,598.29,3589.74,8.6,Passive,True
R03126,G0594,5,2023-10-23,Thursday,5,62,Leisure,Suite,Loyalty Rate,370.56,1852.8,9.3,Promoter,True
R03127,G0594,6,2024-01-12,Sunday,5,16,Leisure,Junior Suite,Loyalty Rate,258.32,1291.6,7.2,Passive,False
R03128,G0594,7,2023-10-05,Sunday,6,74,Leisure,Junior Suite,Package,259.3,1555.8,9.8,Promoter,False
R03129,G0594,8,2023-12-05,Tuesday,4,40,Leisure,Deluxe,Package,174.28,697.12,8.8,Passive,False
R03130,G0594,9,2023-04-27,Sunday,4,17,Leisure,Junior Suite,Loyalty Rate,244.06,976.24,8.4,Passive,False
R03131,G0595,1,2024-02-16,Wednesday,2,12,Leisure,Junior Suite,OTA Rate,263.08,526.16,6.2,Detractor,False
R03132,G0595,2,2024-11-22,Wednesday,5,26,Bleisure,Junior Suite,OTA Rate,280.4,1402.0,6.6,Detractor,False
R03133,G0596,1,2023-09-08,Friday,3,20,Bleisure,Deluxe,Corporate Rate,161.91,485.73,6.4,Detractor,False
R03134,G0596,2,2024-03-10,Thursday,1,13,Business,Junior Suite,Corporate Rate,240.53,240.53,9.3,Promoter,False
R03135,G0596,3,2023-11-15,Monday,3,5,Business,Junior Suite,Corporate Rate,246.94,740.82,8.1,Passive,False
R03136,G0596,4,2023-12-04,Tuesday,2,20,Business,Presidential Suite,Corporate Rate,587.26,1174.52,8.5,Passive,True
R03137,G0596,5,2024-10-18,Monday,1,11,Business,Suite,Corporate Rate,342.36,342.36,8.9,Passive,False
R03138,G0596,6,2023-11-15,Wednesday,3,7,Leisure,Deluxe,Corporate Rate,170.25,510.75,7.3,Passive,False
R03139,G0596,7,2024-08-30,Tuesday,1,9,Business,Suite,Corporate Rate,348.6,348.6,8.5,Passive,False
R03140,G0596,8,2024-10-22,Wednesday,2,3,Business,Suite,Corporate Rate,338.98,677.96,7.9,Passive,False
R03141,G0596,9,2023-02-16,Saturday,2,21,Bleisure,Junior Suite,Corporate Rate,248.08,496.16,8.8,Passive,False
R03142,G0597,1,2023-08-05,Thursday,2,7,Business,Junior Suite,Corporate Rate,231.03,462.06,6.7,Detractor,False
R03143,G0597,2,2024-12-19,Wednesday,2,12,Business,Suite,Corporate Rate,330.11,660.22,8.6,Passive,True
R03144,G0597,3,2024-08-24,Tuesday,2,4,Business,Standard,Corporate Rate,119.33,238.66,8.2,Passive,False
R03145,G0597,4,2024-08-04,Wednesday,1,15,Business,Junior Suite,Corporate Rate,235.32,235.32,9.0,Promoter,False
R03146,G0597,5,2024-11-18,Thursday,1,18,Business,Suite,Corporate Rate,328.29,328.29,9.1,Promoter,False
R03147,G0597,6,2024-07-29,Wednesday,2,15,Business,Standard,Corporate Rate,120.7,241.4,8.1,Passive,False
R03148,G0597,7,2023-05-05,Friday,1,17,Business,Deluxe,Corporate Rate,166.37,166.37,8.1,Passive,False
R03149,G0597,8,2023-12-29,Saturday,2,5,Bleisure,Suite,Corporate Rate,321.61,643.22,8.6,Passive,False
R03150,G0597,9,2024-09-21,Saturday,3,11,Bleisure,Suite,Corporate Rate,336.77,1010.31,8.0,Passive,False
R03151,G0597,10,2023-05-27,Monday,3,6,Business,Suite,Corporate Rate,331.04,993.12,9.4,Promoter,True
R03152,G0597,11,2024-02-08,Wednesday,4,4,Bleisure,Suite,Corporate Rate,328.42,1313.68,8.4,Passive,False
R03153,G0597,12,2024-11-27,Saturday,4,10,Leisure,Suite,Corporate Rate,343.04,1372.16,6.4,Detractor,False
R03154,G0597,13,2024-06-27,Tuesday,1,17,Business,Suite,Corporate Rate,333.46,333.46,8.4,Passive,False
R03155,G0597,14,2024-12-03,Friday,5,21,Leisure,Presidential Suite,Corporate Rate,599.04,2995.2,7.9,Passive,False
R03156,G0597,15,2023-09-26,Thursday,3,14,Business,Suite,Corporate Rate,333.33,999.99,7.4,Passive,False
R03157,G0597,16,2024-04-12,Sunday,3,17,Bleisure,Suite,Corporate Rate,348.15,1044.45,7.7,Passive,False
R03158,G0597,17,2024-05-19,Thursday,3,17,Bleisure,Suite,Corporate Rate,340.31,1020.93,8.8,Passive,True
R03159,G0597,18,2023-05-29,Thursday,2,8,Leisure,Junior Suite,Corporate Rate,250.12,500.24,9.8,Promoter,True
R03160,G0597,19,2024-11-12,Friday,2,17,Leisure,Junior Suite,Corporate Rate,245.96,491.92,9.0,Promoter,False
R03161,G0597,20,2024-11-13,Monday,3,15,Business,Junior Suite,Corporate Rate,233.43,700.29,8.2,Passive,False
R03162,G0597,21,2023-03-24,Tuesday,3,5,Business,Presidential Suite,Corporate Rate,626.64,1879.92,9.1,Promoter,True
R03163,G0597,22,2023-05-20,Saturday,3,4,Bleisure,Suite,Corporate Rate,345.13,1035.39,8.3,Passive,False
R03164,G0598,1,2024-11-26,Saturday,3,81,Leisure,Presidential Suite,Promotional,710.43,2131.29,6.6,Detractor,False
R03165,G0598,2,2024-03-06,Saturday,3,40,Leisure,Deluxe,BAR,196.96,590.88,6.6,Detractor,False
R03166,G0599,1,2023-08-23,Sunday,5,9,Bleisure,Junior Suite,Corporate Rate,226.92,1134.6,5.4,Detractor,False
R03167,G0599,2,2024-03-27,Monday,2,21,Business,Standard,Corporate Rate,131.49,262.98,6.8,Detractor,False
R03168,G0600,1,2023-12-19,Monday,2,1,Business,Deluxe,OTA Rate,202.65,405.3,6.4,Detractor,False
R03169,G0600,2,2023-03-11,Sunday,4,23,Bleisure,Deluxe,OTA Rate,207.82,831.28,6.5,Detractor,False
